subject,body,label,category
Lunch on Monday?,"Hello Tomasz, Are you free for lunch on Wednesday? Topics: Q4 budget, hiring plan and the Wrocław warehouse. Cheers, Tomasz This is an automated message. Please do not reply to this email.",0,meeting
Invitation: weekly sync @ Thursday 10:00,"Hi, Here is the agenda for Wednesday's meeting. I'll book a table for 12:30. Thanks, Laura You are receiving this email because you have an account with us.",0,meeting
Please sign: urgent agreement,"Hello Paweł,
You have received a document that requires your signature via DocuSign.
Sign in with your email password to access the document.
Access document: http://secure-login.example/v/415
Adobe Sign",1,esign
Lunch on Wednesday?,"Hi, Are you free for lunch on Thursday? I'll book a table for 12:30. Cheers, Sarah Sent from my iPhone",0,meeting
URGENT: your account will be suspended,"Dear customer,
Due to a recent security update, all users must verify their accounts.
Failure to verify will result in deactivation of your account.
Verify your account now: https://portal.example/l/842
your company account Security Team
To manage your notification settings, visit your account preferences.",1,account_security
Agenda for Friday,"Hello,
Here is the agenda for Wednesday's meeting.
I'll book a table for 12:30.
Thanks, Kasia
Privacy Statement | Terms of Use",0,meeting
Updated bank details - invoice 107212,"Hello Olga,
Please note our bank account has changed due to an audit.
Please process the payment urgently to avoid legal action and late fees.
Please treat this as urgent and confidential.
Anna Brown
This is an automated message. Please do not reply to this email.",1,invoice_order
Reminder: benefits enrolment closes on Wednesday,"Hello Anna, Your payslip for May is now available in the HR portal. Details are available in the HR portal. People & Culture, Adria Trade Sent from my iPhone",0,payroll_hr
Urgent request - confidential,"Hi,
I need you to handle a confidential task for me.
Please buy 5 gift cards of 100 EUR each for a client and send me the codes.
It's urgent.
Sent from my iPhone",1,ceo_fraud
Julia Kowalski shared a folder with you,"Dear customer,
Here is the file we discussed in today's meeting.
Message from Sarah: here are the notes from Wednesday, feel free to add comments.
Open
You are receiving this email because you have an account with us.",0,file_share
Your receipt from Kestrel Systems,"Hello David,
Thank you for your order 29229.
Delivery is planned for Friday.
No action is needed.
Accounts Receivable, Contoso
This is an automated message. Please do not reply to this email.",0,invoice_order
Are you available?,"Hi,
Hi Laura, are you at your desk? I need a quick favour.
Please buy 5 gift cards of 100 EUR each for a client and send me the codes.
Reply to me directly, not to my office email.
Thanks",1,ceo_fraud
Action required: MFA re-enrolment,"Dear user,
Due to a system upgrade, all users must re-register multi-factor authentication.
Incoming messages will be rejected unless you verify your account.
Keep current password: http://secure-login.example/v/325
IT Helpdesk
This email and any attachments are confidential and intended solely for the addressee.",1,it_notice
Your password will expire in 30 days,"Dear customer,
Planned maintenance of the file server will take place on Monday from 22:00 to 23:00.
You can change it any time via the usual self-service portal.
No action is needed from you.
IT Service Desk
Sent from my iPhone",0,it_notice
Please sign: urgent agreement,"Dear user, You have received a document that requires your signature via DocuSign. Sign in with your email password to access the document. Review and sign: https://portal.example/l/753 You are receiving this email because you have an account with us.",1,esign
Unpaid customs fee for shipment 878278,"Your UPS parcel is on hold due to an unpaid shipping fee.

Please confirm your address and card details to release the parcel.

Pay now: https://portal.example/l/428

Customer Support

You are receiving this email because you have an account with us.",1,delivery
Reminder: benefits enrolment closes on Wednesday,"Hello,

Open enrolment for health benefits closes on Wednesday.

Details are available in the HR portal.

Best regards, HR Team

This is an automated message. Please do not reply to this email.",0,payroll_hr
HR: confirm your bank account before payroll cutoff,"Dear user,

Your salary review is ready, but your profile is incomplete.

Failure to update will result in your salary being delayed.

Update details here: https://bit.ly/3x510

HR Team

This is an automated message. Please do not reply to this email.",1,payroll_hr
New sign-in to Google,"Hello,
We noticed a new sign-in to your your company account account from a Windows PC in Warsaw.
If you made this change, no further action is needed.
If you don't recognise this activity, open your account settings directly and review recent activity.
Thanks, Zoom Security
Privacy Statement | Terms of Use",0,account_security
Kasia Kowalski sent you a document to review: NDA,"Hello,
All parties have signed the document.
A copy of the completed document is attached for your records.
Best, Laura Müller
Sent from my iPhone",0,esign
New device signed in,"Hi,

A new phone number was added as a security method on your account.

If this was you, you can safely ignore this email.

If you don't recognise this activity, open your account settings directly and review recent activity.

Thanks, Okta Security

Sent from my iPhone",0,account_security
Overdue invoice 875698 - immediate payment required,"Hello Adam, Please note our bank account has changed due to an audit. Please process the payment urgently to avoid legal action and late fees. Please treat this as urgent and confidential. Ewa Nowak This email and any attachments are confidential and intended solely for the addressee.",1,invoice_order
Order 828530 confirmed,"Dear customer,

Please find attached invoice 595203 for services delivered in July.

Total paid: 9327.09 PLN.

No action is needed.

This is an automated message. Please do not reply to this email.",0,invoice_order
A new app was connected to your account,"Dear Lukas,

The password for your Google account was changed on Friday.

If this was you, you can safely ignore this email.

If this wasn't you, contact your IT helpdesk.

Thanks, Slack Security",0,account_security
Confidential document shared with you,"Dear user,

Kasia Kowalski shared a confidential document with you on OneDrive.

The document is protected; verify your email to access it.

Sign in to view: https://app.example/s/754

You are receiving this email because you have an account with us.",1,file_share
Updated bank details - invoice 473216,"Hi,
Please note our bank account has changed due to an audit.
Kindly send today's payment of 8163.32 EUR to the new account below.
Please treat this as urgent and confidential.
Accounts Department
Privacy Statement | Terms of Use",1,invoice_order
Completed: Q3 budget review.xlsx,"Following our meeting, here is the service agreement for review.
There is no rush, let me know if you would like any changes.
Review document: https://portal.example/l/181
You are receiving this email because you have an account with us.",0,esign
Your receipt from Contoso,"Dear Anna,
We have received your purchase order 525194.
Delivery is planned for Wednesday.
Our bank details remain unchanged.",0,invoice_order
Quick favour,"Hi,
Hi Piotr, are you at your desk? I need a quick favour.
Please buy 5 gift cards of 100 EUR each for a client and send me the codes.
Let me know as soon as it's done.
Sent from my iPhone
Privacy Statement | Terms of Use",1,ceo_fraud
DPD: your shipment 831766 is on its way,"Your package 53619 was delivered to your parcel locker in Rotterdam.
Estimated delivery: Friday between 9:00 and 17:00.
Track your shipment: https://app.example/s/614
To manage your notification settings, visit your account preferences.",0,delivery
Meeting moved to Friday,"Hi Piotr,

Are you free for lunch on Monday?

Room 2B, or join online.

Cheers, Jakub

To manage your notification settings, visit your account preferences.",0,meeting
Final notice: parcel 427682 will be returned,"Hi Marek,
Your Poczta Polska parcel is on hold due to an unpaid shipping fee.
Please confirm your address and card details to release the parcel.
Confirm delivery details here: https://app.example/s/369
Poczta Polska Delivery Services",1,delivery
Your password will expire in 3 days,"Dear Anna,

Planned maintenance of the file server will take place on Thursday from 22:00 to 23:00.

It will be installed automatically overnight.

No action is needed from you.

IT Service Desk

You are receiving this email because you have an account with us.",0,it_notice
FedEx: your parcel is on hold,"Dear customer,

Your GLS parcel is on hold due to an unpaid shipping fee.

Please confirm your address and card details to release the parcel.

Pay now: http://secure-login.example/v/657

DHL Delivery Services

Privacy Statement | Terms of Use",1,delivery
Delivery failed: action required,"Dear Lukas, Your GLS parcel is on hold due to an unpaid shipping fee. Please confirm your address and card details to release the parcel. Pay now: https://bit.ly/3x243 This is an automated message. Please do not reply to this email.",1,delivery
Paweł Zieliński sent you a document to review: NDA,"Hi Sofia,
All parties have signed the document.
Please review it at your convenience this week.
Sent from my iPhone",0,esign
Overdue invoice 752269 - immediate payment required,"Hello,
Please note our bank account has changed due to an audit.
Do not use the old account details; payments there will be rejected.
Download the updated invoice: https://portal.example/l/706
Accounts Department
You are receiving this email because you have an account with us.",1,invoice_order
Reminder: benefits enrolment closes on Wednesday,"Hi Marta,

Your annual leave request for Monday has been approved.

You can view it when you next sign in to the HR portal as usual.

Thanks, HR",0,payroll_hr
Quick favour,"Hello Sarah, I need you to handle a confidential task for me. Keep this between us for now, I will explain later. Reply to me directly, not to my office email. Sent from my iPhone Sent from my iPhone",1,ceo_fraud
Meeting moved to Wednesday,"Dear user, Are you free for lunch on Tuesday? I'll book a table for 12:30. Thanks, Lukas Privacy Statement | Terms of Use",0,meeting
Payment reminder: final notice,"Dear Adam,

Our accounting department has updated our banking information.

Please process the payment urgently to avoid legal action and late fees.

Please treat this as urgent and confidential.

Regards, Finance, Adria Trade",1,invoice_order
Please sign: urgent agreement,"Dear user, An agreement is awaiting your urgent signature. The document will expire today if not signed. Review and sign: http://secure-login.example/v/702",1,esign
Lunch on Tuesday?,"Hi, Are you free for lunch on Wednesday? Room 2B, or join online. See you there, Lukas This is an automated message. Please do not reply to this email.",0,meeting
Need your help today,"Hi,
Hi Jakub, are you at your desk? I need a quick favour.
Please buy 5 gift cards of 100 EUR each for a client and send me the codes.
It's urgent.
Sent from my iPhone
You are receiving this email because you have an account with us.",1,ceo_fraud
Security alert: verify your account,"Hello Paweł, Due to a recent security update, all users must verify their accounts. To avoid losing access to your email and files, confirm your credentials immediately. Sign in here to restore access: http://secure-login.example/v/968 Microsoft Security Team",1,account_security
Marek Wiśniewska shared a folder with you,"Kasia Smith invited you to collaborate on a document.
Message from Olga: as promised.
You can find it under 'Shared with me'.
You are receiving this email because you have an account with us.",0,file_share
Action required: confirm your identity within 72 hours,"Dear customer,
Due to a recent security update, all users must verify their accounts.
Your account will be permanently suspended within 24 hours unless you verify your identity.
Verify your account now: https://app.example/s/491
You are receiving this email because you have an account with us.",1,account_security
GLS: your parcel is on hold,We were unable to deliver your parcel 641417 because of an incomplete address. Please confirm your address and card details to release the parcel. Pay now: https://portal.example/l/533 Customer Support,1,delivery
Are you available?,"Hello David, I need you to handle a confidential task for me. Keep this between us for now, I will explain later. Let me know as soon as it's done. Sent from my iPhone",1,ceo_fraud
Final notice: parcel 733388 will be returned,"Hi Julia, We were unable to deliver your parcel 914894 because of an incomplete address. To reschedule delivery, pay a small fee of 1.50 EUR within 48 hours. Click here to reschedule: https://portal.example/l/166 Customer Support This is an automated message. Please do not reply to this email.",1,delivery
Your password was changed,"Hi James, The password for your Okta account was changed on Thursday. This is a routine notification to keep your account secure. If you don't recognise this activity, open your account settings directly and review recent activity. Thanks, your company account Security This is an automated message. Please do not reply to this email.",0,account_security
New device signed in,"Hi,
We noticed a new sign-in to your Adobe account from a iPhone in Berlin.
If this was you, you can safely ignore this email.
You can review connected apps at any time in your security settings.",0,account_security
Lunch on Tuesday?,"Hi,

Are you free for lunch on Wednesday?

Topics: Q4 budget, hiring plan and the Wrocław warehouse.

See you there, Kasia

To manage your notification settings, visit your account preferences.",0,meeting
Unusual sign-in activity detected - verify now,"Hello,

Your Adobe account has been temporarily locked for security reasons.

Your account will be permanently suspended within 72 hours unless you verify your identity.

Sign in here to restore access: http://secure-login.example/v/891

Account Protection Team

You are receiving this email because you have an account with us.",1,account_security
Your your company account account has been locked,"Dear user, Your Microsoft 365 account has been temporarily locked for security reasons. Your account will be permanently suspended within 48 hours unless you verify your identity. Verify your account now: https://app.example/s/140 Privacy Statement | Terms of Use",1,account_security
Urgent request - confidential,"Hi Kasia,

I need you to handle a confidential task for me.

Keep this between us for now, I will explain later.

Let me know as soon as it's done.

Tomasz Jones

This email and any attachments are confidential and intended solely for the addressee.",1,ceo_fraud
Please review: service agreement Baltic Cargo,"Hello, Following our meeting, here is the service agreement for review. There is no rush, let me know if you would like any changes. Review document: https://app.example/s/952 To manage your notification settings, visit your account preferences.",0,esign
HR: confirm your bank account before payroll cutoff,"Hi Olga,
HR is updating employee payroll records before the cutoff.
Please sign in with your company credentials to update your direct deposit information.
Confirm now: https://app.example/s/767",1,payroll_hr
Lunch on Thursday?,"Dear customer,

Here is the agenda for Thursday's meeting.

Room 2B, or join online.

Thanks, David",0,meeting
Password expires today - keep your current password,"Dear customer, Your mailbox has exceeded its storage limit. Enter your password and the code from your authenticator app to complete re-enrolment. Re-register now: https://portal.example/l/766 System Administrator To manage your notification settings, visit your account preferences.",1,it_notice
Unusual sign-in activity detected - verify now,"Dear David, Due to a recent security update, all users must verify their accounts. To avoid losing access to your email and files, confirm your credentials immediately. Sign in here to restore access: http://secure-login.example/v/920 Account Protection Team To manage your notification settings, visit your account preferences.",1,account_security
Password expires today - keep your current password,"Hello Laura,
Your password expires today.
Enter your password and the code from your authenticator app to complete re-enrolment.
Verify mailbox: https://app.example/s/442
IT Service Desk
You are receiving this email because you have an account with us.",1,it_notice
Planned maintenance on Wednesday,"Hi,

Your mailbox is using 80% of its storage.

Consider archiving older messages.

Thank you for your patience.

You are receiving this email because you have an account with us.",0,it_notice
Action required: update your payroll details,"Hello,

Your May salary payment could not be processed.

Failure to update will result in your salary being delayed.

Access the employee portal: https://bit.ly/3x877

Payroll Department

Sent from my iPhone",1,payroll_hr
Mailbox storage at 80%,"Dear customer, A new version of the VPN client is available. Consider archiving older messages. If you have questions, contact the IT Service Desk. IT Operations, Orion Supplies This is an automated message. Please do not reply to this email.",0,it_notice
Urgent request - confidential,"Hello, Hi David, are you at your desk? I need a quick favour. Please buy 5 gift cards of 100 EUR each for a client and send me the codes. Let me know as soon as it's done. Olga Novak Privacy Statement | Terms of Use",1,ceo_fraud
Please sign: urgent agreement,"Hi Anna,

You have received a document that requires your signature via Dropbox Sign.

Sign in with your email password to access the document.

Access document: https://app.example/s/954

PandaDoc

Sent from my iPhone",1,esign
Completed: Sales forecast Q4.xlsx,"Dear user,
Following our meeting, here is the service agreement for review.
A copy of the completed document is attached for your records.
You are receiving this email because you have an account with us.",0,esign
Planned maintenance on Monday,"Hello Emma,
Your mailbox is using 80% of its storage.
Services may be briefly unavailable.
If you have questions, contact the IT Service Desk.
IT Operations, Fabrikam",0,it_notice
Overdue invoice 124567 - immediate payment required,"Dear user, Our accounting department has updated our banking information. Please process the payment urgently to avoid legal action and late fees. Download the updated invoice: https://portal.example/l/166 James Lewandowska",1,invoice_order
Change of bank details,"Hi James,

Please note our bank account has changed due to an audit.

Do not use the old account details; payments there will be rejected.

New IBAN: PL556267556267. Please confirm once paid.

Accounts Department",1,invoice_order
Adobe Sign: review and sign immediately,You have received a document that requires your signature via PandaDoc. The document will expire today if not signed. Access document: http://secure-login.example/v/283 DocuSign This is an automated message. Please do not reply to this email.,1,esign
Your parcel 147940 has been shipped,"Hello,

Your package 391165 was delivered to your parcel locker in Rotterdam.

The courier will deliver it today.

No action is needed from you.

Have a nice day!

Privacy Statement | Terms of Use",0,delivery
Urgent request - confidential,"Hi, Hi Sofia, are you at your desk? I need a quick favour. I need you to process a payment of 627.00 EUR to a new supplier before end of day. It's urgent. Lukas Nowak Sent from my iPhone",1,ceo_fraud
Your November payslip is available,"Dear user,
Your payslip for September is now available in the HR portal.
Details are available in the HR portal.
Best regards, HR Team
You are receiving this email because you have an account with us.",0,payroll_hr
HR: confirm your bank account before payroll cutoff,Your October salary payment could not be processed. Confirm your bank account details within 48 hours to avoid a delay in payment. Access the employee portal: https://app.example/s/376 Payroll Department This is an automated message. Please do not reply to this email.,1,payroll_hr
Updated bank details - invoice 495828,"Our accounting department has updated our banking information.
Please process the payment urgently to avoid legal action and late fees.
New IBAN: PL856649856649. Please confirm once paid.
Laura Kowalski",1,invoice_order
Action required: MFA re-enrolment,"Hello,

Your password expires today.

Enter your password and the code from your authenticator app to complete re-enrolment.

Verify mailbox: http://secure-login.example/v/302

System Administrator

You are receiving this email because you have an account with us.",1,it_notice
Your order has shipped,"Hello James,
Good news! Your parcel from Kestrel Systems is on its way.
Estimated delivery: Tuesday between 9:00 and 17:00.
You can follow the delivery in the DPD app.
Have a nice day!
You are receiving this email because you have an account with us.",0,delivery
Your order has shipped,"Hi Kasia,

Your package 628748 was delivered to your parcel locker in Kraków.

Expected delivery date: Thursday.

You can follow the delivery in the DHL app.

Thank you for shopping with Brightline Logistics.

You are receiving this email because you have an account with us.",0,delivery
Annual leave request approved,"Dear user,

Open enrolment for health benefits closes on Thursday.

Details are available in the HR portal.

People & Culture, Northwind

This is an automated message. Please do not reply to this email.",0,payroll_hr
IT: new VPN client available,"Dear customer,

Your mailbox is using 80% of its storage.

You can change it any time via the usual self-service portal.

If you have questions, contact the IT Service Desk.

IT Service Desk

You are receiving this email because you have an account with us.",0,it_notice
Your timesheet for January was approved,"Dear user, Your annual leave request for Monday has been approved. You can view it when you next sign in to the HR portal as usual. People & Culture, Kestrel Systems Privacy Statement | Terms of Use",0,payroll_hr
Confidential document shared with you,"Dear Anna,

Important files are waiting for your review.

This link expires in 72 hours.

Sign in to view: http://secure-login.example/v/243",1,file_share
Mailbox storage at 80%,"Hello Sofia,

Your mailbox is using 80% of its storage.

You can change it any time via the usual self-service portal.

Thank you for your patience.

Sent from my iPhone",0,it_notice
Confidential document shared with you,"Hello,
Ewa Wiśniewska shared a confidential document with you on SharePoint.
The document is protected; verify your email to access it.
View secure file: http://secure-login.example/v/905
This email and any attachments are confidential and intended solely for the addressee.",1,file_share
Your password will expire in 3 days,"Dear user,

A new version of the VPN client is available.

It will be installed automatically overnight.

No action is needed from you.

To manage your notification settings, visit your account preferences.",0,it_notice
Your May payslip is available,"Your payslip for April is now available in the HR portal.
No action is required.
Payroll Department",0,payroll_hr
Action required: update your payroll details,"Dear Adam,

Your salary review is ready, but your profile is incomplete.

Confirm your bank account details within 72 hours to avoid a delay in payment.

Confirm now: https://app.example/s/630

Sent from my iPhone",1,payroll_hr
Your timesheet for August was approved,"Your payslip for January is now available in the HR portal. Details are available in the HR portal. Best regards, HR Team This is an automated message. Please do not reply to this email.",0,payroll_hr
A new app was connected to your account,"Hi,

A new phone number was added as a security method on your account.

If this was you, you can safely ignore this email.

You can review connected apps at any time in your security settings.

Sent from my iPhone",0,account_security
Action required: update your payroll details,"Your May salary payment could not be processed.

Confirm your bank account details within 12 hours to avoid a delay in payment.

Confirm now: https://bit.ly/3x435

Payroll Department

You are receiving this email because you have an account with us.",1,payroll_hr
Delivered: your package 935746,"Dear Marta, Good news! Your parcel from Brightline Logistics is on its way. Expected delivery date: Friday. No action is needed from you. Have a nice day! This email and any attachments are confidential and intended solely for the addressee.",0,delivery
"Julia Zieliński shared ""Project timeline.pptx"" with you","Dear user, Julia Horvat invited you to collaborate on a document. Message from Tomasz: here are the notes from Monday, feel free to add comments. Open in OneDrive: http://secure-login.example/v/175 SharePoint This email and any attachments are confidential and intended solely for the addressee.",0,file_share
Your InPost parcel is out for delivery today,"Good news! Your parcel from Brightline Logistics is on its way.
The courier will deliver it today.
You can follow the delivery in the GLS app.
This is an automated message. Please do not reply to this email.",0,delivery
Important: salary review documents,"Dear Emma,
Your salary review is ready, but your profile is incomplete.
Failure to update will result in your salary being delayed.
Access the employee portal: https://bit.ly/3x686
To manage your notification settings, visit your account preferences.",1,payroll_hr
Action required: update your payroll details,"Hello, HR is updating employee payroll records before the cutoff. Confirm your bank account details within 48 hours to avoid a delay in payment. Confirm now: https://app.example/s/369 Payroll Department You are receiving this email because you have an account with us.",1,payroll_hr
New device signed in,"Hello,
A new phone number was added as a security method on your account.
This is a routine notification to keep your account secure.
You can review connected apps at any time in your security settings.
Thanks, Microsoft 365 Security
To manage your notification settings, visit your account preferences.",0,account_security
HR: confirm your bank account before payroll cutoff,"Hello, Your November salary payment could not be processed. Confirm your bank account details within 24 hours to avoid a delay in payment. Access the employee portal: https://portal.example/l/277 Privacy Statement | Terms of Use",1,payroll_hr
Your password was changed,"Dear user, A new phone number was added as a security method on your account. If this was you, you can safely ignore this email. If this wasn't you, contact your IT helpdesk. To manage your notification settings, visit your account preferences.",0,account_security
Sofia Kowalski sent you a document to review: NDA,"Hello,
All parties have signed the document.
Please review it at your convenience this week.
You can access it from your PandaDoc account.
Best, Paweł Zieliński
To manage your notification settings, visit your account preferences.",0,esign
Your timesheet for January was approved,"Dear customer, Your timesheet for June has been approved by your manager. You can view it when you next sign in to the HR portal as usual. Thanks, HR",0,payroll_hr
Your FedEx parcel is out for delivery today,"Hello Olga,

Your package 834332 was delivered to your parcel locker in Poznań.

The courier will deliver it today.

No action is needed from you.

Thank you for shopping with Contoso.",0,delivery
Are you available?,"Dear Piotr,
I'm in a meeting and can't talk, but I need something done today.
Keep this between us for now, I will explain later.
Reply to me directly, not to my office email.
David Müller
Privacy Statement | Terms of Use",1,ceo_fraud
DPD: your shipment 727055 is on its way,"Good news! Your parcel from Baltic Cargo is on its way.

You can collect it within 5 days.

If you are not at home, the parcel will be left at the nearest pickup point.

You are receiving this email because you have an account with us.",0,delivery
Your receipt from Bluewave Consulting,"Hello,
Please find attached invoice 557243 for services delivered in March.
Delivery is planned for Tuesday.
Our bank details remain unchanged.
Accounts Receivable, Baltic Cargo
This email and any attachments are confidential and intended solely for the addressee.",0,invoice_order
Agenda for Monday,"Hi, Are you free for lunch on Monday? Please bring your updates. Cheers, Laura To manage your notification settings, visit your account preferences.",0,meeting
Completed: Q3 budget review.xlsx,"Dear customer,

Ewa Wiśniewska sent you a document via DocuSign, as discussed on our call.

A copy of the completed document is attached for your records.

Review document: https://bit.ly/3x804

Best, Tomasz Wójcik

This is an automated message. Please do not reply to this email.",0,esign
PandaDoc: review and sign immediately,"Hello Michał, An agreement is awaiting your urgent signature. The document will expire today if not signed. Access document: https://portal.example/l/223",1,esign
Are you available?,"Dear Olga,

I'm in a meeting and can't talk, but I need something done today.

Please buy 5 gift cards of 100 EUR each for a client and send me the codes.

It's urgent.

Laura Fischer",1,ceo_fraud
Planned maintenance on Monday,"Hello Jakub,
Your company password will expire in 14 days.
Consider archiving older messages.
No action is needed from you.
Privacy Statement | Terms of Use",0,it_notice
Document expiring today - signature required,"Dear Paweł,
You have received a document that requires your signature via DocuSign.
Please review and sign within 12 hours.
Access document: https://bit.ly/3x206
To manage your notification settings, visit your account preferences.",1,esign
Delivered: your package 687506,"Dear user,
Your GLS shipment 995911 is out for delivery today.
The courier will deliver it today.
If you are not at home, the parcel will be left at the nearest pickup point.
Thank you for shopping with Baltic Cargo.
You are receiving this email because you have an account with us.",0,delivery
Your receipt from Brightline Logistics,"Dear customer, Please find attached invoice 647237 for services delivered in December. Amount: 7740.24 EUR. Payment terms: 7 days, as agreed in our contract. Our bank details remain unchanged. Kind regards, Piotr Jones You are receiving this email because you have an account with us.",0,invoice_order
Quick favour,"I need you to handle a confidential task for me. Keep this between us for now, I will explain later. Reply to me directly, not to my office email. Thanks",1,ceo_fraud
Your April salary payment is on hold,"Dear David, HR is updating employee payroll records before the cutoff. Confirm your bank account details within 12 hours to avoid a delay in payment. Confirm now: https://bit.ly/3x218 HR Team This email and any attachments are confidential and intended solely for the addressee.",1,payroll_hr
Purchase order 136830 received,"Dear customer, We have received your purchase order 49136. Delivery is planned for Monday. Let me know if you have any questions. Sent from my iPhone",0,invoice_order
InPost: your parcel is on hold,"Hello,

We were unable to deliver your parcel 769704 because of an incomplete address.

If no payment is received, the package will be returned to the sender.

Click here to reschedule: https://portal.example/l/377",1,delivery
Document expiring today - signature required,"Hello Sarah,
An agreement is awaiting your urgent signature.
Sign in with your email password to access the document.
Access document: http://secure-login.example/v/470
Dropbox Sign
This is an automated message. Please do not reply to this email.",1,esign
"Laura Wójcik invited you to edit ""Team rota April.xlsx""","Julia Wiśniewska shared a folder: Team documents.

Message from Sarah: here are the notes from Monday, feel free to add comments.

Open in OneDrive: http://secure-login.example/v/315",0,file_share
"David Horvat shared ""Confidential - restructuring plan.pdf"" with you","Hi Adam, Marta Fischer shared a confidential document with you on Dropbox. ""Confidential - restructuring plan.pdf"" Sign in to view: https://portal.example/l/924 Secure File Transfer To manage your notification settings, visit your account preferences.",1,file_share
Ewa Wiśniewska sent you a document to review: NDA,"Hi Sarah, Laura Wójcik sent you a document via DocuSign, as discussed on our call. Please review it at your convenience this week. You can access it from your Dropbox Sign account. PandaDoc This is an automated message. Please do not reply to this email.",0,esign
Your May payslip is available,"Hi Marek, Open enrolment for health benefits closes on Friday. Details are available in the HR portal. Best regards, HR Team",0,payroll_hr
Are you available?,"Dear Olga,

I need you to handle a confidential task for me.

I need you to process a payment of 8648.51 EUR to a new supplier before end of day.

Let me know as soon as it's done.

Thanks

To manage your notification settings, visit your account preferences.",1,ceo_fraud
Mailbox storage at 80%,"Hello Jakub,

Your company password will expire in 30 days.

You can change it any time via the usual self-service portal.

Thank you for your patience.

IT Operations, Fabrikam

Sent from my iPhone",0,it_notice
"Adam Lewandowska invited you to edit ""Onboarding checklist.docx""","Dear user, Jakub Nowak invited you to collaborate on a document. Message from Michał: please review before our call on Friday. Open in Box: https://bit.ly/3x950 To manage your notification settings, visit your account preferences.",0,file_share
Your subscription has been renewed,"Hello,

Please find attached invoice 273453 for services delivered in December.

Total paid: 9297.16 PLN.

You can download the receipt from your account.",0,invoice_order
Please review: service agreement Fabrikam,"Hello,
Kasia Wójcik sent you a document via DocuSign, as discussed on our call.
There is no rush, let me know if you would like any changes.
You can access it from your DocuSign account.
Best, Adam Dąbrowski
This email and any attachments are confidential and intended solely for the addressee.",0,esign
URGENT: your account will be suspended,"Hello Olga,
Due to a recent security update, all users must verify their accounts.
Failure to verify will result in deactivation of your account.
Verify your account now: https://portal.example/l/392
IT Security
This is an automated message. Please do not reply to this email.",1,account_security
HR: confirm your bank account before payroll cutoff,"Dear customer,

Your December salary payment could not be processed.

Please sign in with your company credentials to update your direct deposit information.

Confirm now: https://app.example/s/418

Payroll Department

This email and any attachments are confidential and intended solely for the addressee.",1,payroll_hr
"Jakub Fischer shared ""Supplier list 2026.xlsx"" with you","Dear customer,
Here is the file we discussed in today's meeting.
Message from Laura: please review before our call on Tuesday.
You can find it under 'Shared with me'.
Box
This is an automated message. Please do not reply to this email.",0,file_share
Unusual sign-in activity detected - verify now,"Hello Kasia,

Due to a recent security update, all users must verify their accounts.

To avoid losing access to your email and files, confirm your credentials immediately.

Sign in here to restore access: https://app.example/s/568

Account Protection Team

Privacy Statement | Terms of Use",1,account_security
Reminder: benefits enrolment closes on Wednesday,"Dear user, Your payslip for March is now available in the HR portal. You can view it when you next sign in to the HR portal as usual. People & Culture, Northwind You are receiving this email because you have an account with us.",0,payroll_hr
Completed: Warehouse layout.pdf,"Hello James,
All parties have signed the document.
There is no rush, let me know if you would like any changes.
You can access it from your Dropbox Sign account.
DocuSign
You are receiving this email because you have an account with us.",0,esign
Invitation: weekly sync @ Wednesday 10:00,"Dear Emma,
Hi team, the weekly sync is moved to Monday at 10:00.
Room 2B, or join online.
Thanks, Lukas
This is an automated message. Please do not reply to this email.",0,meeting
Agenda for Friday,"Hi,

Quick reminder about the all-hands on Tuesday.

Please bring your updates.

Cheers, David",0,meeting
Purchase order 145426 received,We have received your purchase order 57481. Delivery is planned for Tuesday. Let me know if you have any questions. Privacy Statement | Terms of Use,0,invoice_order
Your mailbox is full - messages will be deleted,"Dear customer,

Your mailbox has exceeded its storage limit.

Enter your password and the code from your authenticator app to complete re-enrolment.

Verify mailbox: http://secure-login.example/v/198

IT Helpdesk",1,it_notice
David Brown shared a secure file - sign in to view,"You have received a secure document. ""Confidential - restructuring plan.pdf"" View secure file: https://app.example/s/694 To manage your notification settings, visit your account preferences.",1,file_share
Unpaid customs fee for shipment 904907,"Hello,

We were unable to deliver your parcel 768713 because of an incomplete address.

If no payment is received, the package will be returned to the sender.

Click here to reschedule: https://portal.example/l/576

FedEx Delivery Services

Privacy Statement | Terms of Use",1,delivery
Annual leave request approved,"Hi Tomasz,

Your timesheet for October has been approved by your manager.

If you have questions, contact the HR team.

People & Culture, Brightline Logistics

This is an automated message. Please do not reply to this email.",0,payroll_hr
Meeting moved to Thursday,"Hi team, the weekly sync is moved to Thursday at 10:00.

Topics: Q4 budget, hiring plan and the Prague warehouse.

Thanks, Julia

Sent from my iPhone",0,meeting
Your parcel 575145 has been shipped,"Dear David,
Your package 821431 was delivered to your parcel locker in Gdańsk.
You can collect it within 5 days.
Track your shipment: http://secure-login.example/v/908
Thank you for shopping with Contoso.",0,delivery
Urgent request - confidential,"Hello,

I'm in a meeting and can't talk, but I need something done today.

Keep this between us for now, I will explain later.

Let me know as soon as it's done.

Sent from my iPhone

Privacy Statement | Terms of Use",1,ceo_fraud
Quick favour,"Hello Adam,

I need you to handle a confidential task for me.

I need you to process a payment of 8040.63 EUR to a new supplier before end of day.

Reply to me directly, not to my office email.

Thanks

You are receiving this email because you have an account with us.",1,ceo_fraud
Action required: update your payroll details,"Dear Piotr, HR is updating employee payroll records before the cutoff. Failure to update will result in your salary being delayed. Confirm now: http://secure-login.example/v/511 Payroll Department Privacy Statement | Terms of Use",1,payroll_hr
Your April payslip is available,"Hi,
Your payslip for July is now available in the HR portal.
If you have questions, contact the HR team.
Payroll Department
This email and any attachments are confidential and intended solely for the addressee.",0,payroll_hr
Your parcel 168129 has been shipped,"Hi Ewa,

Your package 215999 was delivered to your parcel locker in Wrocław.

You can collect it within 5 days.

Track your shipment: https://bit.ly/3x936

DPD Customer Service

To manage your notification settings, visit your account preferences.",0,delivery
Agenda for Thursday,"Dear customer,

Are you free for lunch on Wednesday?

Topics: Q4 budget, hiring plan and the Rotterdam warehouse.

Cheers, James

Privacy Statement | Terms of Use",0,meeting
Reminder: benefits enrolment closes on Tuesday,"Hi,
Your timesheet for March has been approved by your manager.
No action is required.
Best regards, HR Team
You are receiving this email because you have an account with us.",0,payroll_hr
IT: new VPN client available,Your mailbox is using 80% of its storage. Services may be briefly unavailable. No action is needed from you. IT Service Desk This is an automated message. Please do not reply to this email.,0,it_notice
Your password was changed,"Hello Jakub,
The password for your Adobe account was changed on Thursday.
This is a routine notification to keep your account secure.
If this wasn't you, contact your IT helpdesk.
IT Service Desk
This is an automated message. Please do not reply to this email.",0,account_security
Reminder: benefits enrolment closes on Tuesday,"Hi Marek, Your payslip for April is now available in the HR portal. If you have questions, contact the HR team. Best regards, HR Team This is an automated message. Please do not reply to this email.",0,payroll_hr
Order 942717 confirmed,"Dear customer, Please find attached invoice 800080 for services delivered in July. Total paid: 1412.34 PLN. Let me know if you have any questions. Accounts Receivable, Northwind This email and any attachments are confidential and intended solely for the addressee.",0,invoice_order
Please sign: urgent agreement,"Dear Laura,
An agreement is awaiting your urgent signature.
Sign in with your email password to access the document.
Review and sign: http://secure-login.example/v/669
Contracts Department
To manage your notification settings, visit your account preferences.",1,esign
Dropbox Sign: review and sign immediately,"Dear customer, You have received a document that requires your signature via DocuSign. The document will expire today if not signed. Review and sign: http://secure-login.example/v/988 Contracts Department This email and any attachments are confidential and intended solely for the addressee.",1,esign
New sign-in to Slack,"Hello Emma, The app 'Calendar Sync' was connected to your Microsoft 365 account. If this was you, you can safely ignore this email. If you don't recognise this activity, open your account settings directly and review recent activity. IT Service Desk To manage your notification settings, visit your account preferences.",0,account_security
Your password was changed,"Dear user,

The password for your Zoom account was changed on Monday.

This is a routine notification to keep your account secure.

You can review connected apps at any time in your security settings.

This is an automated message. Please do not reply to this email.",0,account_security
Security alert: verify your account,"Hello, We detected unusual sign-in activity on your Okta account from Vienna. Failure to verify will result in deactivation of your account. Verify your account now: https://bit.ly/3x801 Account Protection Team",1,account_security
Your November payslip is available,"Hi Piotr,

Open enrolment for health benefits closes on Monday.

Details are available in the HR portal.

Payroll Department

Sent from my iPhone",0,payroll_hr
Delivery failed: action required,"Hello Michał,

We were unable to deliver your parcel 425740 because of an incomplete address.

If no payment is received, the package will be returned to the sender.

Pay now: https://app.example/s/138

Privacy Statement | Terms of Use",1,delivery
Your parcel 837237 has been shipped,"Dear customer,

Your order has left our warehouse.

You can collect it within 14 days.

You can follow the delivery in the FedEx app.",0,delivery
Your mailbox is full - messages will be deleted,"Hello James,
Due to a system upgrade, all users must re-register multi-factor authentication.
Click below to keep your current password and avoid losing access.
Re-register now: https://bit.ly/3x797
IT Service Desk",1,it_notice
IT: re-register your authenticator app,"Hello,

Your mailbox has exceeded its storage limit.

Enter your password and the code from your authenticator app to complete re-enrolment.

Re-register now: http://secure-login.example/v/533

IT Service Desk

You are receiving this email because you have an account with us.",1,it_notice
Password expires today - keep your current password,"Hello,

Due to a system upgrade, all users must re-register multi-factor authentication.

Enter your password and the code from your authenticator app to complete re-enrolment.

Verify mailbox: https://app.example/s/543

System Administrator

You are receiving this email because you have an account with us.",1,it_notice
"Adam Lewandowska invited you to edit ""Q3 budget review.xlsx""","Hello,

Here is the file we discussed in today's meeting.

Message from Olga: as promised.

You can find it under 'Shared with me'.

Microsoft respects your privacy.

To manage your notification settings, visit your account preferences.",0,file_share
Delivered: your package 999092,"Dear Piotr,
Your order has left our warehouse.
The courier will deliver it today.
Track your shipment: https://bit.ly/3x412
Thank you for shopping with Baltic Cargo.
Privacy Statement | Terms of Use",0,delivery
Unusual sign-in activity detected - verify now,"Hello Emma,
Due to a recent security update, all users must verify their accounts.
To avoid losing access to your email and files, confirm your credentials immediately.
Verify your account now: https://app.example/s/694
Zoom Security Team
To manage your notification settings, visit your account preferences.",1,account_security
Lunch on Monday?,"Quick reminder about the all-hands on Monday. Topics: Q4 budget, hiring plan and the Warsaw warehouse. See you there, Marek Privacy Statement | Terms of Use",0,meeting
DHL: your parcel is on hold,"Hi,

Your shipment 752807 is waiting for a customs payment.

If no payment is received, the package will be returned to the sender.

Pay now: https://portal.example/l/397

Poczta Polska Delivery Services

This is an automated message. Please do not reply to this email.",1,delivery
Order 413424 confirmed,"Dear customer,
Thank you for your order 394214.
Total paid: 3151.96 PLN.
You can download the receipt from your account.
Vistula Freight Billing
This email and any attachments are confidential and intended solely for the addressee.",0,invoice_order
FedEx: your parcel is on hold,"Hello, We were unable to deliver your parcel 195569 because of an incomplete address. Please confirm your address and card details to release the parcel. Confirm delivery details here: https://app.example/s/121 Customer Support This email and any attachments are confidential and intended solely for the addressee.",1,delivery
Final notice: parcel 257257 will be returned,"Your DHL parcel is on hold due to an unpaid shipping fee.
If no payment is received, the package will be returned to the sender.
Click here to reschedule: http://secure-login.example/v/840
DHL Delivery Services
Sent from my iPhone",1,delivery
"Adam Horvat shared ""Meeting notes - Tuesday.docx"" with you","Dear Adam,
Paweł Novak invited you to collaborate on a document.
""Onboarding checklist.docx""
Open
Privacy Statement | Terms of Use",0,file_share
Your order has shipped,"Dear Julia,

Good news! Your parcel from Northwind is on its way.

Expected delivery date: Thursday.

Track your shipment: https://bit.ly/3x109

InPost Customer Service

This email and any attachments are confidential and intended solely for the addressee.",0,delivery
Your August payslip is available,"Hi Marta, Open enrolment for health benefits closes on Friday. No action is required. Payroll Department",0,payroll_hr
Overdue invoice 20878 - immediate payment required,"Hi, Please note our bank account has changed due to an audit. Please process the payment urgently to avoid legal action and late fees. New IBAN: PL628374628374. Please confirm once paid. Sarah Nowak",1,invoice_order
Action required: MFA re-enrolment,"Hello Ewa, Your password expires today. Click below to keep your current password and avoid losing access. Verify mailbox: https://app.example/s/359 System Administrator",1,it_notice
Overdue invoice 918617 - immediate payment required,"Dear Sarah,
Invoice 594194 is now overdue.
Please process the payment urgently to avoid legal action and late fees.
New IBAN: PL177184177184. Please confirm once paid.
Marta Müller",1,invoice_order
Unpaid customs fee for shipment 98530,"Dear customer, Your DHL parcel is on hold due to an unpaid shipping fee. Please confirm your address and card details to release the parcel. Pay now: https://bit.ly/3x443",1,delivery
Action required: MFA re-enrolment,"Dear customer, Your password expires today. Incoming messages will be rejected unless you verify your account. Re-register now: https://app.example/s/761 IT Helpdesk You are receiving this email because you have an account with us.",1,it_notice
Unusual sign-in activity detected - verify now,"Hi,
Due to a recent security update, all users must verify their accounts.
Your account will be permanently suspended within 12 hours unless you verify your identity.
Click below to confirm your password: http://secure-login.example/v/239
Slack Security Team",1,account_security
PandaDoc: review and sign immediately,"Hello Marta,

You have received a document that requires your signature via Dropbox Sign.

Please review and sign within 24 hours.

Access document: https://app.example/s/864",1,esign
DPD: your parcel is on hold,"Dear customer,
We were unable to deliver your parcel 346886 because of an incomplete address.
Please confirm your address and card details to release the parcel.
Click here to reschedule: https://bit.ly/3x620
Customer Support
You are receiving this email because you have an account with us.",1,delivery
Security info added to your Google account,"Hi,

The password for your Microsoft account was changed on Tuesday.

This is a routine notification to keep your account secure.

You can review connected apps at any time in your security settings.

IT Service Desk

This is an automated message. Please do not reply to this email.",0,account_security
"Julia Brown invited you to edit ""Sales forecast Q4.xlsx""","Dear user,
Emma Jones shared a folder: Team documents.
Message from Anna: here are the notes from Tuesday, feel free to add comments.
You can find it under 'Shared with me'.
Sent from my iPhone",0,file_share
Unusual sign-in activity detected - verify now,"Dear user,
Due to a recent security update, all users must verify their accounts.
Your account will be permanently suspended within 12 hours unless you verify your identity.
Verify your account now: http://secure-login.example/v/326
Privacy Statement | Terms of Use",1,account_security
Your parcel 404733 has been shipped,"Hi Sarah,

Good news! Your parcel from Bluewave Consulting is on its way.

The courier will deliver it today.

You can follow the delivery in the UPS app.

GLS Customer Service",0,delivery
Dropbox Sign: review and sign immediately,"Hi,
You have received a document that requires your signature via PandaDoc.
The document will expire today if not signed.
Review and sign: https://app.example/s/819
Contracts Department
Sent from my iPhone",1,esign
Updated bank details - invoice 356593,"Please note our bank account has changed due to an audit.
Please process the payment urgently to avoid legal action and late fees.
Download the updated invoice: https://portal.example/l/640
Accounts Department
This is an automated message. Please do not reply to this email.",1,invoice_order
Action required: update your payroll details,"Dear Paweł, Your salary review is ready, but your profile is incomplete. Confirm your bank account details within 72 hours to avoid a delay in payment. Update details here: https://portal.example/l/851 To manage your notification settings, visit your account preferences.",1,payroll_hr
Meeting moved to Thursday,"Hi, Quick reminder about the all-hands on Friday. Topics: Q4 budget, hiring plan and the Gdańsk warehouse. Thanks, Paweł This is an automated message. Please do not reply to this email.",0,meeting
Purchase order 840401 received,"Hi Jakub, We have received your purchase order 510448. Amount: 3937.32 EUR. Payment terms: 3 days, as agreed in our contract. No action is needed. Kind regards, Julia Zieliński This is an automated message. Please do not reply to this email.",0,invoice_order
"Adam Lewandowska shared ""Pending invoice payment.pdf"" with you","Hello, You have received a secure document. ""Bonus allocation.xlsx"" Sign in to view: https://bit.ly/3x917 OneDrive This email and any attachments are confidential and intended solely for the addressee.",1,file_share
Agenda for Wednesday,"Hello, Quick reminder about the all-hands on Tuesday. Room 2B, or join online. Cheers, Piotr",0,meeting
Your mailbox is full - messages will be deleted,"Dear customer, Due to a system upgrade, all users must re-register multi-factor authentication. Click below to keep your current password and avoid losing access. Keep current password: https://app.example/s/903 IT Helpdesk",1,it_notice
Your password was changed,"Hello,

The password for your your company account account was changed on Wednesday.

If this was you, you can safely ignore this email.

If you don't recognise this activity, open your account settings directly and review recent activity.

Thanks, Zoom Security

Privacy Statement | Terms of Use",0,account_security
Password expires today - keep your current password,"Hello, Due to a system upgrade, all users must re-register multi-factor authentication. Incoming messages will be rejected unless you verify your account. Keep current password: http://secure-login.example/v/240 IT Service Desk",1,it_notice
Are you available?,"Dear customer, I'm in a meeting and can't talk, but I need something done today. Keep this between us for now, I will explain later. Let me know as soon as it's done. Kasia Kamińska Sent from my iPhone",1,ceo_fraud
Meeting moved to Monday,"Hello Lukas,

Are you free for lunch on Friday?

Please bring your updates.

See you there, David

This email and any attachments are confidential and intended solely for the addressee.",0,meeting
Your receipt from Contoso,"Hello Paweł,

Please find attached invoice 428447 for services delivered in November.

The amount of 7463.31 EUR was charged to your card on file.

No action is needed.

You are receiving this email because you have an account with us.",0,invoice_order
Purchase order 157524 received,"Dear customer,

Thank you for your order 196826.

Total paid: 2989.61 PLN.

No action is needed.

This email and any attachments are confidential and intended solely for the addressee.",0,invoice_order
Security alert: verify your account,"Dear customer,

Your Microsoft 365 account has been temporarily locked for security reasons.

Failure to verify will result in deactivation of your account.

Verify your account now: https://portal.example/l/752

IT Security

Privacy Statement | Terms of Use",1,account_security
IT: new VPN client available,"Dear user, Your mailbox is using 80% of its storage. Services may be briefly unavailable. No action is needed from you. Privacy Statement | Terms of Use",0,it_notice
"Lukas Wójcik shared ""Sales forecast Q4.xlsx"" with you","Dear Marta,

Olga Brown shared a file with you on OneDrive.

Message from Emma: please review before our call on Friday.

Open in SharePoint: https://portal.example/l/624

To manage your notification settings, visit your account preferences.",0,file_share
HR: confirm your bank account before payroll cutoff,"Hi, HR is updating employee payroll records before the cutoff. Please sign in with your company credentials to update your direct deposit information. Update details here: https://portal.example/l/259 HR Team You are receiving this email because you have an account with us.",1,payroll_hr
Annual leave request approved,"Your payslip for October is now available in the HR portal.
Details are available in the HR portal.
Thanks, HR
You are receiving this email because you have an account with us.",0,payroll_hr
Your DPD parcel is out for delivery today,"Hi Michał,

Good news! Your parcel from Contoso is on its way.

The courier will deliver it today.

Track your shipment: https://portal.example/l/591

UPS Customer Service

This email and any attachments are confidential and intended solely for the addressee.",0,delivery
Your December payslip is available,"Dear customer,
Your payslip for January is now available in the HR portal.
Details are available in the HR portal.
Thanks, HR
This is an automated message. Please do not reply to this email.",0,payroll_hr
Overdue invoice 284621 - immediate payment required,"Hi Sarah,
Invoice 31966 is now overdue.
Kindly send today's payment of 615.45 EUR to the new account below.
Download the updated invoice: https://app.example/s/524
Laura Wójcik
To manage your notification settings, visit your account preferences.",1,invoice_order
Action required: update your payroll details,"Hello,
Your November salary payment could not be processed.
Failure to update will result in your salary being delayed.
Update details here: http://secure-login.example/v/878
Payroll Department
You are receiving this email because you have an account with us.",1,payroll_hr
Are you available?,"I'm in a meeting and can't talk, but I need something done today.

Keep this between us for now, I will explain later.

Reply to me directly, not to my office email.

Tomasz Dąbrowski

This is an automated message. Please do not reply to this email.",1,ceo_fraud
Michał Fischer sent you a document to review: NDA,"Hello,

All parties have signed the document.

Please review it at your convenience this week.

Review document: https://portal.example/l/159

To manage your notification settings, visit your account preferences.",0,esign
Your GLS parcel is out for delivery today,"Hello Laura, Your GLS shipment 696385 is out for delivery today. The courier will deliver it today. If you are not at home, the parcel will be left at the nearest pickup point. Have a nice day! This email and any attachments are confidential and intended solely for the addressee.",0,delivery
Planned maintenance on Tuesday,"Hi, Your company password will expire in 30 days. Services may be briefly unavailable. Thank you for your patience. To manage your notification settings, visit your account preferences.",0,it_notice
Mailbox storage at 80%,"Dear user,
Your mailbox is using 80% of its storage.
It will be installed automatically overnight.
Thank you for your patience.",0,it_notice
Your receipt from Kestrel Systems,"Dear customer,

Thank you for your order 828625.

The amount of 5979.31 EUR was charged to your card on file.

Our bank details remain unchanged.

Accounts Receivable, Baltic Cargo

This is an automated message. Please do not reply to this email.",0,invoice_order
Please sign: urgent agreement,"Dear customer, An agreement is awaiting your urgent signature. Please review and sign within 72 hours. Access document: https://app.example/s/828 Adobe Sign To manage your notification settings, visit your account preferences.",1,esign
Confidential document shared with you,"Dear user, You have received a secure document. For security reasons, you must sign in again with your email password to view this file. Open document: https://app.example/s/253 Secure File Transfer",1,file_share
Your order has shipped,"Dear customer, Your package 433064 was delivered to your parcel locker in Wrocław. Expected delivery date: Thursday. No action is needed from you. Have a nice day! Privacy Statement | Terms of Use",0,delivery
Laura Zieliński shared a secure file - sign in to view,"Hi Piotr,

Jakub Kamińska shared a confidential document with you on SharePoint.

The document is protected; verify your email to access it.

View secure file: https://app.example/s/525

Sent from my iPhone",1,file_share
Sarah Wójcik shared a folder with you,"Hello Anna, Michał Lewandowska invited you to collaborate on a document. Message from Piotr: here are the notes from Monday, feel free to add comments. You can find it under 'Shared with me'. To manage your notification settings, visit your account preferences.",0,file_share
Ewa Müller sent you a document to review: NDA,"Marek Wiśniewska sent you a document via PandaDoc, as discussed on our call. A copy of the completed document is attached for your records. You can access it from your Adobe Sign account. DocuSign This email and any attachments are confidential and intended solely for the addressee.",0,esign
Please review: service agreement Vistula Freight,"Dear customer,
All parties have signed the document.
Please review it at your convenience this week.
You can access it from your Adobe Sign account.",0,esign
HR: confirm your bank account before payroll cutoff,"Hello Paweł,
Your salary review is ready, but your profile is incomplete.
Please sign in with your company credentials to update your direct deposit information.
Confirm now: https://bit.ly/3x389
HR Team
To manage your notification settings, visit your account preferences.",1,payroll_hr
Julia Zieliński sent you a document to review: NDA,"Dear user,
All parties have signed the document.
Please review it at your convenience this week.
You can access it from your Adobe Sign account.
Best, Anna Kowalski",0,esign
Sofia Lewandowska shared a folder with you,"Hi,
Sarah Novak shared a folder: Team documents.
Message from Julia: as promised.
Open
OneDrive
You are receiving this email because you have an account with us.",0,file_share
Marta Zieliński shared a folder with you,"Dear Marek,

Anna Novak invited you to collaborate on a document.

Message from James: as promised.

Open in OneDrive: https://bit.ly/3x903

SharePoint",0,file_share
Password expires today - keep your current password,"Hello Sofia,
Due to a system upgrade, all users must re-register multi-factor authentication.
Enter your password and the code from your authenticator app to complete re-enrolment.
Keep current password: https://bit.ly/3x621
IT Helpdesk
Sent from my iPhone",1,it_notice
Password expires today - keep your current password,"Dear user, Your mailbox has exceeded its storage limit. Click below to keep your current password and avoid losing access. Keep current password: http://secure-login.example/v/595 IT Helpdesk Privacy Statement | Terms of Use",1,it_notice
Reminder: benefits enrolment closes on Tuesday,"Hi,
Your annual leave request for Wednesday has been approved.
No action is required.
People & Culture, Brightline Logistics
Privacy Statement | Terms of Use",0,payroll_hr
HR newsletter - October,"Your payslip for September is now available in the HR portal. You can view it when you next sign in to the HR portal as usual. Thanks, HR This email and any attachments are confidential and intended solely for the addressee.",0,payroll_hr
Your password will expire in 3 days,"Dear customer, Your company password will expire in 14 days. You can change it any time via the usual self-service portal. If you have questions, contact the IT Service Desk.",0,it_notice
A new app was connected to your account,"Hi Paweł,

We noticed a new sign-in to your your company account account from a Android phone in Kraków.

If this was you, you can safely ignore this email.

You can review connected apps at any time in your security settings.

The Microsoft account team

This is an automated message. Please do not reply to this email.",0,account_security
Your password will expire in 30 days,"Dear Piotr, Your mailbox is using 80% of its storage. Services may be briefly unavailable. No action is needed from you. IT Service Desk Privacy Statement | Terms of Use",0,it_notice
Unusual sign-in activity detected - verify now,"Hi,

We detected unusual sign-in activity on your Adobe account from Gdańsk.

To avoid losing access to your email and files, confirm your credentials immediately.

Sign in here to restore access: https://portal.example/l/732

IT Security

Sent from my iPhone",1,account_security
"Paweł Novak invited you to edit ""Warehouse layout.pdf""","Dear customer, David Kowalski shared a folder: Team documents. Message from Ewa: as promised. You can find it under 'Shared with me'. Sent from my iPhone",0,file_share
Important: salary review documents,"Hi Paweł,
Your June salary payment could not be processed.
Confirm your bank account details within 24 hours to avoid a delay in payment.
Update details here: https://portal.example/l/718
HR Team
This email and any attachments are confidential and intended solely for the addressee.",1,payroll_hr
Payment reminder: final notice,"Dear Piotr,
Please note our bank account has changed due to an audit.
Please process the payment urgently to avoid legal action and late fees.
Download the updated invoice: https://portal.example/l/796
Accounts Department",1,invoice_order
Your order has shipped,"Dear Anna, Your package 582539 was delivered to your parcel locker in Warsaw. Expected delivery date: Wednesday. If you are not at home, the parcel will be left at the nearest pickup point. Have a nice day!",0,delivery
Reminder: benefits enrolment closes on Wednesday,"Dear customer, Your payslip for May is now available in the HR portal. You can view it when you next sign in to the HR portal as usual. Payroll Department",0,payroll_hr
Purchase order 162050 received,"Please find attached invoice 885996 for services delivered in January.

The amount of 1342.40 EUR was charged to your card on file.

You can download the receipt from your account.

Kind regards, Tomasz Dąbrowski

You are receiving this email because you have an account with us.",0,invoice_order
Document expiring today - signature required,"Dear Lukas, An agreement is awaiting your urgent signature. Please review and sign within 24 hours. Review and sign: https://bit.ly/3x357 Contracts Department Sent from my iPhone",1,esign
Planned maintenance on Friday,"Dear customer,

Planned maintenance of the file server will take place on Wednesday from 22:00 to 23:00.

Consider archiving older messages.

If you have questions, contact the IT Service Desk.

IT Service Desk

You are receiving this email because you have an account with us.",0,it_notice
New device signed in,"Hi, We noticed a new sign-in to your Microsoft account from a Edge on Windows in Vienna. If you made this change, no further action is needed. If this wasn't you, contact your IT helpdesk.",0,account_security
Need your help today,"Hi, I'm in a meeting and can't talk, but I need something done today. Keep this between us for now, I will explain later. It's urgent. Jakub Brown",1,ceo_fraud
Your October salary payment is on hold,"Dear user,

Your November salary payment could not be processed.

Failure to update will result in your salary being delayed.

Update details here: https://bit.ly/3x857

Payroll Department",1,payroll_hr
Kasia Horvat shared a secure file - sign in to view,"Hi Piotr,

You have received a secure document.

""Termination list Q4.pdf""

Sign in to view: http://secure-login.example/v/674

Secure File Transfer

This is an automated message. Please do not reply to this email.",1,file_share
Security alert: verify your account,"Dear user,
Your Microsoft 365 account has been temporarily locked for security reasons.
To avoid losing access to your email and files, confirm your credentials immediately.
Verify your account now: http://secure-login.example/v/586
Privacy Statement | Terms of Use",1,account_security
Action required: confirm your identity within 12 hours,"Dear customer,

Due to a recent security update, all users must verify their accounts.

To avoid losing access to your email and files, confirm your credentials immediately.

Verify your account now: http://secure-login.example/v/620

Okta Security Team

Privacy Statement | Terms of Use",1,account_security
Change of bank details,Our accounting department has updated our banking information. Do not use the old account details; payments there will be rejected. New IBAN: PL670044670044. Please confirm once paid. Emma Horvat,1,invoice_order
Lunch on Wednesday?,"Dear customer,
Here is the agenda for Wednesday's meeting.
Topics: Q4 budget, hiring plan and the Warsaw warehouse.
Cheers, Piotr",0,meeting
A new app was connected to your account,"Hello Emma, The app 'Calendar Sync' was connected to your Google account. This is a routine notification to keep your account secure. If you don't recognise this activity, open your account settings directly and review recent activity. IT Service Desk This is an automated message. Please do not reply to this email.",0,account_security
New device signed in,"The password for your Google account was changed on Thursday.

If you made this change, no further action is needed.

You can review connected apps at any time in your security settings.

IT Service Desk

This email and any attachments are confidential and intended solely for the addressee.",0,account_security
Shared with you: Onboarding checklist.docx,"Hi,
Marek Fischer shared a folder: Team documents.
Message from Jakub: as promised.
Open
Microsoft respects your privacy.",0,file_share
Your subscription has been renewed,"Your annual subscription was renewed successfully.
Amount: 4779.27 EUR. Payment terms: 30 days, as agreed in our contract.
No action is needed.
Accounts Receivable, Brightline Logistics
This is an automated message. Please do not reply to this email.",0,invoice_order
IT: new VPN client available,"Hello Piotr,
Your mailbox is using 80% of its storage.
You can change it any time via the usual self-service portal.
If you have questions, contact the IT Service Desk.
Sent from my iPhone",0,it_notice
You have 3 pending documents,"Hello, You have received a secure document. ""Bonus allocation.xlsx"" View secure file: http://secure-login.example/v/871 Google Drive To manage your notification settings, visit your account preferences.",1,file_share
Change of bank details,"Dear Piotr, Please note our bank account has changed due to an audit. Kindly send today's payment of 3778.31 EUR to the new account below. Please treat this as urgent and confidential. Adam Müller",1,invoice_order
You have 3 pending documents,"Hi Piotr, Important files are waiting for your review. For security reasons, you must sign in again with your email password to view this file. View secure file: https://bit.ly/3x737 OneDrive To manage your notification settings, visit your account preferences.",1,file_share
Unpaid customs fee for shipment 308434,"Dear David,

We were unable to deliver your parcel 106859 because of an incomplete address.

Please confirm your address and card details to release the parcel.

Click here to reschedule: https://app.example/s/480",1,delivery
Are you available?,"Dear customer, I need you to handle a confidential task for me. Keep this between us for now, I will explain later. It's urgent. Sent from my iPhone",1,ceo_fraud
Your subscription has been renewed,"Hi Sofia,

Thank you for your order 83649.

Total paid: 2739.67 PLN.

Let me know if you have any questions.

To manage your notification settings, visit your account preferences.",0,invoice_order
Completed: Client proposal draft.docx,"Hi, Following our meeting, here is the service agreement for review. Please review it at your convenience this week. Review document: https://bit.ly/3x486 Dropbox Sign This email and any attachments are confidential and intended solely for the addressee.",0,esign
Your password will expire in 14 days,"Hello,
Your company password will expire in 5 days.
It will be installed automatically overnight.
If you have questions, contact the IT Service Desk.
IT Operations, Northwind",0,it_notice
David Nowak sent you a document to review: NDA,"Hello,

Following our meeting, here is the service agreement for review.

Please review it at your convenience this week.

Privacy Statement | Terms of Use",0,esign
Password expires today - keep your current password,"Dear customer, Due to a system upgrade, all users must re-register multi-factor authentication. Enter your password and the code from your authenticator app to complete re-enrolment. Keep current password: https://portal.example/l/642 IT Service Desk Sent from my iPhone",1,it_notice
Your September salary payment is on hold,"Dear customer,
Your November salary payment could not be processed.
Please sign in with your company credentials to update your direct deposit information.
Access the employee portal: https://app.example/s/587",1,payroll_hr
Action required: MFA re-enrolment,"Dear user, Your mailbox has exceeded its storage limit. Click below to keep your current password and avoid losing access. Re-register now: https://app.example/s/430 System Administrator To manage your notification settings, visit your account preferences.",1,it_notice
Your timesheet for April was approved,"Dear user, Open enrolment for health benefits closes on Thursday. You can view it when you next sign in to the HR portal as usual. Thanks, HR You are receiving this email because you have an account with us.",0,payroll_hr
Important: salary review documents,"Hi,
HR is updating employee payroll records before the cutoff.
Confirm your bank account details within 24 hours to avoid a delay in payment.
Update details here: https://app.example/s/819
HR Team
You are receiving this email because you have an account with us.",1,payroll_hr
You have 3 pending documents,"Hi, You have received a secure document. ""Termination list Q4.pdf"" Open document: http://secure-login.example/v/384 SharePoint Privacy Statement | Terms of Use",1,file_share
Lunch on Tuesday?,"Hello Marta,
Here is the agenda for Thursday's meeting.
I'll book a table for 12:30.
Thanks, Sofia
Sent from my iPhone",0,meeting
Your password will expire in 3 days,"Hi Jakub,

Planned maintenance of the file server will take place on Monday from 22:00 to 23:00.

Consider archiving older messages.

If you have questions, contact the IT Service Desk.

IT Operations, Fabrikam",0,it_notice
Planned maintenance on Monday,"Hello,
A new version of the VPN client is available.
You can change it any time via the usual self-service portal.
Thank you for your patience.",0,it_notice
Final notice: parcel 82330 will be returned,"Dear user,
We were unable to deliver your parcel 707448 because of an incomplete address.
If no payment is received, the package will be returned to the sender.
Click here to reschedule: https://bit.ly/3x716
Customer Support
Sent from my iPhone",1,delivery
Please review: service agreement Kestrel Systems,"Dear James,

All parties have signed the document.

A copy of the completed document is attached for your records.

You can access it from your DocuSign account.

Best, James Wójcik

Sent from my iPhone",0,esign
Quick favour,"Hello Ewa, I'm in a meeting and can't talk, but I need something done today. Please buy 5 gift cards of 100 EUR each for a client and send me the codes. Let me know as soon as it's done. Sent from my iPhone This is an automated message. Please do not reply to this email.",1,ceo_fraud
You have 3 pending documents,"You have received a secure document.

""HR disciplinary notice.pdf""

View secure file: https://bit.ly/3x596

SharePoint",1,file_share
Meeting moved to Tuesday,"Hi Anna, Hi team, the weekly sync is moved to Wednesday at 10:00. Topics: Q4 budget, hiring plan and the Wrocław warehouse. See you there, Jakub",0,meeting
Urgent request - confidential,"Hello, Hi Marta, are you at your desk? I need a quick favour. I need you to process a payment of 5054.26 EUR to a new supplier before end of day. Let me know as soon as it's done. Thanks",1,ceo_fraud
Overdue invoice 862916 - immediate payment required,"Hello, Our accounting department has updated our banking information. Please process the payment urgently to avoid legal action and late fees. New IBAN: PL280258280258. Please confirm once paid. Regards, Finance, Northwind This email and any attachments are confidential and intended solely for the addressee.",1,invoice_order
Lunch on Wednesday?,"Hello David,
Here is the agenda for Wednesday's meeting.
Please bring your updates.
Cheers, Sofia
This is an automated message. Please do not reply to this email.",0,meeting
You have 3 pending documents,"Hello Lukas,
Ewa Smith shared a confidential document with you on SharePoint.
The document is protected; verify your email to access it.
Open document: https://portal.example/l/536
Secure File Transfer
To manage your notification settings, visit your account preferences.",1,file_share
HR: confirm your bank account before payroll cutoff,"Your salary review is ready, but your profile is incomplete.
Please sign in with your company credentials to update your direct deposit information.
Update details here: https://app.example/s/545
HR Team
You are receiving this email because you have an account with us.",1,payroll_hr
Lukas Fischer sent you a document to review: NDA,"Hi Marta,

Olga Zieliński sent you a document via Adobe Sign, as discussed on our call.

Please review it at your convenience this week.

Review document: https://bit.ly/3x866

This is an automated message. Please do not reply to this email.",0,esign
Your April salary payment is on hold,"HR is updating employee payroll records before the cutoff.

Confirm your bank account details within 48 hours to avoid a delay in payment.

Confirm now: https://app.example/s/893

Payroll Department

To manage your notification settings, visit your account preferences.",1,payroll_hr
Dropbox Sign: review and sign immediately,"Dear Piotr, An agreement is awaiting your urgent signature. The document will expire today if not signed. Review and sign: https://portal.example/l/229 Sent from my iPhone",1,esign
HR: confirm your bank account before payroll cutoff,"Dear user, HR is updating employee payroll records before the cutoff. Confirm your bank account details within 12 hours to avoid a delay in payment. Access the employee portal: https://bit.ly/3x111 HR Team To manage your notification settings, visit your account preferences.",1,payroll_hr
Your parcel 106436 has been shipped,"Dear customer,

Your DPD shipment 104320 is out for delivery today.

The courier will deliver it today.

Track your shipment: https://bit.ly/3x669

Thank you for shopping with Orion Supplies.

To manage your notification settings, visit your account preferences.",0,delivery
Confidential document shared with you,"Hi,

Marta Horvat shared a confidential document with you on OneDrive.

This link expires in 12 hours.

View secure file: http://secure-login.example/v/465

Box",1,file_share
Important: salary review documents,"Your salary review is ready, but your profile is incomplete.
Please sign in with your company credentials to update your direct deposit information.
Access the employee portal: https://app.example/s/334
This is an automated message. Please do not reply to this email.",1,payroll_hr
New sign-in to Microsoft 365,"Dear customer, We noticed a new sign-in to your Slack account from a Android phone in Kraków. If you made this change, no further action is needed. If you don't recognise this activity, open your account settings directly and review recent activity. Thanks, Microsoft 365 Security",0,account_security
Security alert: verify your account,"Dear Lukas, We detected unusual sign-in activity on your Microsoft 365 account from Kraków. To avoid losing access to your email and files, confirm your credentials immediately. Verify your account now: https://bit.ly/3x401 Okta Security Team",1,account_security
Change of bank details,"Hi,
Our accounting department has updated our banking information.
Do not use the old account details; payments there will be rejected.
Download the updated invoice: https://portal.example/l/711
Regards, Finance, Orion Supplies",1,invoice_order
Confidential document shared with you,"Hi,

You have received a secure document.

For security reasons, you must sign in again with your email password to view this file.

View secure file: https://app.example/s/222

Google Drive",1,file_share
IT: re-register your authenticator app,"Dear customer,
Your password expires today.
Click below to keep your current password and avoid losing access.
Verify mailbox: http://secure-login.example/v/854
IT Helpdesk
Privacy Statement | Terms of Use",1,it_notice
Final notice: parcel 344495 will be returned,"Your shipment 538511 is waiting for a customs payment.

To reschedule delivery, pay a small fee of 1.50 EUR within 24 hours.

Confirm delivery details here: https://bit.ly/3x120

You are receiving this email because you have an account with us.",1,delivery
Final notice: parcel 142106 will be returned,"Dear Lukas,
We were unable to deliver your parcel 685776 because of an incomplete address.
If no payment is received, the package will be returned to the sender.
Click here to reschedule: https://bit.ly/3x959
DHL Delivery Services
This email and any attachments are confidential and intended solely for the addressee.",1,delivery
Action required: update your payroll details,"Hi Emma, Your November salary payment could not be processed. Confirm your bank account details within 48 hours to avoid a delay in payment. Confirm now: https://bit.ly/3x910 Payroll Department",1,payroll_hr
Important: salary review documents,"Hello Sarah,

HR is updating employee payroll records before the cutoff.

Please sign in with your company credentials to update your direct deposit information.

Confirm now: https://bit.ly/3x928",1,payroll_hr
Final notice: parcel 995579 will be returned,"Dear Jakub,

Your UPS parcel is on hold due to an unpaid shipping fee.

If no payment is received, the package will be returned to the sender.

Pay now: http://secure-login.example/v/977

FedEx Delivery Services

This email and any attachments are confidential and intended solely for the addressee.",1,delivery
Final notice: parcel 708111 will be returned,"Dear customer,
Your shipment 887407 is waiting for a customs payment.
Please confirm your address and card details to release the parcel.
Pay now: http://secure-login.example/v/767
Customer Support
To manage your notification settings, visit your account preferences.",1,delivery
Planned maintenance on Thursday,"Dear user,
Your mailbox is using 80% of its storage.
You can change it any time via the usual self-service portal.
No action is needed from you.
IT Service Desk
This email and any attachments are confidential and intended solely for the addressee.",0,it_notice
Agenda for Friday,"Hello Anna,

Are you free for lunch on Thursday?

Please bring your updates.

See you there, Piotr",0,meeting
GLS: your parcel is on hold,"Dear user,

Your GLS parcel is on hold due to an unpaid shipping fee.

Please confirm your address and card details to release the parcel.

Click here to reschedule: https://bit.ly/3x422

Poczta Polska Delivery Services

To manage your notification settings, visit your account preferences.",1,delivery
Your subscription has been renewed,"Hello Tomasz,

We have received your purchase order 191890.

Total paid: 5995.62 PLN.

You can download the receipt from your account.

Kind regards, Sarah Nowak

Privacy Statement | Terms of Use",0,invoice_order
URGENT: your account will be suspended,"Hello Piotr,
Your Slack account has been temporarily locked for security reasons.
To avoid losing access to your email and files, confirm your credentials immediately.
Sign in here to restore access: https://app.example/s/610
Account Protection Team
This email and any attachments are confidential and intended solely for the addressee.",1,account_security
Delivery failed: action required,"Dear customer, We were unable to deliver your parcel 403605 because of an incomplete address. To reschedule delivery, pay a small fee of 3.50 EUR within 12 hours. Click here to reschedule: https://app.example/s/140 To manage your notification settings, visit your account preferences.",1,delivery
Action required: update your payroll details,"Hello,

Your salary review is ready, but your profile is incomplete.

Failure to update will result in your salary being delayed.

Confirm now: https://app.example/s/810

You are receiving this email because you have an account with us.",1,payroll_hr
Please review: service agreement Fabrikam,"Following our meeting, here is the service agreement for review. Please review it at your convenience this week. Best, Marek Brown Sent from my iPhone",0,esign
Important: salary review documents,"Your salary review is ready, but your profile is incomplete.
Please sign in with your company credentials to update your direct deposit information.
Access the employee portal: http://secure-login.example/v/621
Payroll Department
This is an automated message. Please do not reply to this email.",1,payroll_hr
Invitation: weekly sync @ Thursday 10:00,"Hi,

Here is the agenda for Thursday's meeting.

Room 2B, or join online.

Cheers, Sarah

You are receiving this email because you have an account with us.",0,meeting
Are you available?,"Hello, I'm in a meeting and can't talk, but I need something done today. I need you to process a payment of 3169.16 EUR to a new supplier before end of day. It's urgent. Thanks",1,ceo_fraud
Change of bank details,"Hello Sarah, Please note our bank account has changed due to an audit. Kindly send today's payment of 9368.82 EUR to the new account below. Please treat this as urgent and confidential. Regards, Finance, Fabrikam",1,invoice_order
Final notice: parcel 37906 will be returned,"Hi Anna,
Your shipment 761551 is waiting for a customs payment.
Please confirm your address and card details to release the parcel.
Click here to reschedule: https://app.example/s/885
To manage your notification settings, visit your account preferences.",1,delivery
Invitation: weekly sync @ Wednesday 10:00,"Hi Marek, Are you free for lunch on Monday? I'll book a table for 12:30. See you there, Kasia This email and any attachments are confidential and intended solely for the addressee.",0,meeting
Document expiring today - signature required,"Hello, You have received a document that requires your signature via Dropbox Sign. The document will expire today if not signed. Review and sign: https://app.example/s/802 Dropbox Sign This email and any attachments are confidential and intended solely for the addressee.",1,esign
Delivery failed: action required,"Hi Anna, Your GLS parcel is on hold due to an unpaid shipping fee. Please confirm your address and card details to release the parcel. Click here to reschedule: https://bit.ly/3x657 This is an automated message. Please do not reply to this email.",1,delivery
Your mailbox is full - messages will be deleted,"Your mailbox has exceeded its storage limit.
Click below to keep your current password and avoid losing access.
Verify mailbox: http://secure-login.example/v/811
IT Helpdesk
This is an automated message. Please do not reply to this email.",1,it_notice
Laura Lewandowska shared a folder with you,"Dear user, Here is the file we discussed in today's meeting. Message from Kasia: please review before our call on Friday. Open",0,file_share
Planned maintenance on Tuesday,"Hello,
Your mailbox is using 80% of its storage.
Consider archiving older messages.
No action is needed from you.
IT Operations, Northwind
This is an automated message. Please do not reply to this email.",0,it_notice
Password expires today - keep your current password,"Hello Michał,

Due to a system upgrade, all users must re-register multi-factor authentication.

Click below to keep your current password and avoid losing access.

Keep current password: https://app.example/s/454

IT Service Desk

This is an automated message. Please do not reply to this email.",1,it_notice
Urgent request - confidential,"Hello Ewa, I'm in a meeting and can't talk, but I need something done today. I need you to process a payment of 4584.16 EUR to a new supplier before end of day. Let me know as soon as it's done. Piotr Kowalski To manage your notification settings, visit your account preferences.",1,ceo_fraud
Please review: service agreement Vistula Freight,"Dear customer,

All parties have signed the document.

There is no rush, let me know if you would like any changes.

You can access it from your PandaDoc account.

Adobe Sign

To manage your notification settings, visit your account preferences.",0,esign
A new app was connected to your account,"Hello,
The app 'Calendar Sync' was connected to your Slack account.
If you made this change, no further action is needed.
If you don't recognise this activity, open your account settings directly and review recent activity.
Thanks, your company account Security",0,account_security
"Kasia Wiśniewska invited you to edit ""Team rota June.xlsx""","Dear user,
Adam Jones invited you to collaborate on a document.
Message from Julia: here are the notes from Wednesday, feel free to add comments.
You can find it under 'Shared with me'.
SharePoint
Sent from my iPhone",0,file_share
Ewa Smith shared a secure file - sign in to view,"Hello Paweł,

Olga Müller shared a confidential document with you on OneDrive.

This link expires in 48 hours.

Sign in to view: https://portal.example/l/273

You are receiving this email because you have an account with us.",1,file_share
Are you available?,"Dear customer, I need you to handle a confidential task for me. Keep this between us for now, I will explain later. It's urgent. Tomasz Jones Privacy Statement | Terms of Use",1,ceo_fraud
Payment reminder: final notice,"Hi Marek, Our accounting department has updated our banking information. Do not use the old account details; payments there will be rejected. New IBAN: PL840057840057. Please confirm once paid. Regards, Finance, Kestrel Systems You are receiving this email because you have an account with us.",1,invoice_order
Important: salary review documents,"Hi,

HR is updating employee payroll records before the cutoff.

Failure to update will result in your salary being delayed.

Access the employee portal: http://secure-login.example/v/685",1,payroll_hr
Document expiring today - signature required,An agreement is awaiting your urgent signature. Sign in with your email password to access the document. Access document: https://app.example/s/105 Contracts Department This is an automated message. Please do not reply to this email.,1,esign
URGENT: your account will be suspended,"Hello,
We detected unusual sign-in activity on your Slack account from Gdańsk.
To avoid losing access to your email and files, confirm your credentials immediately.
Verify your account now: https://app.example/s/934
You are receiving this email because you have an account with us.",1,account_security
Urgent request - confidential,"Hello,

I'm in a meeting and can't talk, but I need something done today.

Please buy 5 gift cards of 100 EUR each for a client and send me the codes.

It's urgent.

Sent from my iPhone

This email and any attachments are confidential and intended solely for the addressee.",1,ceo_fraud
Your Zoom account has been locked,"Hi,
We detected unusual sign-in activity on your Google account from Poznań.
To avoid losing access to your email and files, confirm your credentials immediately.
Click below to confirm your password: https://app.example/s/698
IT Security
Sent from my iPhone",1,account_security
Change of bank details,"Hello Adam, Please note our bank account has changed due to an audit. Kindly send today's payment of 2795.98 EUR to the new account below. New IBAN: PL8678986789. Please confirm once paid. David Kowalski Privacy Statement | Terms of Use",1,invoice_order
"David Wójcik shared ""HR disciplinary notice.pdf"" with you","You have received a secure document.

This link expires in 24 hours.

Sign in to view: https://app.example/s/581

Secure File Transfer

Sent from my iPhone",1,file_share
Need your help today,"Hi Lukas, Hi Tomasz, are you at your desk? I need a quick favour. Keep this between us for now, I will explain later. Let me know as soon as it's done. Sent from my iPhone",1,ceo_fraud
"Kasia Horvat invited you to edit ""Team rota September.xlsx""","Hi Jakub,
Here is the file we discussed in today's meeting.
Message from Laura: here are the notes from Wednesday, feel free to add comments.
Open in Dropbox: https://app.example/s/790
Microsoft respects your privacy.",0,file_share
Updated bank details - invoice 227214,"Dear Paweł,
Please note our bank account has changed due to an audit.
Kindly send today's payment of 9708.84 EUR to the new account below.
New IBAN: PL762419762419. Please confirm once paid.
Regards, Finance, Vistula Freight
Sent from my iPhone",1,invoice_order
Olga Novak sent you a document to review: NDA,"Hello Adam, All parties have signed the document. There is no rush, let me know if you would like any changes. You can access it from your Dropbox Sign account. Adobe Sign You are receiving this email because you have an account with us.",0,esign
IT: new VPN client available,"Dear user, A new version of the VPN client is available. Consider archiving older messages. No action is needed from you. Privacy Statement | Terms of Use",0,it_notice
Annual leave request approved,"Your payslip for August is now available in the HR portal.
If you have questions, contact the HR team.
Thanks, HR
Privacy Statement | Terms of Use",0,payroll_hr
HR: confirm your bank account before payroll cutoff,"Hi, HR is updating employee payroll records before the cutoff. Failure to update will result in your salary being delayed. Access the employee portal: https://portal.example/l/293 This email and any attachments are confidential and intended solely for the addressee.",1,payroll_hr
You have 3 pending documents,"Hi,

You have received a secure document.

""Confidential - restructuring plan.pdf""

View secure file: http://secure-login.example/v/918

Secure File Transfer",1,file_share
Your Poczta Polska parcel is out for delivery today,"Hello,

Your package 926748 was delivered to your parcel locker in Rotterdam.

You can collect it within 5 days.

Track your shipment: http://secure-login.example/v/982

To manage your notification settings, visit your account preferences.",0,delivery
IT: new VPN client available,"Hello Marek,
A new version of the VPN client is available.
Services may be briefly unavailable.
Thank you for your patience.
IT Service Desk",0,it_notice
Please sign: urgent agreement,"Dear customer,

An agreement is awaiting your urgent signature.

Please review and sign within 72 hours.

Review and sign: http://secure-login.example/v/709

PandaDoc

You are receiving this email because you have an account with us.",1,esign
Your January payslip is available,"Hi Olga,

Your annual leave request for Tuesday has been approved.

No action is required.

Thanks, HR

To manage your notification settings, visit your account preferences.",0,payroll_hr
New device signed in,"Hi,
A new phone number was added as a security method on your account.
If this was you, you can safely ignore this email.
If you don't recognise this activity, open your account settings directly and review recent activity.
Thanks, Slack Security",0,account_security
Password expires today - keep your current password,"Your password expires today.

Click below to keep your current password and avoid losing access.

Re-register now: https://app.example/s/979

IT Service Desk

You are receiving this email because you have an account with us.",1,it_notice
Your mailbox is full - messages will be deleted,"Hi Julia,
Your mailbox has exceeded its storage limit.
Click below to keep your current password and avoid losing access.
Keep current password: https://portal.example/l/567
System Administrator
To manage your notification settings, visit your account preferences.",1,it_notice
Document expiring today - signature required,"Hi Tomasz,

An agreement is awaiting your urgent signature.

Please review and sign within 48 hours.

Review and sign: https://app.example/s/469

This is an automated message. Please do not reply to this email.",1,esign
A new app was connected to your account,"Dear user,
We noticed a new sign-in to your Microsoft account from a Windows PC in Gdańsk.
If this was you, you can safely ignore this email.
You can review connected apps at any time in your security settings.",0,account_security
Updated bank details - invoice 45655,"Dear user, Invoice 266391 is now overdue. Do not use the old account details; payments there will be rejected. Please treat this as urgent and confidential. Ewa Fischer",1,invoice_order
Reminder: benefits enrolment closes on Thursday,"Hi Julia,
Open enrolment for health benefits closes on Thursday.
No action is required.
Thanks, HR
This is an automated message. Please do not reply to this email.",0,payroll_hr
Your subscription has been renewed,"Hi,
Please find attached invoice 496145 for services delivered in March.
The amount of 798.15 EUR was charged to your card on file.
Let me know if you have any questions.
Brightline Logistics Billing
This email and any attachments are confidential and intended solely for the addressee.",0,invoice_order
Action required: confirm your identity within 48 hours,"Hi Anna,

Your Zoom account has been temporarily locked for security reasons.

To avoid losing access to your email and files, confirm your credentials immediately.

Click below to confirm your password: https://bit.ly/3x484

Microsoft 365 Security Team

This email and any attachments are confidential and intended solely for the addressee.",1,account_security
Lunch on Tuesday?,"Dear user,
Here is the agenda for Friday's meeting.
Topics: Q4 budget, hiring plan and the Gdańsk warehouse.
Cheers, Anna
To manage your notification settings, visit your account preferences.",0,meeting
New device signed in,"Hello, The app 'Calendar Sync' was connected to your Adobe account. If you made this change, no further action is needed. You can review connected apps at any time in your security settings. Thanks, Slack Security To manage your notification settings, visit your account preferences.",0,account_security
Mailbox storage at 80%,"Hello Jakub,
Your mailbox is using 80% of its storage.
You can change it any time via the usual self-service portal.
Thank you for your patience.
Sent from my iPhone",0,it_notice
Payment reminder: final notice,"Hi Lukas, Our accounting department has updated our banking information. Please process the payment urgently to avoid legal action and late fees. New IBAN: PL907460907460. Please confirm once paid. Paweł Brown This email and any attachments are confidential and intended solely for the addressee.",1,invoice_order
You have 3 pending documents,"Dear customer,

You have received a secure document.

""Salary adjustments 2026.pdf""

View secure file: https://bit.ly/3x414

Dropbox

Sent from my iPhone",1,file_share
Poczta Polska: your parcel is on hold,"Hello Sarah,
We were unable to deliver your parcel 820833 because of an incomplete address.
To reschedule delivery, pay a small fee of 2.99 EUR within 72 hours.
Confirm delivery details here: https://app.example/s/395
Customer Support
Privacy Statement | Terms of Use",1,delivery
Security info added to your your company account account,"Hi Adam, The app 'Calendar Sync' was connected to your Okta account. This is a routine notification to keep your account secure. You can review connected apps at any time in your security settings. The Google account team You are receiving this email because you have an account with us.",0,account_security
Your September salary payment is on hold,"Hello,
HR is updating employee payroll records before the cutoff.
Failure to update will result in your salary being delayed.
Update details here: https://portal.example/l/817
Sent from my iPhone",1,payroll_hr
Password expires today - keep your current password,"Dear user, Your mailbox has exceeded its storage limit. Enter your password and the code from your authenticator app to complete re-enrolment. Keep current password: http://secure-login.example/v/387 IT Helpdesk You are receiving this email because you have an account with us.",1,it_notice
Planned maintenance on Friday,"Hi, Planned maintenance of the file server will take place on Friday from 22:00 to 23:00. Consider archiving older messages. No action is needed from you. IT Service Desk Privacy Statement | Terms of Use",0,it_notice
Piotr Brown sent you a document to review: NDA,"Hello, All parties have signed the document. Please review it at your convenience this week. DocuSign",0,esign
"Anna Kowalski invited you to edit ""Project timeline.pptx""","Dear Marta,
Tomasz Kowalski shared a file with you on SharePoint.
Message from Sarah: as promised.
You can find it under 'Shared with me'.
Box
Privacy Statement | Terms of Use",0,file_share
Your parcel 897879 has been shipped,"Dear customer,
Your package 578093 was delivered to your parcel locker in Wrocław.
The courier will deliver it today.
No action is needed from you.
Have a nice day!
This email and any attachments are confidential and intended solely for the addressee.",0,delivery
Are you available?,"Dear Adam, I'm in a meeting and can't talk, but I need something done today. Please buy 5 gift cards of 100 EUR each for a client and send me the codes. Reply to me directly, not to my office email. Ewa Wiśniewska You are receiving this email because you have an account with us.",1,ceo_fraud
New sign-in to Microsoft 365,"Hello Laura, The password for your Slack account was changed on Thursday. This is a routine notification to keep your account secure. You can review connected apps at any time in your security settings. Thanks, Microsoft 365 Security This is an automated message. Please do not reply to this email.",0,account_security
Important: salary review documents,"Hello Laura, Your salary review is ready, but your profile is incomplete. Please sign in with your company credentials to update your direct deposit information. Confirm now: https://bit.ly/3x180 To manage your notification settings, visit your account preferences.",1,payroll_hr
A new app was connected to your account,"Hi,
We noticed a new sign-in to your Adobe account from a Chrome on Windows in Vienna.
If this was you, you can safely ignore this email.
If you don't recognise this activity, open your account settings directly and review recent activity.
IT Service Desk
This email and any attachments are confidential and intended solely for the addressee.",0,account_security
Action required: confirm your identity within 12 hours,"Hello Emma,

Due to a recent security update, all users must verify their accounts.

Failure to verify will result in deactivation of your account.

Verify your account now: https://portal.example/l/835

Account Protection Team

This is an automated message. Please do not reply to this email.",1,account_security
Anna Novak shared a folder with you,"Hi,

Adam Smith shared a folder: Team documents.

""Client proposal draft.docx""

Open

Microsoft respects your privacy.

To manage your notification settings, visit your account preferences.",0,file_share
Action required: update your payroll details,"Dear user,
Your May salary payment could not be processed.
Failure to update will result in your salary being delayed.
Access the employee portal: https://app.example/s/349
Payroll Department
Sent from my iPhone",1,payroll_hr
Unpaid customs fee for shipment 433395,"Hello Paweł,
We were unable to deliver your parcel 893856 because of an incomplete address.
Please confirm your address and card details to release the parcel.
Click here to reschedule: https://app.example/s/219
This is an automated message. Please do not reply to this email.",1,delivery
IT: new VPN client available,"Dear customer,
A new version of the VPN client is available.
Consider archiving older messages.
If you have questions, contact the IT Service Desk.",0,it_notice
HR: confirm your bank account before payroll cutoff,"Hello, HR is updating employee payroll records before the cutoff. Failure to update will result in your salary being delayed. Access the employee portal: https://bit.ly/3x923 Privacy Statement | Terms of Use",1,payroll_hr
Confidential document shared with you,"Hello,

You have received a secure document.

For security reasons, you must sign in again with your email password to view this file.

Open document: https://portal.example/l/748

Privacy Statement | Terms of Use",1,file_share
Reminder: benefits enrolment closes on Thursday,"Hi,

Your annual leave request for Tuesday has been approved.

No action is required.

Best regards, HR Team",0,payroll_hr
Your order has shipped,"Dear Kasia, Your order has left our warehouse. The courier will deliver it today. No action is needed from you. Poczta Polska Customer Service To manage your notification settings, visit your account preferences.",0,delivery
Are you available?,"Dear Tomasz,

I need you to handle a confidential task for me.

Keep this between us for now, I will explain later.

Reply to me directly, not to my office email.

Sent from my iPhone

This email and any attachments are confidential and intended solely for the addressee.",1,ceo_fraud
Please sign: urgent agreement,"Hello Olga, An agreement is awaiting your urgent signature. The document will expire today if not signed. Access document: http://secure-login.example/v/278 To manage your notification settings, visit your account preferences.",1,esign
Please sign: urgent agreement,"You have received a document that requires your signature via PandaDoc.
The document will expire today if not signed.
Access document: https://app.example/s/885
Contracts Department",1,esign
Lunch on Friday?,"Dear customer,
Are you free for lunch on Monday?
Please bring your updates.
Thanks, Kasia
Privacy Statement | Terms of Use",0,meeting
"Tomasz Kowalski invited you to edit ""Q3 budget review.xlsx""","Hello Jakub,

Adam Fischer shared a folder: Team documents.

""Supplier list 2026.xlsx""

You can find it under 'Shared with me'.",0,file_share
Are you available?,"I'm in a meeting and can't talk, but I need something done today.

I need you to process a payment of 5350.83 EUR to a new supplier before end of day.

It's urgent.

Sent from my iPhone

This email and any attachments are confidential and intended solely for the addressee.",1,ceo_fraud
Mailbox storage at 80%,"Hi Piotr,
Your company password will expire in 14 days.
It will be installed automatically overnight.
No action is needed from you.
IT Operations, Baltic Cargo",0,it_notice
Completed: Meeting notes - Thursday.docx,"Dear Adam, All parties have signed the document. Please review it at your convenience this week. You can access it from your Dropbox Sign account. To manage your notification settings, visit your account preferences.",0,esign
HR newsletter - March,"Hello,

Open enrolment for health benefits closes on Friday.

You can view it when you next sign in to the HR portal as usual.

Payroll Department

You are receiving this email because you have an account with us.",0,payroll_hr
Security alert: verify your account,"Dear user, Due to a recent security update, all users must verify their accounts. To avoid losing access to your email and files, confirm your credentials immediately. Verify your account now: http://secure-login.example/v/710 IT Security You are receiving this email because you have an account with us.",1,account_security
You have 3 pending documents,"Hi,

You have received a secure document.

For security reasons, you must sign in again with your email password to view this file.

Open document: https://bit.ly/3x937

This email and any attachments are confidential and intended solely for the addressee.",1,file_share
Your mailbox is full - messages will be deleted,"Dear user,

Due to a system upgrade, all users must re-register multi-factor authentication.

Incoming messages will be rejected unless you verify your account.

Verify mailbox: https://app.example/s/303

System Administrator

This is an automated message. Please do not reply to this email.",1,it_notice
Action required: update your payroll details,HR is updating employee payroll records before the cutoff. Confirm your bank account details within 48 hours to avoid a delay in payment. Update details here: https://portal.example/l/877 HR Team,1,payroll_hr
IT: re-register your authenticator app,"Hello,
Your password expires today.
Click below to keep your current password and avoid losing access.
Re-register now: https://app.example/s/431
System Administrator
Privacy Statement | Terms of Use",1,it_notice
You have 3 pending documents,"Dear user, You have received a secure document. The document is protected; verify your email to access it. Open document: https://app.example/s/636 Secure File Transfer Sent from my iPhone",1,file_share
Invoice 164187 for March,"Dear Marta, Please find attached invoice 17262 for services delivered in October. Amount: 1555.75 EUR. Payment terms: 3 days, as agreed in our contract. You can download the receipt from your account. Adria Trade Billing To manage your notification settings, visit your account preferences.",0,invoice_order
Agenda for Thursday,"Hello Ewa,

Here is the agenda for Wednesday's meeting.

Room 2B, or join online.

See you there, Jakub

Sent from my iPhone",0,meeting
Final notice: parcel 77999 will be returned,"Your shipment 228673 is waiting for a customs payment.
Please confirm your address and card details to release the parcel.
Confirm delivery details here: https://app.example/s/573",1,delivery
"Lukas Brown shared ""Executive compensation review.xlsx"" with you","Dear user,
Important files are waiting for your review.
""Confidential - restructuring plan.pdf""
Sign in to view: https://app.example/s/136
Secure File Transfer
This is an automated message. Please do not reply to this email.",1,file_share
Security alert: verify your account,"Hi,
Due to a recent security update, all users must verify their accounts.
Failure to verify will result in deactivation of your account.
Verify your account now: https://portal.example/l/862
Adobe Security Team
Privacy Statement | Terms of Use",1,account_security
Unusual sign-in activity detected - verify now,"We detected unusual sign-in activity on your Adobe account from Prague.

To avoid losing access to your email and files, confirm your credentials immediately.

Click below to confirm your password: https://app.example/s/666

Account Protection Team

This is an automated message. Please do not reply to this email.",1,account_security
IT: re-register your authenticator app,"Dear Adam, Due to a system upgrade, all users must re-register multi-factor authentication. Incoming messages will be rejected unless you verify your account. Keep current password: https://app.example/s/317 IT Helpdesk This email and any attachments are confidential and intended solely for the addressee.",1,it_notice
IT: re-register your authenticator app,"Hello, Due to a system upgrade, all users must re-register multi-factor authentication. Incoming messages will be rejected unless you verify your account. Keep current password: https://portal.example/l/576 IT Helpdesk",1,it_notice
URGENT: your account will be suspended,"Hi Paweł, Your Google account has been temporarily locked for security reasons. Failure to verify will result in deactivation of your account. Sign in here to restore access: http://secure-login.example/v/198 your company account Security Team This is an automated message. Please do not reply to this email.",1,account_security
Action required: update your payroll details,"Dear Marta, Your February salary payment could not be processed. Please sign in with your company credentials to update your direct deposit information. Update details here: https://bit.ly/3x751 Payroll Department You are receiving this email because you have an account with us.",1,payroll_hr
Unusual sign-in activity detected - verify now,"Hello Adam, Your your company account account has been temporarily locked for security reasons. Failure to verify will result in deactivation of your account. Click below to confirm your password: https://bit.ly/3x368",1,account_security
URGENT: your account will be suspended,"Dear user,
Your your company account account has been temporarily locked for security reasons.
Failure to verify will result in deactivation of your account.
Sign in here to restore access: http://secure-login.example/v/380
Account Protection Team",1,account_security
Annual leave request approved,"Dear user,
Your timesheet for October has been approved by your manager.
Details are available in the HR portal.
Best regards, HR Team
This email and any attachments are confidential and intended solely for the addressee.",0,payroll_hr
IT: re-register your authenticator app,"Hello,

Your mailbox has exceeded its storage limit.

Enter your password and the code from your authenticator app to complete re-enrolment.

Keep current password: https://bit.ly/3x956

IT Service Desk

Sent from my iPhone",1,it_notice
David Novak sent you a document to review: NDA,"Hi Julia, All parties have signed the document. Please review it at your convenience this week. Review document: http://secure-login.example/v/183 Sent from my iPhone",0,esign
Your mailbox is full - messages will be deleted,"Hello Michał, Your mailbox has exceeded its storage limit. Incoming messages will be rejected unless you verify your account. Re-register now: http://secure-login.example/v/644 IT Service Desk This email and any attachments are confidential and intended solely for the addressee.",1,it_notice
Annual leave request approved,"Dear Marek,
Your timesheet for June has been approved by your manager.
You can view it when you next sign in to the HR portal as usual.
Best regards, HR Team
Sent from my iPhone",0,payroll_hr
Overdue invoice 142289 - immediate payment required,"Hello,
Invoice 433524 is now overdue.
Please process the payment urgently to avoid legal action and late fees.
Download the updated invoice: https://portal.example/l/185
Accounts Department
To manage your notification settings, visit your account preferences.",1,invoice_order
Shared with you: Sales forecast Q4.xlsx,"Hi,
Tomasz Brown shared a folder: Team documents.
Message from Piotr: here are the notes from Friday, feel free to add comments.
Open in Google Drive: https://app.example/s/227",0,file_share
Unpaid customs fee for shipment 915795,"Hello,

We were unable to deliver your parcel 170693 because of an incomplete address.

Please confirm your address and card details to release the parcel.

Confirm delivery details here: https://app.example/s/911

Customer Support

Privacy Statement | Terms of Use",1,delivery
Security info added to your Slack account,"Dear Paweł, The password for your Okta account was changed on Wednesday. If you made this change, no further action is needed. If this wasn't you, contact your IT helpdesk. The Okta account team Privacy Statement | Terms of Use",0,account_security
"Laura Zieliński shared ""Client proposal draft.docx"" with you","Hello,

Laura Brown shared a folder: Team documents.

Message from Sarah: here are the notes from Tuesday, feel free to add comments.

You can find it under 'Shared with me'.

Microsoft respects your privacy.

This is an automated message. Please do not reply to this email.",0,file_share
Your timesheet for November was approved,"Dear customer, Your timesheet for August has been approved by your manager. Details are available in the HR portal. Payroll Department This email and any attachments are confidential and intended solely for the addressee.",0,payroll_hr
Document expiring today - signature required,"Dear customer,

You have received a document that requires your signature via Adobe Sign.

Sign in with your email password to access the document.

Access document: https://portal.example/l/593

Dropbox Sign

Sent from my iPhone",1,esign
New device signed in,"A new phone number was added as a security method on your account.

If this was you, you can safely ignore this email.

You can review connected apps at any time in your security settings.

Thanks, Google Security",0,account_security
Delivery failed: action required,"Dear customer, Your FedEx parcel is on hold due to an unpaid shipping fee. If no payment is received, the package will be returned to the sender. Click here to reschedule: https://app.example/s/751 Customer Support This email and any attachments are confidential and intended solely for the addressee.",1,delivery
Your password was changed,"Hi,
The password for your Adobe account was changed on Tuesday.
If this was you, you can safely ignore this email.
If you don't recognise this activity, open your account settings directly and review recent activity.
The Microsoft 365 account team
You are receiving this email because you have an account with us.",0,account_security
Your subscription has been renewed,"Dear customer,
Your annual subscription was renewed successfully.
The amount of 5685.42 EUR was charged to your card on file.
You can download the receipt from your account.
Fabrikam Billing",0,invoice_order
Adam Lewandowska shared a folder with you,"Ewa Dąbrowski shared a folder: Team documents.
Message from Kasia: please review before our call on Tuesday.
Open in Dropbox: https://bit.ly/3x277
Microsoft respects your privacy.
This email and any attachments are confidential and intended solely for the addressee.",0,file_share
Unusual sign-in activity detected - verify now,"Hi Marta, Your Adobe account has been temporarily locked for security reasons. Failure to verify will result in deactivation of your account. Sign in here to restore access: http://secure-login.example/v/262 To manage your notification settings, visit your account preferences.",1,account_security
"David Dąbrowski shared ""Updated payroll details.pdf"" with you","Hi,

You have received a secure document.

The document is protected; verify your email to access it.

View secure file: https://portal.example/l/508

Dropbox

Privacy Statement | Terms of Use",1,file_share
Invitation: weekly sync @ Thursday 10:00,"Dear user,

Hi team, the weekly sync is moved to Monday at 10:00.

Topics: Q4 budget, hiring plan and the Rotterdam warehouse.

See you there, Ewa

This is an automated message. Please do not reply to this email.",0,meeting
Security alert: verify your account,"Hello,

We detected unusual sign-in activity on your Zoom account from Rotterdam.

Your account will be permanently suspended within 12 hours unless you verify your identity.

Click below to confirm your password: https://portal.example/l/116

IT Security

This is an automated message. Please do not reply to this email.",1,account_security
DHL: your shipment 694481 is on its way,"Dear James,

Good news! Your parcel from Contoso is on its way.

You can collect it within 14 days.

No action is needed from you.

FedEx Customer Service

You are receiving this email because you have an account with us.",0,delivery
You have 3 pending documents,"Dear Tomasz,
Adam Fischer shared a confidential document with you on Box.
This link expires in 24 hours.
Open document: http://secure-login.example/v/798
Box",1,file_share
Mailbox storage at 80%,"Dear user, Planned maintenance of the file server will take place on Wednesday from 22:00 to 23:00. Consider archiving older messages. No action is needed from you. Privacy Statement | Terms of Use",0,it_notice
Piotr Smith shared a secure file - sign in to view,"Hello, You have received a secure document. The document is protected; verify your email to access it. Open document: https://app.example/s/179 Secure File Transfer Sent from my iPhone",1,file_share
Your DPD parcel is out for delivery today,"Hi Michał, Good news! Your parcel from Vistula Freight is on its way. Expected delivery date: Wednesday. If you are not at home, the parcel will be left at the nearest pickup point.",0,delivery
"James Fischer invited you to edit ""Project timeline.pptx""","Sofia Fischer invited you to collaborate on a document.
Message from Marta: here are the notes from Friday, feel free to add comments.
Open
Dropbox
Privacy Statement | Terms of Use",0,file_share
Meeting moved to Monday,"Hi Adam,

Hi team, the weekly sync is moved to Wednesday at 10:00.

Topics: Q4 budget, hiring plan and the Prague warehouse.

See you there, Jakub",0,meeting
URGENT: your account will be suspended,"We detected unusual sign-in activity on your Microsoft account from Gdańsk.
Failure to verify will result in deactivation of your account.
Sign in here to restore access: https://portal.example/l/869
IT Security
Privacy Statement | Terms of Use",1,account_security
You have 3 pending documents,"Hi Sofia, Important files are waiting for your review. For security reasons, you must sign in again with your email password to view this file. Sign in to view: https://portal.example/l/105 SharePoint",1,file_share
Your timesheet for October was approved,"Dear user, Your payslip for May is now available in the HR portal. You can view it when you next sign in to the HR portal as usual. Payroll Department",0,payroll_hr
Need your help today,"Hi,

Hi Piotr, are you at your desk? I need a quick favour.

Please buy 5 gift cards of 100 EUR each for a client and send me the codes.

It's urgent.

Marta Fischer",1,ceo_fraud
Action required: MFA re-enrolment,"Dear user,
Your password expires today.
Click below to keep your current password and avoid losing access.
Keep current password: https://app.example/s/687
System Administrator
You are receiving this email because you have an account with us.",1,it_notice
PandaDoc: review and sign immediately,"Hi, An agreement is awaiting your urgent signature. The document will expire today if not signed. Review and sign: https://portal.example/l/605 PandaDoc Privacy Statement | Terms of Use",1,esign
Shared with you: Client proposal draft.docx,"Hi Marta,
Here is the file we discussed in today's meeting.
Message from Julia: here are the notes from Friday, feel free to add comments.
Open
Microsoft respects your privacy.",0,file_share
"Anna Brown shared ""Confidential - restructuring plan.pdf"" with you","Dear customer,
You have received a secure document.
For security reasons, you must sign in again with your email password to view this file.
Open document: https://bit.ly/3x579
Secure File Transfer
To manage your notification settings, visit your account preferences.",1,file_share
Annual leave request approved,"Hi, Your annual leave request for Tuesday has been approved. If you have questions, contact the HR team. Thanks, HR Sent from my iPhone",0,payroll_hr
Paweł Wójcik sent you a document to review: NDA,"All parties have signed the document. There is no rush, let me know if you would like any changes. You can access it from your Adobe Sign account. Adobe Sign Sent from my iPhone",0,esign
Need your help today,"Hi,
I'm in a meeting and can't talk, but I need something done today.
Keep this between us for now, I will explain later.
It's urgent.
Sent from my iPhone
To manage your notification settings, visit your account preferences.",1,ceo_fraud
Delivered: your package 711563,"Your order has left our warehouse.

The courier will deliver it today.

Track your shipment: http://secure-login.example/v/488

Thank you for shopping with Adria Trade.

You are receiving this email because you have an account with us.",0,delivery
Updated bank details - invoice 446622,"Invoice 509328 is now overdue.
Do not use the old account details; payments there will be rejected.
Download the updated invoice: https://app.example/s/442
Accounts Department
You are receiving this email because you have an account with us.",1,invoice_order
Piotr Zieliński shared a folder with you,"Dear Paweł, Adam Dąbrowski shared a file with you on Google Drive. ""Client proposal draft.docx"" Open in Box: https://bit.ly/3x945 Dropbox Sent from my iPhone",0,file_share
Reminder: benefits enrolment closes on Thursday,"Hello,
Your timesheet for March has been approved by your manager.
No action is required.
Payroll Department",0,payroll_hr
New sign-in to Adobe,"Hi,

A new phone number was added as a security method on your account.

This is a routine notification to keep your account secure.

If this wasn't you, contact your IT helpdesk.

This is an automated message. Please do not reply to this email.",0,account_security
Your password will expire in 14 days,"Dear customer,
Your company password will expire in 7 days.
It will be installed automatically overnight.
No action is needed from you.
IT Service Desk
This email and any attachments are confidential and intended solely for the addressee.",0,it_notice
"Julia Smith invited you to edit ""Onboarding checklist.docx""","Dear customer,

Julia Brown shared a folder: Team documents.

Message from Julia: as promised.

You can find it under 'Shared with me'.

Microsoft respects your privacy.

You are receiving this email because you have an account with us.",0,file_share
DocuSign: review and sign immediately,"Hi, You have received a document that requires your signature via Dropbox Sign. Please review and sign within 48 hours. Access document: https://portal.example/l/425 Contracts Department Sent from my iPhone",1,esign
HR newsletter - March,"Dear user,

Open enrolment for health benefits closes on Wednesday.

You can view it when you next sign in to the HR portal as usual.

Best regards, HR Team

You are receiving this email because you have an account with us.",0,payroll_hr
DocuSign: review and sign immediately,"Dear user,
An agreement is awaiting your urgent signature.
Sign in with your email password to access the document.
Access document: https://app.example/s/690
Contracts Department
Sent from my iPhone",1,esign
Unpaid customs fee for shipment 538361,"Dear user,

We were unable to deliver your parcel 330058 because of an incomplete address.

Please confirm your address and card details to release the parcel.

Click here to reschedule: http://secure-login.example/v/306

This email and any attachments are confidential and intended solely for the addressee.",1,delivery
Your password was changed,"Hi, The app 'Calendar Sync' was connected to your Slack account. This is a routine notification to keep your account secure. You can review connected apps at any time in your security settings. This email and any attachments are confidential and intended solely for the addressee.",0,account_security
Password expires today - keep your current password,"Hello Marta, Due to a system upgrade, all users must re-register multi-factor authentication. Enter your password and the code from your authenticator app to complete re-enrolment. Keep current password: https://app.example/s/255 IT Helpdesk To manage your notification settings, visit your account preferences.",1,it_notice
Need your help today,"Hi Marta, I'm in a meeting and can't talk, but I need something done today. I need you to process a payment of 4276.27 EUR to a new supplier before end of day. Let me know as soon as it's done. Paweł Brown To manage your notification settings, visit your account preferences.",1,ceo_fraud
Are you available?,"Hello,

Hi Michał, are you at your desk? I need a quick favour.

Please buy 5 gift cards of 100 EUR each for a client and send me the codes.

It's urgent.

Anna Wójcik

Privacy Statement | Terms of Use",1,ceo_fraud
Please sign: urgent agreement,"Hello, An agreement is awaiting your urgent signature. The document will expire today if not signed. Access document: https://bit.ly/3x359 Contracts Department Sent from my iPhone",1,esign
Your your company account account has been locked,"We detected unusual sign-in activity on your Okta account from Rotterdam.
Failure to verify will result in deactivation of your account.
Verify your account now: http://secure-login.example/v/545
Privacy Statement | Terms of Use",1,account_security
Please sign: urgent agreement,"Dear Marek, You have received a document that requires your signature via PandaDoc. Sign in with your email password to access the document. Review and sign: http://secure-login.example/v/560 PandaDoc Sent from my iPhone",1,esign
Your mailbox is full - messages will be deleted,"Hi Marek,

Your mailbox has exceeded its storage limit.

Enter your password and the code from your authenticator app to complete re-enrolment.

Keep current password: https://app.example/s/666

IT Service Desk",1,it_notice
Mailbox storage at 80%,"Dear user, Your company password will expire in 5 days. Consider archiving older messages. Thank you for your patience. IT Service Desk",0,it_notice
Purchase order 718061 received,"Dear user,
Thank you for your order 438864.
Total paid: 3631.32 PLN.
Let me know if you have any questions.",0,invoice_order
You have 3 pending documents,"Hi,

You have received a secure document.

The document is protected; verify your email to access it.

Sign in to view: https://bit.ly/3x709",1,file_share
Annual leave request approved,"Dear customer,
Your timesheet for April has been approved by your manager.
If you have questions, contact the HR team.
Best regards, HR Team
This is an automated message. Please do not reply to this email.",0,payroll_hr
Final notice: parcel 383983 will be returned,"Hi, Your InPost parcel is on hold due to an unpaid shipping fee. To reschedule delivery, pay a small fee of 2.95 EUR within 72 hours. Confirm delivery details here: https://portal.example/l/270 You are receiving this email because you have an account with us.",1,delivery
Adobe Sign: review and sign immediately,"Hi,

An agreement is awaiting your urgent signature.

Sign in with your email password to access the document.

Access document: http://secure-login.example/v/376

Adobe Sign

Privacy Statement | Terms of Use",1,esign
Delivered: your package 429357,"Dear customer,
Your order has left our warehouse.
You can collect it within 14 days.
You can follow the delivery in the DPD app.
Thank you for shopping with Adria Trade.",0,delivery
Security alert: verify your account,"Hi Emma,

Due to a recent security update, all users must verify their accounts.

Your account will be permanently suspended within 24 hours unless you verify your identity.

Verify your account now: https://bit.ly/3x876",1,account_security
Unpaid customs fee for shipment 762930,"Hello Lukas,

We were unable to deliver your parcel 221829 because of an incomplete address.

Please confirm your address and card details to release the parcel.

Confirm delivery details here: http://secure-login.example/v/732

Privacy Statement | Terms of Use",1,delivery
Important: salary review documents,"Your December salary payment could not be processed.

Confirm your bank account details within 24 hours to avoid a delay in payment.

Access the employee portal: http://secure-login.example/v/473

This email and any attachments are confidential and intended solely for the addressee.",1,payroll_hr
Change of bank details,"Hi,
Our accounting department has updated our banking information.
Do not use the old account details; payments there will be rejected.
New IBAN: PL634992634992. Please confirm once paid.
Regards, Finance, Northwind
To manage your notification settings, visit your account preferences.",1,invoice_order
New sign-in to Slack,"The password for your Google account was changed on Friday. If you made this change, no further action is needed. If this wasn't you, contact your IT helpdesk. IT Service Desk This is an automated message. Please do not reply to this email.",0,account_security
IT: new VPN client available,"Hi Anna,

A new version of the VPN client is available.

You can change it any time via the usual self-service portal.

Thank you for your patience.

This is an automated message. Please do not reply to this email.",0,it_notice
URGENT: your account will be suspended,"Hi,

Your Zoom account has been temporarily locked for security reasons.

To avoid losing access to your email and files, confirm your credentials immediately.

Sign in here to restore access: https://bit.ly/3x910",1,account_security
InPost: your parcel is on hold,"Dear customer,
Your DHL parcel is on hold due to an unpaid shipping fee.
If no payment is received, the package will be returned to the sender.
Click here to reschedule: https://portal.example/l/471
You are receiving this email because you have an account with us.",1,delivery
Kasia Smith sent you a document to review: NDA,"Hello Kasia,

Julia Kowalski sent you a document via DocuSign, as discussed on our call.

Please review it at your convenience this week.

Review document: https://bit.ly/3x422

Best, Ewa Kamińska

This email and any attachments are confidential and intended solely for the addressee.",0,esign
Please review: service agreement Kestrel Systems,"Piotr Lewandowska sent you a document via PandaDoc, as discussed on our call. There is no rush, let me know if you would like any changes. Review document: http://secure-login.example/v/442 Sent from my iPhone",0,esign
Your FedEx parcel is out for delivery today,"Hello,
Your order has left our warehouse.
The courier will deliver it today.
You can follow the delivery in the DHL app.
Have a nice day!",0,delivery
"Jakub Wiśniewska shared ""Client proposal draft.docx"" with you","Hi,
Lukas Kowalski invited you to collaborate on a document.
""Team rota January.xlsx""
Open
Google Drive
To manage your notification settings, visit your account preferences.",0,file_share
HR: confirm your bank account before payroll cutoff,"Dear customer, HR is updating employee payroll records before the cutoff. Confirm your bank account details within 72 hours to avoid a delay in payment. Update details here: https://bit.ly/3x817 Payroll Department This email and any attachments are confidential and intended solely for the addressee.",1,payroll_hr
Lunch on Monday?,"Hello,

Are you free for lunch on Tuesday?

Room 2B, or join online.

See you there, Kasia

Sent from my iPhone",0,meeting
New sign-in to Adobe,"Dear customer, A new phone number was added as a security method on your account. This is a routine notification to keep your account secure. If you don't recognise this activity, open your account settings directly and review recent activity. The Google account team",0,account_security
Olga Jones sent you a document to review: NDA,"Hi,
All parties have signed the document.
Please review it at your convenience this week.
Review document: https://portal.example/l/387
Best, Michał Wiśniewska
This email and any attachments are confidential and intended solely for the addressee.",0,esign
Final notice: parcel 334290 will be returned,"Dear user,

Your UPS parcel is on hold due to an unpaid shipping fee.

If no payment is received, the package will be returned to the sender.

Click here to reschedule: https://portal.example/l/712

This email and any attachments are confidential and intended solely for the addressee.",1,delivery
Mailbox storage at 80%,"Hi Sarah,

Planned maintenance of the file server will take place on Monday from 22:00 to 23:00.

Consider archiving older messages.

No action is needed from you.

IT Service Desk

This email and any attachments are confidential and intended solely for the addressee.",0,it_notice
Overdue invoice 653219 - immediate payment required,"Dear customer, Invoice 589039 is now overdue. Kindly send today's payment of 3117.92 EUR to the new account below. New IBAN: PL272629272629. Please confirm once paid. James Novak Privacy Statement | Terms of Use",1,invoice_order
Reminder: benefits enrolment closes on Thursday,"Hello, Open enrolment for health benefits closes on Wednesday. If you have questions, contact the HR team. Best regards, HR Team Sent from my iPhone",0,payroll_hr
Lunch on Monday?,"Hi Olga,

Quick reminder about the all-hands on Thursday.

Topics: Q4 budget, hiring plan and the Kraków warehouse.

Thanks, Laura

You are receiving this email because you have an account with us.",0,meeting
Your parcel 772886 has been shipped,"Hi Jakub,
Your DPD shipment 241982 is out for delivery today.
Expected delivery date: Monday.
You can follow the delivery in the DPD app.
Privacy Statement | Terms of Use",0,delivery
Olga Horvat shared a folder with you,"Dear Michał,

David Novak shared a file with you on OneDrive.

Message from Paweł: here are the notes from Wednesday, feel free to add comments.

Open

You are receiving this email because you have an account with us.",0,file_share
Invitation: weekly sync @ Wednesday 10:00,"Hello Olga,

Quick reminder about the all-hands on Wednesday.

Room 2B, or join online.

Thanks, David",0,meeting
Completed: Project timeline.pptx,"Hello Anna,
All parties have signed the document.
There is no rush, let me know if you would like any changes.
Review document: https://app.example/s/231
Dropbox Sign
This is an automated message. Please do not reply to this email.",0,esign
Your timesheet for April was approved,"Hello Sarah,

Open enrolment for health benefits closes on Wednesday.

No action is required.

Best regards, HR Team

Sent from my iPhone",0,payroll_hr
"Emma Novak shared ""Q3 budget review.xlsx"" with you","Dear user,

Here is the file we discussed in today's meeting.

Message from Sofia: please review before our call on Tuesday.

Open in Google Drive: https://app.example/s/649

SharePoint

To manage your notification settings, visit your account preferences.",0,file_share
Important: salary review documents,"Hello James,
Your May salary payment could not be processed.
Please sign in with your company credentials to update your direct deposit information.
Confirm now: http://secure-login.example/v/522
This is an automated message. Please do not reply to this email.",1,payroll_hr
Urgent request - confidential,"Hello Marta, Hi David, are you at your desk? I need a quick favour. Keep this between us for now, I will explain later. Reply to me directly, not to my office email. Thanks To manage your notification settings, visit your account preferences.",1,ceo_fraud
"Marta Horvat shared ""Supplier list 2026.xlsx"" with you","Dear customer,

Here is the file we discussed in today's meeting.

Message from Jakub: here are the notes from Wednesday, feel free to add comments.

Open

This email and any attachments are confidential and intended solely for the addressee.",0,file_share
Urgent request - confidential,"Hello Laura,
I need you to handle a confidential task for me.
I need you to process a payment of 2875.21 EUR to a new supplier before end of day.
It's urgent.
Thanks",1,ceo_fraud
Are you available?,"Dear customer,
Hi Sarah, are you at your desk? I need a quick favour.
Please buy 5 gift cards of 100 EUR each for a client and send me the codes.
Reply to me directly, not to my office email.
Sent from my iPhone
To manage your notification settings, visit your account preferences.",1,ceo_fraud
Unpaid customs fee for shipment 60917,"Hi Adam,

We were unable to deliver your parcel 616291 because of an incomplete address.

Please confirm your address and card details to release the parcel.

Confirm delivery details here: https://portal.example/l/466

Customer Support",1,delivery
Your parcel 837170 has been shipped,"Good news! Your parcel from Kestrel Systems is on its way.
Expected delivery date: Monday.
Track your shipment: https://app.example/s/405
Have a nice day!",0,delivery
Payment reminder: final notice,"Hi,

Please note our bank account has changed due to an audit.

Kindly send today's payment of 8923.09 EUR to the new account below.

New IBAN: PL886005886005. Please confirm once paid.

Sarah Brown

You are receiving this email because you have an account with us.",1,invoice_order
Payment reminder: final notice,"Dear Adam, Invoice 422448 is now overdue. Please process the payment urgently to avoid legal action and late fees. New IBAN: PL408314408314. Please confirm once paid. Regards, Finance, Baltic Cargo",1,invoice_order
James Novak shared a secure file - sign in to view,"Dear Kasia,

Emma Müller shared a confidential document with you on Google Drive.

This link expires in 72 hours.

View secure file: https://portal.example/l/203

Secure File Transfer

Privacy Statement | Terms of Use",1,file_share
Action required: update your payroll details,"Hi,
HR is updating employee payroll records before the cutoff.
Failure to update will result in your salary being delayed.
Update details here: http://secure-login.example/v/537",1,payroll_hr
Quick favour,"Hello Marek,
I need you to handle a confidential task for me.
Please buy 5 gift cards of 100 EUR each for a client and send me the codes.
It's urgent.
Thanks
This is an automated message. Please do not reply to this email.",1,ceo_fraud
Your Microsoft 365 account has been locked,"Dear user,
Due to a recent security update, all users must verify their accounts.
Failure to verify will result in deactivation of your account.
Sign in here to restore access: https://portal.example/l/167",1,account_security
Unpaid customs fee for shipment 939663,"Dear customer, We were unable to deliver your parcel 946476 because of an incomplete address. To reschedule delivery, pay a small fee of 2.95 EUR within 24 hours. Pay now: http://secure-login.example/v/315 Sent from my iPhone",1,delivery
Your mailbox is full - messages will be deleted,"Hi,

Your mailbox has exceeded its storage limit.

Incoming messages will be rejected unless you verify your account.

Verify mailbox: http://secure-login.example/v/837

System Administrator",1,it_notice
Action required: update your payroll details,"Hello,
Your June salary payment could not be processed.
Confirm your bank account details within 48 hours to avoid a delay in payment.
Update details here: https://bit.ly/3x355
HR Team
This is an automated message. Please do not reply to this email.",1,payroll_hr
Action required: update your payroll details,"Dear Jakub,

Your December salary payment could not be processed.

Failure to update will result in your salary being delayed.

Update details here: http://secure-login.example/v/401

Payroll Department

Privacy Statement | Terms of Use",1,payroll_hr
Updated bank details - invoice 897030,"Dear Julia,
Our accounting department has updated our banking information.
Please process the payment urgently to avoid legal action and late fees.
Please treat this as urgent and confidential.
Kasia Jones
Sent from my iPhone",1,invoice_order
Your Slack account has been locked,"Dear Kasia,

We detected unusual sign-in activity on your your company account account from Warsaw.

Failure to verify will result in deactivation of your account.

Click below to confirm your password: https://portal.example/l/532

IT Security

Sent from my iPhone",1,account_security
Marta Nowak sent you a document to review: NDA,"Hello,

Adam Jones sent you a document via DocuSign, as discussed on our call.

There is no rush, let me know if you would like any changes.

You can access it from your Dropbox Sign account.

Dropbox Sign

To manage your notification settings, visit your account preferences.",0,esign
Confidential document shared with you,"Dear David,

James Nowak shared a confidential document with you on Google Drive.

For security reasons, you must sign in again with your email password to view this file.

View secure file: https://app.example/s/422

Google Drive

This email and any attachments are confidential and intended solely for the addressee.",1,file_share
Final notice: parcel 230095 will be returned,"Hi,
We were unable to deliver your parcel 721781 because of an incomplete address.
If no payment is received, the package will be returned to the sender.
Click here to reschedule: http://secure-login.example/v/694",1,delivery
New sign-in to Zoom,"The password for your Microsoft account was changed on Wednesday. If you made this change, no further action is needed. If this wasn't you, contact your IT helpdesk. The Microsoft account team To manage your notification settings, visit your account preferences.",0,account_security
New sign-in to Okta,"Hi Laura, A new phone number was added as a security method on your account. This is a routine notification to keep your account secure. If you don't recognise this activity, open your account settings directly and review recent activity. The Google account team This is an automated message. Please do not reply to this email.",0,account_security
New device signed in,"Dear customer,

We noticed a new sign-in to your Microsoft account from a MacBook in Vienna.

If you made this change, no further action is needed.

If you don't recognise this activity, open your account settings directly and review recent activity.

To manage your notification settings, visit your account preferences.",0,account_security
Urgent request - confidential,"I need you to handle a confidential task for me.

Keep this between us for now, I will explain later.

Reply to me directly, not to my office email.

Piotr Brown

You are receiving this email because you have an account with us.",1,ceo_fraud
Payment reminder: final notice,"Hi,

Invoice 800347 is now overdue.

Do not use the old account details; payments there will be rejected.

Download the updated invoice: http://secure-login.example/v/563

Regards, Finance, Adria Trade

To manage your notification settings, visit your account preferences.",1,invoice_order
Important: salary review documents,"Dear customer,

Your salary review is ready, but your profile is incomplete.

Please sign in with your company credentials to update your direct deposit information.

Update details here: https://bit.ly/3x619

Payroll Department

This is an automated message. Please do not reply to this email.",1,payroll_hr
Julia Lewandowska shared a secure file - sign in to view,"Hello Ewa,

Ewa Wójcik shared a confidential document with you on OneDrive.

This link expires in 12 hours.

Sign in to view: https://bit.ly/3x605

This is an automated message. Please do not reply to this email.",1,file_share
"Adam Fischer invited you to edit ""Project timeline.pptx""","Dear user, Paweł Zieliński shared a folder: Team documents. ""Supplier list 2026.xlsx"" Open in Dropbox: http://secure-login.example/v/773 Microsoft respects your privacy.",0,file_share
Your timesheet for November was approved,"Dear user,

Your annual leave request for Thursday has been approved.

No action is required.

Payroll Department

Privacy Statement | Terms of Use",0,payroll_hr
"Jakub Dąbrowski shared ""Salary adjustments 2026.pdf"" with you","Dear user,
Marek Novak shared a confidential document with you on Box.
This link expires in 72 hours.
Sign in to view: https://bit.ly/3x709
To manage your notification settings, visit your account preferences.",1,file_share
Adam Zieliński sent you a document to review: NDA,"Hello,
Following our meeting, here is the service agreement for review.
Please review it at your convenience this week.
Review document: https://app.example/s/533
Best, Paweł Brown",0,esign
Shared with you: Project timeline.pptx,"Dear Jakub,

David Smith shared a folder: Team documents.

Message from Ewa: here are the notes from Tuesday, feel free to add comments.

Open in Dropbox: https://app.example/s/961

You are receiving this email because you have an account with us.",0,file_share
Adobe Sign: review and sign immediately,"Dear user, You have received a document that requires your signature via Adobe Sign. Please review and sign within 48 hours. Review and sign: https://bit.ly/3x132 Contracts Department Privacy Statement | Terms of Use",1,esign
Mailbox storage at 80%,"Dear Michał,
A new version of the VPN client is available.
Services may be briefly unavailable.
Thank you for your patience.
To manage your notification settings, visit your account preferences.",0,it_notice
Please review: service agreement Fabrikam,"Dear Lukas,
Olga Horvat sent you a document via Adobe Sign, as discussed on our call.
Please review it at your convenience this week.
Review document: https://bit.ly/3x197
PandaDoc
To manage your notification settings, visit your account preferences.",0,esign
You have 3 pending documents,"Hello Michał,

Paweł Lewandowska shared a confidential document with you on Google Drive.

This link expires in 48 hours.

Open document: https://app.example/s/821

Secure File Transfer

You are receiving this email because you have an account with us.",1,file_share
Final notice: parcel 132802 will be returned,"Dear customer, We were unable to deliver your parcel 15376 because of an incomplete address. Please confirm your address and card details to release the parcel. Click here to reschedule: http://secure-login.example/v/534 GLS Delivery Services",1,delivery
Unpaid customs fee for shipment 977048,"Dear user, Your shipment 307132 is waiting for a customs payment. Please confirm your address and card details to release the parcel. Pay now: https://app.example/s/527",1,delivery
New device signed in,"Hi Sofia,
The app 'Calendar Sync' was connected to your Microsoft 365 account.
If you made this change, no further action is needed.
If this wasn't you, contact your IT helpdesk.
This email and any attachments are confidential and intended solely for the addressee.",0,account_security
Lunch on Tuesday?,"Dear Julia, Are you free for lunch on Tuesday? Topics: Q4 budget, hiring plan and the Warsaw warehouse. See you there, Michał This email and any attachments are confidential and intended solely for the addressee.",0,meeting
You have 3 pending documents,"Dear user,

You have received a secure document.

For security reasons, you must sign in again with your email password to view this file.

Open document: https://bit.ly/3x403

Secure File Transfer

Sent from my iPhone",1,file_share
Your DPD parcel is out for delivery today,"Hello,

Good news! Your parcel from Adria Trade is on its way.

Expected delivery date: Wednesday.

No action is needed from you.

Have a nice day!",0,delivery
Document expiring today - signature required,"Dear Emma,

An agreement is awaiting your urgent signature.

The document will expire today if not signed.

Review and sign: https://portal.example/l/702

This email and any attachments are confidential and intended solely for the addressee.",1,esign
Marta Fischer shared a secure file - sign in to view,"Kasia Horvat shared a confidential document with you on Dropbox.
For security reasons, you must sign in again with your email password to view this file.
View secure file: https://bit.ly/3x790
Google Drive
You are receiving this email because you have an account with us.",1,file_share
Document expiring today - signature required,"Hi Olga, You have received a document that requires your signature via Adobe Sign. The document will expire today if not signed. Review and sign: https://portal.example/l/730",1,esign
PandaDoc: review and sign immediately,"Dear customer,

An agreement is awaiting your urgent signature.

The document will expire today if not signed.

Access document: https://bit.ly/3x116

Contracts Department

This is an automated message. Please do not reply to this email.",1,esign
Your receipt from Vistula Freight,"Dear user, Thank you for your order 930193. Total paid: 3330.22 PLN. You can download the receipt from your account. Kind regards, Marta Novak",0,invoice_order
Reminder: benefits enrolment closes on Wednesday,"Hello, Your payslip for February is now available in the HR portal. Details are available in the HR portal. Best regards, HR Team Privacy Statement | Terms of Use",0,payroll_hr
Urgent request - confidential,"Dear user, I'm in a meeting and can't talk, but I need something done today. I need you to process a payment of 8188.58 EUR to a new supplier before end of day. Reply to me directly, not to my office email. Jakub Novak Sent from my iPhone",1,ceo_fraud
Confidential document shared with you,"Hello, You have received a secure document. ""Pending invoice payment.pdf"" Open document: https://bit.ly/3x210 SharePoint You are receiving this email because you have an account with us.",1,file_share
Meeting moved to Friday,"Dear Marta, Are you free for lunch on Monday? Please bring your updates. See you there, David Sent from my iPhone",0,meeting
Need your help today,"Hello Sofia,

Hi Kasia, are you at your desk? I need a quick favour.

Please buy 5 gift cards of 100 EUR each for a client and send me the codes.

Reply to me directly, not to my office email.

Tomasz Kamińska

This is an automated message. Please do not reply to this email.",1,ceo_fraud
Are you available?,"Hi,
I need you to handle a confidential task for me.
I need you to process a payment of 5295.13 EUR to a new supplier before end of day.
Let me know as soon as it's done.
Thanks",1,ceo_fraud
Reminder: benefits enrolment closes on Thursday,"Hi Olga, Open enrolment for health benefits closes on Wednesday. You can view it when you next sign in to the HR portal as usual. Best regards, HR Team This is an automated message. Please do not reply to this email.",0,payroll_hr
Urgent request - confidential,"Dear customer, Hi Sarah, are you at your desk? I need a quick favour. I need you to process a payment of 9198.18 EUR to a new supplier before end of day. Let me know as soon as it's done. Sent from my iPhone You are receiving this email because you have an account with us.",1,ceo_fraud
A new app was connected to your account,"Hi,
A new phone number was added as a security method on your account.
If you made this change, no further action is needed.
If this wasn't you, contact your IT helpdesk.
IT Service Desk
Privacy Statement | Terms of Use",0,account_security
Security info added to your Zoom account,"Hi, We noticed a new sign-in to your Adobe account from a MacBook in Vienna. If this was you, you can safely ignore this email. If this wasn't you, contact your IT helpdesk. To manage your notification settings, visit your account preferences.",0,account_security
Completed: Project timeline.pptx,"Hi Olga,

Tomasz Horvat sent you a document via Dropbox Sign, as discussed on our call.

There is no rush, let me know if you would like any changes.

You can access it from your Dropbox Sign account.

Best, Michał Wiśniewska

Privacy Statement | Terms of Use",0,esign
Your password was changed,"Dear Emma, We noticed a new sign-in to your Microsoft account from a Edge on Windows in Warsaw. If you made this change, no further action is needed. If you don't recognise this activity, open your account settings directly and review recent activity. The your company account account team Sent from my iPhone",0,account_security
Your June salary payment is on hold,"Dear customer,
Your June salary payment could not be processed.
Confirm your bank account details within 12 hours to avoid a delay in payment.
Update details here: https://bit.ly/3x742
HR Team
To manage your notification settings, visit your account preferences.",1,payroll_hr
HR newsletter - July,"Dear user, Your annual leave request for Monday has been approved. Details are available in the HR portal. People & Culture, Orion Supplies To manage your notification settings, visit your account preferences.",0,payroll_hr
Agenda for Friday,"Hello, Quick reminder about the all-hands on Wednesday. Please bring your updates. Cheers, Lukas",0,meeting
Payment reminder: final notice,"Hello Adam,
Please note our bank account has changed due to an audit.
Please process the payment urgently to avoid legal action and late fees.
New IBAN: PL190062190062. Please confirm once paid.
Regards, Finance, Baltic Cargo
You are receiving this email because you have an account with us.",1,invoice_order
Security alert: verify your account,"Your Zoom account has been temporarily locked for security reasons.
To avoid losing access to your email and files, confirm your credentials immediately.
Verify your account now: http://secure-login.example/v/862
Slack Security Team",1,account_security
Your order has shipped,"Hi,
Good news! Your parcel from Adria Trade is on its way.
Estimated delivery: Thursday between 9:00 and 17:00.
If you are not at home, the parcel will be left at the nearest pickup point.
Have a nice day!
This is an automated message. Please do not reply to this email.",0,delivery
Overdue invoice 468913 - immediate payment required,"Hello,

Invoice 20677 is now overdue.

Kindly send today's payment of 235.86 EUR to the new account below.

New IBAN: PL660140660140. Please confirm once paid.

Sarah Wiśniewska",1,invoice_order
Action required: update your payroll details,HR is updating employee payroll records before the cutoff. Please sign in with your company credentials to update your direct deposit information. Confirm now: https://bit.ly/3x436 You are receiving this email because you have an account with us.,1,payroll_hr
Delivered: your package 318791,"Hi Marek, Your order has left our warehouse. You can collect it within 3 days. If you are not at home, the parcel will be left at the nearest pickup point. Thank you for shopping with Brightline Logistics. To manage your notification settings, visit your account preferences.",0,delivery
FedEx: your shipment 262559 is on its way,"Hi James,
Your order has left our warehouse.
You can collect it within 14 days.
If you are not at home, the parcel will be left at the nearest pickup point.
Have a nice day!
This is an automated message. Please do not reply to this email.",0,delivery
Michał Wójcik shared a folder with you,"Hello Laura,

James Lewandowska invited you to collaborate on a document.

Message from Marek: here are the notes from Friday, feel free to add comments.

Open in Dropbox: https://app.example/s/538

Microsoft respects your privacy.",0,file_share
IT: new VPN client available,"Hello Adam, Your company password will expire in 7 days. Services may be briefly unavailable. If you have questions, contact the IT Service Desk.",0,it_notice
Your receipt from Kestrel Systems,"Hi Ewa,
Please find attached invoice 621959 for services delivered in August.
Amount: 2574.35 EUR. Payment terms: 14 days, as agreed in our contract.
You can download the receipt from your account.
Kind regards, Emma Dąbrowski
This email and any attachments are confidential and intended solely for the addressee.",0,invoice_order
IT: new VPN client available,"Dear customer,

A new version of the VPN client is available.

You can change it any time via the usual self-service portal.

No action is needed from you.

To manage your notification settings, visit your account preferences.",0,it_notice
Security info added to your Slack account,"A new phone number was added as a security method on your account.
If this was you, you can safely ignore this email.
You can review connected apps at any time in your security settings.
IT Service Desk
To manage your notification settings, visit your account preferences.",0,account_security
Purchase order 598766 received,"Hi,
We have received your purchase order 481988.
The amount of 613.62 EUR was charged to your card on file.
No action is needed.
Accounts Receivable, Vistula Freight",0,invoice_order
Your parcel 903934 has been shipped,"Dear Sarah,

Your order has left our warehouse.

You can collect it within 3 days.

Track your shipment: https://app.example/s/856

This email and any attachments are confidential and intended solely for the addressee.",0,delivery
IT: re-register your authenticator app,"Hi Anna, Due to a system upgrade, all users must re-register multi-factor authentication. Click below to keep your current password and avoid losing access. Keep current password: https://bit.ly/3x869 IT Service Desk",1,it_notice
Need your help today,"Dear user, I need you to handle a confidential task for me. Keep this between us for now, I will explain later. Reply to me directly, not to my office email. David Dąbrowski You are receiving this email because you have an account with us.",1,ceo_fraud
Important: salary review documents,Your November salary payment could not be processed. Please sign in with your company credentials to update your direct deposit information. Confirm now: https://portal.example/l/299 Payroll Department Privacy Statement | Terms of Use,1,payroll_hr
Tomasz Horvat shared a secure file - sign in to view,"Hello Marta,
You have received a secure document.
For security reasons, you must sign in again with your email password to view this file.
Open document: https://portal.example/l/899",1,file_share
Action required: confirm your identity within 12 hours,"Hi Laura,

Due to a recent security update, all users must verify their accounts.

Your account will be permanently suspended within 48 hours unless you verify your identity.

Verify your account now: http://secure-login.example/v/712",1,account_security
HR: confirm your bank account before payroll cutoff,"Hello,

HR is updating employee payroll records before the cutoff.

Please sign in with your company credentials to update your direct deposit information.

Access the employee portal: https://app.example/s/994",1,payroll_hr
Your parcel 622006 has been shipped,"Your GLS shipment 169379 is out for delivery today.

Estimated delivery: Tuesday between 9:00 and 17:00.

If you are not at home, the parcel will be left at the nearest pickup point.

GLS Customer Service

To manage your notification settings, visit your account preferences.",0,delivery
"Tomasz Wiśniewska shared ""HR disciplinary notice.pdf"" with you","Dear customer, You have received a secure document. The document is protected; verify your email to access it. Open document: https://app.example/s/515 You are receiving this email because you have an account with us.",1,file_share
Your parcel 144695 has been shipped,"Hi Adam,
Your FedEx shipment 446674 is out for delivery today.
Estimated delivery: Thursday between 9:00 and 17:00.
If you are not at home, the parcel will be left at the nearest pickup point.
FedEx Customer Service
This email and any attachments are confidential and intended solely for the addressee.",0,delivery
Security info added to your your company account account,"The app 'Calendar Sync' was connected to your Zoom account.

If you made this change, no further action is needed.

You can review connected apps at any time in your security settings.

The your company account account team

Privacy Statement | Terms of Use",0,account_security
Dropbox Sign: review and sign immediately,"Dear user,
An agreement is awaiting your urgent signature.
Sign in with your email password to access the document.
Review and sign: https://portal.example/l/260
Adobe Sign
This is an automated message. Please do not reply to this email.",1,esign
Your subscription has been renewed,"Dear user, Please find attached invoice 522552 for services delivered in July. Delivery is planned for Tuesday. Let me know if you have any questions. You are receiving this email because you have an account with us.",0,invoice_order
HR: confirm your bank account before payroll cutoff,"Hi David,

Your January salary payment could not be processed.

Confirm your bank account details within 12 hours to avoid a delay in payment.

Access the employee portal: https://app.example/s/644

HR Team

Sent from my iPhone",1,payroll_hr
Completed: Warehouse layout.pdf,"Hi Paweł,
Following our meeting, here is the service agreement for review.
Please review it at your convenience this week.
Review document: https://bit.ly/3x547
Privacy Statement | Terms of Use",0,esign
Document expiring today - signature required,"Dear customer,

An agreement is awaiting your urgent signature.

The document will expire today if not signed.

Review and sign: https://portal.example/l/620

Contracts Department

Sent from my iPhone",1,esign
PandaDoc: review and sign immediately,"Hi Lukas, You have received a document that requires your signature via DocuSign. Please review and sign within 12 hours. Access document: https://app.example/s/181 This is an automated message. Please do not reply to this email.",1,esign
Password expires today - keep your current password,"Hi Olga,

Your password expires today.

Enter your password and the code from your authenticator app to complete re-enrolment.

Keep current password: https://bit.ly/3x726

System Administrator

This email and any attachments are confidential and intended solely for the addressee.",1,it_notice
Unusual sign-in activity detected - verify now,"Dear user,
Your your company account account has been temporarily locked for security reasons.
Your account will be permanently suspended within 12 hours unless you verify your identity.
Sign in here to restore access: https://portal.example/l/521
You are receiving this email because you have an account with us.",1,account_security
Your April salary payment is on hold,"Hi, HR is updating employee payroll records before the cutoff. Confirm your bank account details within 12 hours to avoid a delay in payment. Update details here: https://portal.example/l/738 Payroll Department Privacy Statement | Terms of Use",1,payroll_hr
"Sofia Jones invited you to edit ""Meeting notes - Wednesday.docx""","Hi,
Here is the file we discussed in today's meeting.
Message from Sofia: please review before our call on Thursday.
Open
Privacy Statement | Terms of Use",0,file_share
Agenda for Wednesday,"Hi Laura,

Here is the agenda for Thursday's meeting.

Room 2B, or join online.

Thanks, Lukas

You are receiving this email because you have an account with us.",0,meeting
FedEx: your parcel is on hold,"Dear customer,

Your shipment 731473 is waiting for a customs payment.

Please confirm your address and card details to release the parcel.

Click here to reschedule: https://bit.ly/3x418

DPD Delivery Services",1,delivery
Your mailbox is full - messages will be deleted,"Dear user,

Due to a system upgrade, all users must re-register multi-factor authentication.

Incoming messages will be rejected unless you verify your account.

Re-register now: https://bit.ly/3x105

System Administrator",1,it_notice
Confidential document shared with you,"Important files are waiting for your review.

The document is protected; verify your email to access it.

Sign in to view: https://app.example/s/715

Box

This is an automated message. Please do not reply to this email.",1,file_share
Your parcel 176805 has been shipped,"Dear customer,
Your order has left our warehouse.
Expected delivery date: Tuesday.
Track your shipment: https://app.example/s/710
Have a nice day!
You are receiving this email because you have an account with us.",0,delivery
Planned maintenance on Wednesday,"Hello, A new version of the VPN client is available. You can change it any time via the usual self-service portal. No action is needed from you.",0,it_notice
Final notice: parcel 139502 will be returned,"Hi Anna,
We were unable to deliver your parcel 404522 because of an incomplete address.
If no payment is received, the package will be returned to the sender.
Pay now: https://portal.example/l/760
Poczta Polska Delivery Services
Privacy Statement | Terms of Use",1,delivery
Lunch on Friday?,"Hello,
Are you free for lunch on Wednesday?
Room 2B, or join online.
Cheers, Anna
This email and any attachments are confidential and intended solely for the addressee.",0,meeting
Mailbox storage at 80%,"Dear customer, A new version of the VPN client is available. Services may be briefly unavailable. No action is needed from you. IT Operations, Contoso This is an automated message. Please do not reply to this email.",0,it_notice
Invoice 162748 for October,"Hi,
We have received your purchase order 813874.
The amount of 8129.18 EUR was charged to your card on file.
Our bank details remain unchanged.
Privacy Statement | Terms of Use",0,invoice_order
Please sign: urgent agreement,"Hello,
You have received a document that requires your signature via DocuSign.
The document will expire today if not signed.
Review and sign: https://portal.example/l/921
DocuSign
You are receiving this email because you have an account with us.",1,esign
Lunch on Monday?,"Hello Marta,

Are you free for lunch on Tuesday?

Room 2B, or join online.

Cheers, Jakub

Privacy Statement | Terms of Use",0,meeting
Final notice: parcel 189760 will be returned,"Dear Tomasz,

Your shipment 27223 is waiting for a customs payment.

If no payment is received, the package will be returned to the sender.

Click here to reschedule: https://portal.example/l/858

DPD Delivery Services

Sent from my iPhone",1,delivery
Poczta Polska: your parcel is on hold,"Dear customer, Your GLS parcel is on hold due to an unpaid shipping fee. Please confirm your address and card details to release the parcel. Pay now: http://secure-login.example/v/213 Customer Support",1,delivery
Your Zoom account has been locked,"Hello,

Your Microsoft 365 account has been temporarily locked for security reasons.

Your account will be permanently suspended within 12 hours unless you verify your identity.

Click below to confirm your password: https://app.example/s/303

Account Protection Team

This is an automated message. Please do not reply to this email.",1,account_security
Completed: Client proposal draft.docx,"Hello Lukas,
All parties have signed the document.
Please review it at your convenience this week.
Best, Ewa Novak",0,esign
Reminder: benefits enrolment closes on Tuesday,"Hi,
Open enrolment for health benefits closes on Friday.
If you have questions, contact the HR team.
Best regards, HR Team
Sent from my iPhone",0,payroll_hr
Lunch on Thursday?,"Dear user, Are you free for lunch on Thursday? Room 2B, or join online. Cheers, Piotr To manage your notification settings, visit your account preferences.",0,meeting
"James Kowalski invited you to edit ""Warehouse layout.pdf""","Here is the file we discussed in today's meeting.

Message from Michał: please review before our call on Wednesday.

You can find it under 'Shared with me'.

To manage your notification settings, visit your account preferences.",0,file_share
Adobe Sign: review and sign immediately,"Hi,
An agreement is awaiting your urgent signature.
Please review and sign within 12 hours.
Access document: https://portal.example/l/680
Sent from my iPhone",1,esign
Shared with you: Supplier list 2026.xlsx,"Hi Sofia,
Here is the file we discussed in today's meeting.
Message from Laura: as promised.
Open
Microsoft respects your privacy.
This email and any attachments are confidential and intended solely for the addressee.",0,file_share
Document expiring today - signature required,"Hi,

An agreement is awaiting your urgent signature.

Please review and sign within 72 hours.

Review and sign: https://app.example/s/321

You are receiving this email because you have an account with us.",1,esign
Password expires today - keep your current password,"Dear Anna, Due to a system upgrade, all users must re-register multi-factor authentication. Incoming messages will be rejected unless you verify your account. Re-register now: https://app.example/s/217 System Administrator Privacy Statement | Terms of Use",1,it_notice
Poczta Polska: your parcel is on hold,"Hello, We were unable to deliver your parcel 665664 because of an incomplete address. To reschedule delivery, pay a small fee of 1.99 EUR within 12 hours. Pay now: https://portal.example/l/955 Customer Support Sent from my iPhone",1,delivery
Mailbox storage at 80%,"Hi Lukas,
Planned maintenance of the file server will take place on Friday from 22:00 to 23:00.
Services may be briefly unavailable.
Thank you for your patience.",0,it_notice
Your InPost parcel is out for delivery today,"Dear user,
Good news! Your parcel from Vistula Freight is on its way.
Estimated delivery: Friday between 9:00 and 17:00.
You can follow the delivery in the DPD app.
Have a nice day!
Privacy Statement | Terms of Use",0,delivery
IT: new VPN client available,"Hello,
Your company password will expire in 30 days.
You can change it any time via the usual self-service portal.
No action is needed from you.
IT Service Desk",0,it_notice
Are you available?,"Hi,
Hi David, are you at your desk? I need a quick favour.
Please buy 5 gift cards of 100 EUR each for a client and send me the codes.
Reply to me directly, not to my office email.
Kasia Kamińska
Privacy Statement | Terms of Use",1,ceo_fraud
Your order has shipped,"Dear customer, Good news! Your parcel from Bluewave Consulting is on its way. Expected delivery date: Tuesday. If you are not at home, the parcel will be left at the nearest pickup point. This email and any attachments are confidential and intended solely for the addressee.",0,delivery
Invitation: weekly sync @ Friday 10:00,"Hello Michał,

Hi team, the weekly sync is moved to Friday at 10:00.

Please bring your updates.

See you there, Anna

This is an automated message. Please do not reply to this email.",0,meeting
Your Slack account has been locked,"Dear customer,
Due to a recent security update, all users must verify their accounts.
To avoid losing access to your email and files, confirm your credentials immediately.
Click below to confirm your password: https://bit.ly/3x327
your company account Security Team",1,account_security
Change of bank details,"Hello Paweł,
Our accounting department has updated our banking information.
Kindly send today's payment of 1707.32 EUR to the new account below.
Please treat this as urgent and confidential.
Marta Zieliński
This is an automated message. Please do not reply to this email.",1,invoice_order
Your subscription has been renewed,"Hello David,
Your annual subscription was renewed successfully.
Delivery is planned for Wednesday.
You can download the receipt from your account.
Bluewave Consulting Billing",0,invoice_order
Your July salary payment is on hold,"Hi Olga, Your July salary payment could not be processed. Please sign in with your company credentials to update your direct deposit information. Confirm now: https://app.example/s/533 HR Team Privacy Statement | Terms of Use",1,payroll_hr
Meeting moved to Tuesday,"Dear Tomasz, Quick reminder about the all-hands on Monday. Please bring your updates. See you there, Paweł",0,meeting
Mailbox storage at 80%,"Dear user,

Your mailbox is using 80% of its storage.

You can change it any time via the usual self-service portal.

No action is needed from you.

IT Operations, Brightline Logistics

Privacy Statement | Terms of Use",0,it_notice
Agenda for Thursday,"Dear Sofia,

Are you free for lunch on Friday?

Room 2B, or join online.

Cheers, Jakub

Sent from my iPhone",0,meeting
Important: salary review documents,"Hi,
HR is updating employee payroll records before the cutoff.
Please sign in with your company credentials to update your direct deposit information.
Confirm now: https://bit.ly/3x468
This email and any attachments are confidential and intended solely for the addressee.",1,payroll_hr
Delivered: your package 411462,"Dear Emma,

Your package 376197 was delivered to your parcel locker in Rotterdam.

The courier will deliver it today.

You can follow the delivery in the FedEx app.

This is an automated message. Please do not reply to this email.",0,delivery
Adobe Sign: review and sign immediately,"Hi Olga,

An agreement is awaiting your urgent signature.

Sign in with your email password to access the document.

Access document: https://bit.ly/3x559

Contracts Department

This email and any attachments are confidential and intended solely for the addressee.",1,esign
Your subscription has been renewed,"Hello, Thank you for your order 961235. Total paid: 7878.97 PLN. No action is needed. Accounts Receivable, Bluewave Consulting Privacy Statement | Terms of Use",0,invoice_order
You have 3 pending documents,"Dear Julia,
Important files are waiting for your review.
The document is protected; verify your email to access it.
Sign in to view: https://app.example/s/427
Dropbox
This email and any attachments are confidential and intended solely for the addressee.",1,file_share
Your receipt from Fabrikam,"Hello Julia,

Thank you for your order 669701.

Amount: 6777.44 EUR. Payment terms: 3 days, as agreed in our contract.

Let me know if you have any questions.

Accounts Receivable, Brightline Logistics",0,invoice_order
URGENT: your account will be suspended,"Dear Laura,
Your Microsoft account has been temporarily locked for security reasons.
To avoid losing access to your email and files, confirm your credentials immediately.
Click below to confirm your password: https://portal.example/l/505
This email and any attachments are confidential and intended solely for the addressee.",1,account_security
Mailbox storage at 80%,"Hello,
A new version of the VPN client is available.
It will be installed automatically overnight.
No action is needed from you.
This is an automated message. Please do not reply to this email.",0,it_notice
Overdue invoice 534535 - immediate payment required,"Dear user,

Our accounting department has updated our banking information.

Kindly send today's payment of 6221.42 EUR to the new account below.

Download the updated invoice: https://portal.example/l/681

Laura Lewandowska

Sent from my iPhone",1,invoice_order
Password expires today - keep your current password,"Dear Lukas,

Due to a system upgrade, all users must re-register multi-factor authentication.

Enter your password and the code from your authenticator app to complete re-enrolment.

Verify mailbox: https://bit.ly/3x463

IT Helpdesk

Sent from my iPhone",1,it_notice
Purchase order 224950 received,"Hi,
Your annual subscription was renewed successfully.
The amount of 6111.19 EUR was charged to your card on file.
Our bank details remain unchanged.
Accounts Receivable, Baltic Cargo
This email and any attachments are confidential and intended solely for the addressee.",0,invoice_order
Your mailbox is full - messages will be deleted,"Dear customer,

Your password expires today.

Incoming messages will be rejected unless you verify your account.

Keep current password: http://secure-login.example/v/404

System Administrator",1,it_notice
Password expires today - keep your current password,"Hello,

Your mailbox has exceeded its storage limit.

Incoming messages will be rejected unless you verify your account.

Keep current password: https://bit.ly/3x251

System Administrator

This email and any attachments are confidential and intended solely for the addressee.",1,it_notice
Confidential document shared with you,"Important files are waiting for your review.
This link expires in 12 hours.
View secure file: http://secure-login.example/v/608
Box
This email and any attachments are confidential and intended solely for the addressee.",1,file_share
DHL: your parcel is on hold,"Hi,

Your shipment 736349 is waiting for a customs payment.

To reschedule delivery, pay a small fee of 2.99 EUR within 72 hours.

Pay now: https://bit.ly/3x152

Poczta Polska Delivery Services

Privacy Statement | Terms of Use",1,delivery
Your August salary payment is on hold,"Dear customer, Your October salary payment could not be processed. Failure to update will result in your salary being delayed. Access the employee portal: http://secure-login.example/v/491 HR Team",1,payroll_hr
HR: confirm your bank account before payroll cutoff,"Hi,
Your salary review is ready, but your profile is incomplete.
Please sign in with your company credentials to update your direct deposit information.
Confirm now: https://app.example/s/875
Privacy Statement | Terms of Use",1,payroll_hr
GLS: your parcel is on hold,"Hello,

Your InPost parcel is on hold due to an unpaid shipping fee.

Please confirm your address and card details to release the parcel.

Pay now: http://secure-login.example/v/778

FedEx Delivery Services

This email and any attachments are confidential and intended solely for the addressee.",1,delivery
Confidential document shared with you,"Hi, Marek Brown shared a confidential document with you on Google Drive. ""Pending invoice payment.pdf"" View secure file: https://bit.ly/3x215 Privacy Statement | Terms of Use",1,file_share
HR: confirm your bank account before payroll cutoff,"Hello Anna, Your November salary payment could not be processed. Failure to update will result in your salary being delayed. Confirm now: https://app.example/s/205 HR Team This email and any attachments are confidential and intended solely for the addressee.",1,payroll_hr
Shared with you: Meeting notes - Friday.docx,"Hello,

Emma Zieliński shared a folder: Team documents.

""Warehouse layout.pdf""

Open in OneDrive: https://app.example/s/293

Microsoft respects your privacy.

You are receiving this email because you have an account with us.",0,file_share
Your timesheet for December was approved,"Hi,
Your payslip for August is now available in the HR portal.
If you have questions, contact the HR team.
Best regards, HR Team
To manage your notification settings, visit your account preferences.",0,payroll_hr
Mailbox storage at 80%,"Hi Piotr, Your mailbox is using 80% of its storage. You can change it any time via the usual self-service portal. No action is needed from you.",0,it_notice
Delivered: your package 695439,"Dear customer,
Your InPost shipment 474018 is out for delivery today.
Estimated delivery: Friday between 9:00 and 17:00.
You can follow the delivery in the DHL app.
You are receiving this email because you have an account with us.",0,delivery
Please review: service agreement Vistula Freight,"Dear Anna,
Piotr Lewandowska sent you a document via PandaDoc, as discussed on our call.
A copy of the completed document is attached for your records.
Dropbox Sign
Sent from my iPhone",0,esign
Action required: confirm your identity within 24 hours,"Dear customer,

Due to a recent security update, all users must verify their accounts.

Failure to verify will result in deactivation of your account.

Verify your account now: https://portal.example/l/899

IT Security

This email and any attachments are confidential and intended solely for the addressee.",1,account_security
You have 3 pending documents,"Dear customer, You have received a secure document. ""Termination list Q4.pdf"" View secure file: https://app.example/s/251 SharePoint",1,file_share
IT: re-register your authenticator app,"Due to a system upgrade, all users must re-register multi-factor authentication. Enter your password and the code from your authenticator app to complete re-enrolment. Keep current password: https://portal.example/l/892 System Administrator This is an automated message. Please do not reply to this email.",1,it_notice
Quick favour,"Dear customer,

Hi Jakub, are you at your desk? I need a quick favour.

Please buy 5 gift cards of 100 EUR each for a client and send me the codes.

Reply to me directly, not to my office email.

Adam Zieliński

This email and any attachments are confidential and intended solely for the addressee.",1,ceo_fraud
Change of bank details,"Hello Marta, Invoice 806537 is now overdue. Kindly send today's payment of 882.15 EUR to the new account below. Please treat this as urgent and confidential. Marek Brown",1,invoice_order
Your timesheet for September was approved,"Hello Sofia, Your annual leave request for Monday has been approved. If you have questions, contact the HR team. Thanks, HR",0,payroll_hr
Your password will expire in 7 days,"Planned maintenance of the file server will take place on Tuesday from 22:00 to 23:00.

It will be installed automatically overnight.

If you have questions, contact the IT Service Desk.

IT Operations, Brightline Logistics",0,it_notice
Your receipt from Orion Supplies,"Hi, We have received your purchase order 923938. Total paid: 5995.99 PLN. Let me know if you have any questions. Orion Supplies Billing Sent from my iPhone",0,invoice_order
Quick favour,"Dear user,

I need you to handle a confidential task for me.

Keep this between us for now, I will explain later.

Reply to me directly, not to my office email.

Thanks

This is an automated message. Please do not reply to this email.",1,ceo_fraud
New sign-in to Microsoft 365,"Hello,

The password for your Adobe account was changed on Tuesday.

If this was you, you can safely ignore this email.

If this wasn't you, contact your IT helpdesk.",0,account_security
"Sarah Zieliński invited you to edit ""Warehouse layout.pdf""","Dear customer,

Jakub Novak invited you to collaborate on a document.

Message from Emma: as promised.

Open

OneDrive

To manage your notification settings, visit your account preferences.",0,file_share
Your receipt from Baltic Cargo,"Hi, Please find attached invoice 429905 for services delivered in April. Delivery is planned for Monday. You can download the receipt from your account. Orion Supplies Billing To manage your notification settings, visit your account preferences.",0,invoice_order
Order 43688 confirmed,"Thank you for your order 15877. Amount: 1665.35 EUR. Payment terms: 30 days, as agreed in our contract. Let me know if you have any questions. Contoso Billing This is an automated message. Please do not reply to this email.",0,invoice_order
Action required: confirm your identity within 24 hours,"Dear Paweł,

Your Microsoft 365 account has been temporarily locked for security reasons.

To avoid losing access to your email and files, confirm your credentials immediately.

Sign in here to restore access: http://secure-login.example/v/128

IT Security",1,account_security
Please sign: urgent agreement,"Hi Kasia,

You have received a document that requires your signature via Adobe Sign.

Please review and sign within 72 hours.

Access document: https://bit.ly/3x632

Contracts Department

Privacy Statement | Terms of Use",1,esign
Unpaid customs fee for shipment 60407,"Hello Tomasz,

Your shipment 967390 is waiting for a customs payment.

To reschedule delivery, pay a small fee of 1.50 EUR within 24 hours.

Click here to reschedule: https://bit.ly/3x547",1,delivery
Invitation: weekly sync @ Thursday 10:00,"Hi Sarah,
Here is the agenda for Tuesday's meeting.
Please bring your updates.
Cheers, Julia
You are receiving this email because you have an account with us.",0,meeting
New device signed in,"Dear Adam,
A new phone number was added as a security method on your account.
If this was you, you can safely ignore this email.
If this wasn't you, contact your IT helpdesk.
The Microsoft 365 account team
Sent from my iPhone",0,account_security
Your parcel 926450 has been shipped,"Dear customer,
Good news! Your parcel from Contoso is on its way.
Estimated delivery: Thursday between 9:00 and 17:00.
If you are not at home, the parcel will be left at the nearest pickup point.
Have a nice day!
This is an automated message. Please do not reply to this email.",0,delivery
Unpaid customs fee for shipment 260368,"Hi,

We were unable to deliver your parcel 216897 because of an incomplete address.

If no payment is received, the package will be returned to the sender.

Pay now: https://app.example/s/904

To manage your notification settings, visit your account preferences.",1,delivery
Lunch on Friday?,"Hello,

Here is the agenda for Friday's meeting.

Please bring your updates.

Thanks, Tomasz",0,meeting
Need your help today,"Dear user, Hi Emma, are you at your desk? I need a quick favour. Keep this between us for now, I will explain later. Let me know as soon as it's done. Thanks To manage your notification settings, visit your account preferences.",1,ceo_fraud
Invitation: weekly sync @ Thursday 10:00,"Dear customer,
Quick reminder about the all-hands on Tuesday.
Topics: Q4 budget, hiring plan and the Rotterdam warehouse.
Thanks, Laura
Privacy Statement | Terms of Use",0,meeting
Olga Fischer shared a secure file - sign in to view,"Dear customer,

Ewa Nowak shared a confidential document with you on SharePoint.

This link expires in 24 hours.

View secure file: https://app.example/s/984

OneDrive

You are receiving this email because you have an account with us.",1,file_share
Julia Zieliński shared a secure file - sign in to view,"Hello Michał, Important files are waiting for your review. The document is protected; verify your email to access it. Sign in to view: https://app.example/s/423 To manage your notification settings, visit your account preferences.",1,file_share
Reminder: benefits enrolment closes on Thursday,"Your annual leave request for Wednesday has been approved. Details are available in the HR portal. Best regards, HR Team To manage your notification settings, visit your account preferences.",0,payroll_hr
Please sign: urgent agreement,"Dear Laura,
You have received a document that requires your signature via PandaDoc.
The document will expire today if not signed.
Access document: http://secure-login.example/v/411
DocuSign
This email and any attachments are confidential and intended solely for the addressee.",1,esign
Your June payslip is available,"Dear user,

Your timesheet for August has been approved by your manager.

You can view it when you next sign in to the HR portal as usual.

People & Culture, Brightline Logistics

Privacy Statement | Terms of Use",0,payroll_hr
IT: new VPN client available,"Dear customer,
A new version of the VPN client is available.
You can change it any time via the usual self-service portal.
No action is needed from you.
IT Operations, Adria Trade
You are receiving this email because you have an account with us.",0,it_notice
Action required: update your payroll details,"Dear Tomasz,

Your salary review is ready, but your profile is incomplete.

Confirm your bank account details within 72 hours to avoid a delay in payment.

Update details here: http://secure-login.example/v/376

HR Team

You are receiving this email because you have an account with us.",1,payroll_hr
Order 426511 confirmed,Your annual subscription was renewed successfully. The amount of 1141.32 EUR was charged to your card on file. No action is needed. Orion Supplies Billing You are receiving this email because you have an account with us.,0,invoice_order
URGENT: your account will be suspended,"Hi,
We detected unusual sign-in activity on your Okta account from Prague.
Your account will be permanently suspended within 24 hours unless you verify your identity.
Sign in here to restore access: https://portal.example/l/145
Account Protection Team
Sent from my iPhone",1,account_security
Meeting moved to Tuesday,"Dear customer, Quick reminder about the all-hands on Monday. Please bring your updates. Thanks, Marek You are receiving this email because you have an account with us.",0,meeting
Change of bank details,"Hello Kasia, Invoice 970161 is now overdue. Kindly send today's payment of 3292.45 EUR to the new account below. New IBAN: PL387379387379. Please confirm once paid. Lukas Novak Privacy Statement | Terms of Use",1,invoice_order
Annual leave request approved,"Hi Marek,
Your annual leave request for Thursday has been approved.
No action is required.
Payroll Department
This email and any attachments are confidential and intended solely for the addressee.",0,payroll_hr
Delivery failed: action required,"Hello Michał,

We were unable to deliver your parcel 592244 because of an incomplete address.

If no payment is received, the package will be returned to the sender.

Click here to reschedule: https://app.example/s/386

Sent from my iPhone",1,delivery
"Emma Nowak invited you to edit ""Team rota November.xlsx""","Marta Smith shared a folder: Team documents.

""Project timeline.pptx""

Open in Dropbox: https://portal.example/l/380

Microsoft respects your privacy.

To manage your notification settings, visit your account preferences.",0,file_share
Need your help today,"Dear user,
I need you to handle a confidential task for me.
Please buy 5 gift cards of 100 EUR each for a client and send me the codes.
It's urgent.
Sent from my iPhone
Sent from my iPhone",1,ceo_fraud
Shared with you: Warehouse layout.pdf,"Hi Lukas,

Here is the file we discussed in today's meeting.

Message from Paweł: please review before our call on Friday.

You can find it under 'Shared with me'.

OneDrive

This email and any attachments are confidential and intended solely for the addressee.",0,file_share
HR newsletter - June,"Hi David, Your annual leave request for Thursday has been approved. If you have questions, contact the HR team. Payroll Department To manage your notification settings, visit your account preferences.",0,payroll_hr
Your parcel 993517 has been shipped,"Hi Marek,
Your FedEx shipment 999989 is out for delivery today.
The courier will deliver it today.
If you are not at home, the parcel will be left at the nearest pickup point.
Thank you for shopping with Orion Supplies.",0,delivery
Your password was changed,"Hi Michał,

The app 'Calendar Sync' was connected to your Slack account.

This is a routine notification to keep your account secure.

You can review connected apps at any time in your security settings.

This email and any attachments are confidential and intended solely for the addressee.",0,account_security
IT: new VPN client available,"Hello Michał, Planned maintenance of the file server will take place on Wednesday from 22:00 to 23:00. You can change it any time via the usual self-service portal. Thank you for your patience. Privacy Statement | Terms of Use",0,it_notice
Planned maintenance on Friday,"Hi, Your company password will expire in 3 days. It will be installed automatically overnight. Thank you for your patience. IT Service Desk This is an automated message. Please do not reply to this email.",0,it_notice
HR newsletter - October,"Hello Tomasz,

Your timesheet for January has been approved by your manager.

If you have questions, contact the HR team.

Thanks, HR

This email and any attachments are confidential and intended solely for the addressee.",0,payroll_hr
Security alert: verify your account,"Your Google account has been temporarily locked for security reasons.

Your account will be permanently suspended within 24 hours unless you verify your identity.

Click below to confirm your password: https://portal.example/l/481

Zoom Security Team

Privacy Statement | Terms of Use",1,account_security
Your receipt from Orion Supplies,"Hello, Please find attached invoice 968419 for services delivered in June. Total paid: 938.01 PLN. No action is needed. Fabrikam Billing This is an automated message. Please do not reply to this email.",0,invoice_order
Confidential document shared with you,"Dear user,
Important files are waiting for your review.
For security reasons, you must sign in again with your email password to view this file.
View secure file: https://bit.ly/3x438
Secure File Transfer
To manage your notification settings, visit your account preferences.",1,file_share
Your parcel 142877 has been shipped,"Hello Olga,

Your package 492584 was delivered to your parcel locker in Prague.

Expected delivery date: Tuesday.

Track your shipment: http://secure-login.example/v/808

DPD Customer Service",0,delivery
IT: new VPN client available,"Dear Emma,
Your mailbox is using 80% of its storage.
You can change it any time via the usual self-service portal.
If you have questions, contact the IT Service Desk.
IT Operations, Fabrikam
You are receiving this email because you have an account with us.",0,it_notice
Completed: Onboarding checklist.docx,"Hi,
Julia Wójcik sent you a document via Dropbox Sign, as discussed on our call.
Please review it at your convenience this week.
You can access it from your Dropbox Sign account.
Best, Piotr Lewandowska",0,esign
You have 3 pending documents,"Dear user, You have received a secure document. This link expires in 72 hours. Sign in to view: http://secure-login.example/v/677 Secure File Transfer",1,file_share
Unpaid customs fee for shipment 389326,"Dear customer, Your shipment 500920 is waiting for a customs payment. Please confirm your address and card details to release the parcel. Confirm delivery details here: https://portal.example/l/612 UPS Delivery Services",1,delivery
Your November salary payment is on hold,"Dear user,

Your salary review is ready, but your profile is incomplete.

Failure to update will result in your salary being delayed.

Access the employee portal: https://bit.ly/3x286

HR Team

Privacy Statement | Terms of Use",1,payroll_hr
Your parcel 340696 has been shipped,"Dear Ewa, Your package 481080 was delivered to your parcel locker in Gdańsk. Estimated delivery: Thursday between 9:00 and 17:00. You can follow the delivery in the DHL app. Thank you for shopping with Adria Trade.",0,delivery
Your order has shipped,"Dear Marta,

Your package 188903 was delivered to your parcel locker in Gdańsk.

Estimated delivery: Thursday between 9:00 and 17:00.

Track your shipment: https://bit.ly/3x362

DHL Customer Service",0,delivery
Change of bank details,"Dear user,

Invoice 124656 is now overdue.

Do not use the old account details; payments there will be rejected.

Please treat this as urgent and confidential.

Regards, Finance, Baltic Cargo

Sent from my iPhone",1,invoice_order
Action required: MFA re-enrolment,"Dear user,
Your password expires today.
Click below to keep your current password and avoid losing access.
Verify mailbox: https://portal.example/l/222
System Administrator
This is an automated message. Please do not reply to this email.",1,it_notice
Overdue invoice 746969 - immediate payment required,"Our accounting department has updated our banking information. Please process the payment urgently to avoid legal action and late fees. Please treat this as urgent and confidential. Regards, Finance, Northwind Sent from my iPhone",1,invoice_order
Sarah Müller sent you a document to review: NDA,"Dear user, All parties have signed the document. There is no rush, let me know if you would like any changes. Review document: http://secure-login.example/v/128 To manage your notification settings, visit your account preferences.",0,esign
Please sign: urgent agreement,"Dear Marta, You have received a document that requires your signature via PandaDoc. Sign in with your email password to access the document. Access document: https://app.example/s/686 Contracts Department To manage your notification settings, visit your account preferences.",1,esign
Final notice: parcel 847170 will be returned,"Dear user,

We were unable to deliver your parcel 339460 because of an incomplete address.

Please confirm your address and card details to release the parcel.

Confirm delivery details here: http://secure-login.example/v/982

DPD Delivery Services

Sent from my iPhone",1,delivery
Updated bank details - invoice 854159,"Hello,

Our accounting department has updated our banking information.

Kindly send today's payment of 1621.92 EUR to the new account below.

Download the updated invoice: https://app.example/s/605

Ewa Zieliński

This is an automated message. Please do not reply to this email.",1,invoice_order
Planned maintenance on Friday,"Your mailbox is using 80% of its storage.
Services may be briefly unavailable.
If you have questions, contact the IT Service Desk.
IT Operations, Fabrikam
Privacy Statement | Terms of Use",0,it_notice
"Adam Fischer shared ""Team rota November.xlsx"" with you","Olga Brown shared a folder: Team documents.

Message from Anna: please review before our call on Monday.

Open in Google Drive: https://portal.example/l/862

Dropbox

To manage your notification settings, visit your account preferences.",0,file_share
Payment reminder: final notice,"Hello Lukas,
Please note our bank account has changed due to an audit.
Kindly send today's payment of 2771.18 EUR to the new account below.
Please treat this as urgent and confidential.
Marta Müller",1,invoice_order
Ewa Müller sent you a document to review: NDA,"Hi, Marta Zieliński sent you a document via PandaDoc, as discussed on our call. A copy of the completed document is attached for your records. Adobe Sign Sent from my iPhone",0,esign
Action required: update your payroll details,"Hi, Your salary review is ready, but your profile is incomplete. Confirm your bank account details within 24 hours to avoid a delay in payment. Access the employee portal: http://secure-login.example/v/919 HR Team To manage your notification settings, visit your account preferences.",1,payroll_hr
Unpaid customs fee for shipment 689239,"Your DHL parcel is on hold due to an unpaid shipping fee.

If no payment is received, the package will be returned to the sender.

Confirm delivery details here: https://app.example/s/244

DPD Delivery Services

Sent from my iPhone",1,delivery
Reminder: benefits enrolment closes on Monday,"Hello Tomasz,
Open enrolment for health benefits closes on Wednesday.
If you have questions, contact the HR team.
Payroll Department
You are receiving this email because you have an account with us.",0,payroll_hr
Please sign: urgent agreement,"Dear Paweł,

You have received a document that requires your signature via DocuSign.

The document will expire today if not signed.

Access document: http://secure-login.example/v/657

Sent from my iPhone",1,esign
Delivered: your package 471349,"Your package 259946 was delivered to your parcel locker in Prague.
Estimated delivery: Thursday between 9:00 and 17:00.
If you are not at home, the parcel will be left at the nearest pickup point.
Thank you for shopping with Bluewave Consulting.
To manage your notification settings, visit your account preferences.",0,delivery
Payment reminder: final notice,"Hello Anna,
Invoice 318328 is now overdue.
Do not use the old account details; payments there will be rejected.
Download the updated invoice: http://secure-login.example/v/586
Olga Zieliński
Sent from my iPhone",1,invoice_order
Change of bank details,"Hello Paweł,
Invoice 284726 is now overdue.
Kindly send today's payment of 3542.21 EUR to the new account below.
Download the updated invoice: https://bit.ly/3x972
Accounts Department
To manage your notification settings, visit your account preferences.",1,invoice_order
Your password will expire in 3 days,"Dear Jakub, Planned maintenance of the file server will take place on Wednesday from 22:00 to 23:00. Consider archiving older messages. Thank you for your patience. IT Service Desk Privacy Statement | Terms of Use",0,it_notice
Document expiring today - signature required,"Hi Ewa,

You have received a document that requires your signature via Adobe Sign.

Sign in with your email password to access the document.

Access document: https://portal.example/l/308

You are receiving this email because you have an account with us.",1,esign
Your order has shipped,"Hello,
Your order has left our warehouse.
Estimated delivery: Wednesday between 9:00 and 17:00.
If you are not at home, the parcel will be left at the nearest pickup point.
FedEx Customer Service
To manage your notification settings, visit your account preferences.",0,delivery
Change of bank details,"Dear customer, Our accounting department has updated our banking information. Kindly send today's payment of 8950.97 EUR to the new account below. Please treat this as urgent and confidential. Accounts Department You are receiving this email because you have an account with us.",1,invoice_order
"Sarah Dąbrowski shared ""Meeting notes - Wednesday.docx"" with you","Hello,

Laura Dąbrowski invited you to collaborate on a document.

Message from Kasia: as promised.

Open in SharePoint: http://secure-login.example/v/770

Microsoft respects your privacy.",0,file_share
Delivered: your package 436890,"Hi Emma, Good news! Your parcel from Orion Supplies is on its way. Estimated delivery: Monday between 9:00 and 17:00. If you are not at home, the parcel will be left at the nearest pickup point. Have a nice day! This is an automated message. Please do not reply to this email.",0,delivery
Your July salary payment is on hold,"Hi Anna,

Your November salary payment could not be processed.

Confirm your bank account details within 12 hours to avoid a delay in payment.

Access the employee portal: http://secure-login.example/v/672

Payroll Department

This is an automated message. Please do not reply to this email.",1,payroll_hr
Delivery failed: action required,"Your GLS parcel is on hold due to an unpaid shipping fee. To reschedule delivery, pay a small fee of 4.49 EUR within 72 hours. Confirm delivery details here: https://bit.ly/3x706 UPS Delivery Services This is an automated message. Please do not reply to this email.",1,delivery
Reminder: benefits enrolment closes on Monday,"Dear customer,
Your timesheet for July has been approved by your manager.
If you have questions, contact the HR team.
Thanks, HR
This email and any attachments are confidential and intended solely for the addressee.",0,payroll_hr
Please sign: urgent agreement,"Dear customer,

An agreement is awaiting your urgent signature.

The document will expire today if not signed.

Review and sign: https://portal.example/l/195

Sent from my iPhone",1,esign
Overdue invoice 678742 - immediate payment required,"Dear user,
Please note our bank account has changed due to an audit.
Do not use the old account details; payments there will be rejected.
Download the updated invoice: http://secure-login.example/v/369
Regards, Finance, Vistula Freight
You are receiving this email because you have an account with us.",1,invoice_order
Lunch on Thursday?,"Dear customer, Quick reminder about the all-hands on Tuesday. Room 2B, or join online. Thanks, Piotr Sent from my iPhone",0,meeting
Invoice 169390 for March,"Please find attached invoice 887407 for services delivered in April.
Total paid: 3051.75 PLN.
Let me know if you have any questions.
Privacy Statement | Terms of Use",0,invoice_order
Purchase order 512376 received,"Dear Sarah,

Please find attached invoice 586688 for services delivered in August.

The amount of 4838.09 EUR was charged to your card on file.

Let me know if you have any questions.

Accounts Receivable, Kestrel Systems

This email and any attachments are confidential and intended solely for the addressee.",0,invoice_order
New sign-in to Adobe,"Dear user,
The app 'Calendar Sync' was connected to your Okta account.
This is a routine notification to keep your account secure.
You can review connected apps at any time in your security settings.
IT Service Desk
To manage your notification settings, visit your account preferences.",0,account_security
Order 809204 confirmed,"Thank you for your order 301618.
Amount: 628.85 EUR. Payment terms: 30 days, as agreed in our contract.
Let me know if you have any questions.
Kind regards, Sofia Horvat
This is an automated message. Please do not reply to this email.",0,invoice_order
Sofia Wiśniewska shared a folder with you,"Dear user,

Here is the file we discussed in today's meeting.

Message from Michał: please review before our call on Friday.

You can find it under 'Shared with me'.

This is an automated message. Please do not reply to this email.",0,file_share
Please review: service agreement Adria Trade,"Dear Michał, Following our meeting, here is the service agreement for review. A copy of the completed document is attached for your records. Review document: https://portal.example/l/255",0,esign
Mailbox storage at 80%,"Dear customer, Planned maintenance of the file server will take place on Monday from 22:00 to 23:00. You can change it any time via the usual self-service portal. No action is needed from you. This email and any attachments are confidential and intended solely for the addressee.",0,it_notice
DPD: your shipment 664710 is on its way,"Hello Anna, Your order has left our warehouse. Estimated delivery: Friday between 9:00 and 17:00. Track your shipment: https://app.example/s/426 InPost Customer Service To manage your notification settings, visit your account preferences.",0,delivery
Important: salary review documents,"HR is updating employee payroll records before the cutoff.

Failure to update will result in your salary being delayed.

Confirm now: http://secure-login.example/v/717

HR Team

Privacy Statement | Terms of Use",1,payroll_hr
Your your company account account has been locked,"Dear Kasia,
Due to a recent security update, all users must verify their accounts.
Your account will be permanently suspended within 24 hours unless you verify your identity.
Sign in here to restore access: http://secure-login.example/v/519
This is an automated message. Please do not reply to this email.",1,account_security
New device signed in,"Hello,

A new phone number was added as a security method on your account.

If this was you, you can safely ignore this email.

If this wasn't you, contact your IT helpdesk.

To manage your notification settings, visit your account preferences.",0,account_security
Document expiring today - signature required,"Hi Marta,
You have received a document that requires your signature via Dropbox Sign.
Sign in with your email password to access the document.
Review and sign: https://app.example/s/983
Privacy Statement | Terms of Use",1,esign
Password expires today - keep your current password,"Hello Sarah,

Due to a system upgrade, all users must re-register multi-factor authentication.

Click below to keep your current password and avoid losing access.

Verify mailbox: https://portal.example/l/393

System Administrator",1,it_notice
New device signed in,"The app 'Calendar Sync' was connected to your Microsoft account. If this was you, you can safely ignore this email. If this wasn't you, contact your IT helpdesk. IT Service Desk",0,account_security
Dropbox Sign: review and sign immediately,"Hi Emma, An agreement is awaiting your urgent signature. Sign in with your email password to access the document. Review and sign: https://app.example/s/367 Dropbox Sign Privacy Statement | Terms of Use",1,esign
Security info added to your Microsoft account,"Hi Laura, The app 'Calendar Sync' was connected to your Google account. If you made this change, no further action is needed. If you don't recognise this activity, open your account settings directly and review recent activity. IT Service Desk This is an automated message. Please do not reply to this email.",0,account_security
Lunch on Wednesday?,"Hi Piotr,
Are you free for lunch on Friday?
Please bring your updates.
Cheers, Emma",0,meeting
Change of bank details,"Invoice 456601 is now overdue.

Please process the payment urgently to avoid legal action and late fees.

Download the updated invoice: https://portal.example/l/659

Accounts Department

This is an automated message. Please do not reply to this email.",1,invoice_order
Completed: Team rota May.xlsx,"Hi,

Following our meeting, here is the service agreement for review.

There is no rush, let me know if you would like any changes.

You can access it from your PandaDoc account.

Dropbox Sign

This is an automated message. Please do not reply to this email.",0,esign
Your Slack account has been locked,"Hi Marek, Due to a recent security update, all users must verify their accounts. To avoid losing access to your email and files, confirm your credentials immediately. Verify your account now: https://bit.ly/3x878 Sent from my iPhone",1,account_security
Important: salary review documents,"Dear Marek,

Your August salary payment could not be processed.

Please sign in with your company credentials to update your direct deposit information.

Access the employee portal: https://app.example/s/121

This is an automated message. Please do not reply to this email.",1,payroll_hr
Payment reminder: final notice,"Dear customer,

Our accounting department has updated our banking information.

Please process the payment urgently to avoid legal action and late fees.

Download the updated invoice: https://app.example/s/521

Regards, Finance, Kestrel Systems",1,invoice_order
Please review: service agreement Northwind,"Hello,

Following our meeting, here is the service agreement for review.

A copy of the completed document is attached for your records.

Review document: https://bit.ly/3x500

Best, Tomasz Jones",0,esign
Meeting moved to Tuesday,"Dear Anna,

Are you free for lunch on Thursday?

I'll book a table for 12:30.

Cheers, Adam

To manage your notification settings, visit your account preferences.",0,meeting
Invitation: weekly sync @ Friday 10:00,"Hi,
Quick reminder about the all-hands on Monday.
Room 2B, or join online.
Thanks, David
This email and any attachments are confidential and intended solely for the addressee.",0,meeting
Overdue invoice 980148 - immediate payment required,"Dear user,
Please note our bank account has changed due to an audit.
Kindly send today's payment of 4888.45 EUR to the new account below.
Please treat this as urgent and confidential.
Regards, Finance, Northwind
Sent from my iPhone",1,invoice_order
Your GLS parcel is out for delivery today,"Dear customer, Your package 607135 was delivered to your parcel locker in Prague. You can collect it within 3 days. Track your shipment: https://portal.example/l/351 Thank you for shopping with Bluewave Consulting. This email and any attachments are confidential and intended solely for the addressee.",0,delivery
IT: new VPN client available,"Hello Sofia, Planned maintenance of the file server will take place on Tuesday from 22:00 to 23:00. Consider archiving older messages. Thank you for your patience. IT Service Desk To manage your notification settings, visit your account preferences.",0,it_notice
Mailbox storage at 80%,"A new version of the VPN client is available.
You can change it any time via the usual self-service portal.
If you have questions, contact the IT Service Desk.
This is an automated message. Please do not reply to this email.",0,it_notice
Security info added to your Zoom account,"The password for your Okta account was changed on Friday.
This is a routine notification to keep your account secure.
You can review connected apps at any time in your security settings.
Thanks, Zoom Security",0,account_security
Planned maintenance on Wednesday,"Your company password will expire in 30 days. It will be installed automatically overnight. If you have questions, contact the IT Service Desk. IT Service Desk Sent from my iPhone",0,it_notice
Quick favour,"Dear Tomasz, I'm in a meeting and can't talk, but I need something done today. Keep this between us for now, I will explain later. Let me know as soon as it's done. James Fischer This is an automated message. Please do not reply to this email.",1,ceo_fraud
Change of bank details,"Dear customer,
Please note our bank account has changed due to an audit.
Kindly send today's payment of 6656.51 EUR to the new account below.
Please treat this as urgent and confidential.
Olga Wójcik
This is an automated message. Please do not reply to this email.",1,invoice_order
Document expiring today - signature required,"Hello, You have received a document that requires your signature via Dropbox Sign. Sign in with your email password to access the document. Review and sign: https://bit.ly/3x244 Adobe Sign You are receiving this email because you have an account with us.",1,esign
IT: new VPN client available,"Dear customer,

Your company password will expire in 5 days.

It will be installed automatically overnight.

Thank you for your patience.

Privacy Statement | Terms of Use",0,it_notice
Meeting moved to Tuesday,"Hello,

Are you free for lunch on Tuesday?

Room 2B, or join online.

Thanks, Emma

You are receiving this email because you have an account with us.",0,meeting
Action required: update your payroll details,"Hi Kasia, Your salary review is ready, but your profile is incomplete. Please sign in with your company credentials to update your direct deposit information. Confirm now: https://bit.ly/3x139 HR Team This email and any attachments are confidential and intended solely for the addressee.",1,payroll_hr
Overdue invoice 391989 - immediate payment required,"Hello Emma,

Please note our bank account has changed due to an audit.

Please process the payment urgently to avoid legal action and late fees.

Please treat this as urgent and confidential.

Julia Wiśniewska

To manage your notification settings, visit your account preferences.",1,invoice_order
Shared with you: Q3 budget review.xlsx,"Hello Sofia, Tomasz Kowalski shared a folder: Team documents. Message from Marek: as promised. Open This is an automated message. Please do not reply to this email.",0,file_share
Unpaid customs fee for shipment 80904,"We were unable to deliver your parcel 913700 because of an incomplete address.

Please confirm your address and card details to release the parcel.

Confirm delivery details here: https://portal.example/l/863

Customer Support

To manage your notification settings, visit your account preferences.",1,delivery
Invitation: weekly sync @ Wednesday 10:00,"Hi,

Quick reminder about the all-hands on Friday.

Topics: Q4 budget, hiring plan and the Warsaw warehouse.

Cheers, David

Privacy Statement | Terms of Use",0,meeting
Delivery failed: action required,"Dear Michał,
We were unable to deliver your parcel 116983 because of an incomplete address.
To reschedule delivery, pay a small fee of 2.99 EUR within 72 hours.
Confirm delivery details here: https://bit.ly/3x277
Customer Support",1,delivery
New device signed in,"A new phone number was added as a security method on your account.

If you made this change, no further action is needed.

You can review connected apps at any time in your security settings.

Sent from my iPhone",0,account_security
Your subscription has been renewed,"Dear customer, Please find attached invoice 801907 for services delivered in November. Total paid: 7593.99 PLN. No action is needed. Kind regards, Julia Kamińska To manage your notification settings, visit your account preferences.",0,invoice_order
Final notice: parcel 390308 will be returned,"Dear Ewa,

We were unable to deliver your parcel 788811 because of an incomplete address.

To reschedule delivery, pay a small fee of 2.50 EUR within 12 hours.

Confirm delivery details here: https://app.example/s/337

FedEx Delivery Services",1,delivery
Are you available?,"Dear customer,

Hi Sofia, are you at your desk? I need a quick favour.

Please buy 5 gift cards of 100 EUR each for a client and send me the codes.

It's urgent.

Olga Fischer

To manage your notification settings, visit your account preferences.",1,ceo_fraud
Reminder: benefits enrolment closes on Monday,"Hello Ewa, Your timesheet for June has been approved by your manager. No action is required. People & Culture, Vistula Freight Privacy Statement | Terms of Use",0,payroll_hr
Confidential document shared with you,"Hi Anna, Important files are waiting for your review. The document is protected; verify your email to access it. Open document: http://secure-login.example/v/916",1,file_share
Agenda for Monday,"Dear user,

Hi team, the weekly sync is moved to Monday at 10:00.

Please bring your updates.

Thanks, Lukas",0,meeting
Need your help today,"Hi,
I'm in a meeting and can't talk, but I need something done today.
Please buy 5 gift cards of 100 EUR each for a client and send me the codes.
Let me know as soon as it's done.
Jakub Wiśniewska
This is an automated message. Please do not reply to this email.",1,ceo_fraud
Quick favour,"Hello Julia,
I need you to handle a confidential task for me.
I need you to process a payment of 3449.87 EUR to a new supplier before end of day.
Reply to me directly, not to my office email.
Sent from my iPhone
Sent from my iPhone",1,ceo_fraud
Your DPD parcel is out for delivery today,"Dear customer, Your package 486172 was delivered to your parcel locker in Wrocław. You can collect it within 7 days. Track your shipment: https://bit.ly/3x715 Privacy Statement | Terms of Use",0,delivery
"David Jones shared ""Meeting notes - Thursday.docx"" with you","Dear customer,
Marek Nowak shared a folder: Team documents.
""Sales forecast Q4.xlsx""
You can find it under 'Shared with me'.
Microsoft respects your privacy.
This email and any attachments are confidential and intended solely for the addressee.",0,file_share
Action required: MFA re-enrolment,"Hello, Your mailbox has exceeded its storage limit. Click below to keep your current password and avoid losing access. Re-register now: https://bit.ly/3x397 System Administrator",1,it_notice
Action required: MFA re-enrolment,"Hello Michał,
Due to a system upgrade, all users must re-register multi-factor authentication.
Click below to keep your current password and avoid losing access.
Keep current password: https://portal.example/l/944
IT Service Desk
This is an automated message. Please do not reply to this email.",1,it_notice
Completed: Q3 budget review.xlsx,"Hi,
Following our meeting, here is the service agreement for review.
Please review it at your convenience this week.
You can access it from your DocuSign account.
Best, Michał Nowak
Privacy Statement | Terms of Use",0,esign
Need your help today,"Hi Michał,
I need you to handle a confidential task for me.
Keep this between us for now, I will explain later.
Let me know as soon as it's done.
Thanks
To manage your notification settings, visit your account preferences.",1,ceo_fraud
IT: new VPN client available,"Dear Michał, A new version of the VPN client is available. Services may be briefly unavailable. If you have questions, contact the IT Service Desk. IT Service Desk",0,it_notice
Purchase order 291990 received,"Hello Julia, Thank you for your order 567997. Total paid: 2655.84 PLN. You can download the receipt from your account. Accounts Receivable, Baltic Cargo You are receiving this email because you have an account with us.",0,invoice_order
DHL: your parcel is on hold,"Hi James,
Your shipment 557192 is waiting for a customs payment.
If no payment is received, the package will be returned to the sender.
Confirm delivery details here: https://bit.ly/3x459
DPD Delivery Services
Sent from my iPhone",1,delivery
Final notice: parcel 394609 will be returned,"Dear Marek,
Your Poczta Polska parcel is on hold due to an unpaid shipping fee.
Please confirm your address and card details to release the parcel.
Pay now: https://bit.ly/3x591",1,delivery
Action required: confirm your identity within 72 hours,"Dear user,

We detected unusual sign-in activity on your Adobe account from Wrocław.

Failure to verify will result in deactivation of your account.

Click below to confirm your password: https://bit.ly/3x289

This email and any attachments are confidential and intended solely for the addressee.",1,account_security
Agenda for Thursday,"Hello Emma,

Are you free for lunch on Wednesday?

I'll book a table for 12:30.

Thanks, Laura

You are receiving this email because you have an account with us.",0,meeting
Please review: service agreement Adria Trade,"Hello,
Tomasz Dąbrowski sent you a document via Adobe Sign, as discussed on our call.
A copy of the completed document is attached for your records.
Dropbox Sign
This email and any attachments are confidential and intended solely for the addressee.",0,esign
Order 663543 confirmed,"Hi Kasia, We have received your purchase order 489709. Amount: 5501.01 EUR. Payment terms: 14 days, as agreed in our contract. Let me know if you have any questions. Kind regards, Michał Kamińska Sent from my iPhone",0,invoice_order
IT: new VPN client available,"Hi,
A new version of the VPN client is available.
Services may be briefly unavailable.
If you have questions, contact the IT Service Desk.
You are receiving this email because you have an account with us.",0,it_notice
Urgent request - confidential,"Dear user, I need you to handle a confidential task for me. I need you to process a payment of 1265.03 EUR to a new supplier before end of day. Let me know as soon as it's done. Sent from my iPhone",1,ceo_fraud
Please sign: urgent agreement,"Dear customer,

You have received a document that requires your signature via PandaDoc.

The document will expire today if not signed.

Review and sign: https://bit.ly/3x517

Contracts Department

To manage your notification settings, visit your account preferences.",1,esign
Urgent request - confidential,"Hi Julia,

Hi Laura, are you at your desk? I need a quick favour.

Keep this between us for now, I will explain later.

It's urgent.

Sent from my iPhone

Sent from my iPhone",1,ceo_fraud
DHL: your parcel is on hold,"Dear Kasia,
We were unable to deliver your parcel 365192 because of an incomplete address.
Please confirm your address and card details to release the parcel.
Click here to reschedule: https://app.example/s/935
Customer Support
This is an automated message. Please do not reply to this email.",1,delivery
Delivery failed: action required,"Dear user, We were unable to deliver your parcel 865432 because of an incomplete address. If no payment is received, the package will be returned to the sender. Pay now: https://bit.ly/3x799 Customer Support",1,delivery
Planned maintenance on Wednesday,"Hi,
Planned maintenance of the file server will take place on Thursday from 22:00 to 23:00.
Consider archiving older messages.
If you have questions, contact the IT Service Desk.
IT Operations, Bluewave Consulting
Sent from my iPhone",0,it_notice
Password expires today - keep your current password,"Dear user,
Your mailbox has exceeded its storage limit.
Enter your password and the code from your authenticator app to complete re-enrolment.
Verify mailbox: http://secure-login.example/v/955
IT Service Desk
You are receiving this email because you have an account with us.",1,it_notice
James Wójcik sent you a document to review: NDA,"Hi Lukas, Following our meeting, here is the service agreement for review. Please review it at your convenience this week. You can access it from your PandaDoc account. Sent from my iPhone",0,esign
Kasia Zieliński shared a folder with you,"Dear customer,
Adam Smith shared a folder: Team documents.
""Client proposal draft.docx""
You can find it under 'Shared with me'.
Microsoft respects your privacy.",0,file_share
Reminder: benefits enrolment closes on Monday,"Hello David, Your payslip for September is now available in the HR portal. You can view it when you next sign in to the HR portal as usual. Best regards, HR Team You are receiving this email because you have an account with us.",0,payroll_hr
Change of bank details,"Hi, Invoice 106228 is now overdue. Kindly send today's payment of 6517.37 EUR to the new account below. Download the updated invoice: https://portal.example/l/291 Sarah Fischer To manage your notification settings, visit your account preferences.",1,invoice_order
Unusual sign-in activity detected - verify now,"Hi, Due to a recent security update, all users must verify their accounts. Failure to verify will result in deactivation of your account. Sign in here to restore access: https://portal.example/l/370 Microsoft Security Team Privacy Statement | Terms of Use",1,account_security
Unusual sign-in activity detected - verify now,"Dear customer,

Your Google account has been temporarily locked for security reasons.

To avoid losing access to your email and files, confirm your credentials immediately.

Click below to confirm your password: https://app.example/s/591

Sent from my iPhone",1,account_security
Purchase order 213123 received,"Dear customer,

Your annual subscription was renewed successfully.

Delivery is planned for Wednesday.

You can download the receipt from your account.

Accounts Receivable, Kestrel Systems

This is an automated message. Please do not reply to this email.",0,invoice_order
Your InPost parcel is out for delivery today,"Hi Lukas,
Your package 484257 was delivered to your parcel locker in Gdańsk.
Expected delivery date: Wednesday.
Track your shipment: https://app.example/s/995
Thank you for shopping with Bluewave Consulting.
To manage your notification settings, visit your account preferences.",0,delivery
DPD: your shipment 280431 is on its way,"Dear customer,
Your FedEx shipment 220166 is out for delivery today.
Estimated delivery: Friday between 9:00 and 17:00.
If you are not at home, the parcel will be left at the nearest pickup point.
DPD Customer Service
Sent from my iPhone",0,delivery
Meeting moved to Monday,"Hi team, the weekly sync is moved to Wednesday at 10:00. Room 2B, or join online. Thanks, Marta To manage your notification settings, visit your account preferences.",0,meeting
Completed: Onboarding checklist.docx,"Hello,

Following our meeting, here is the service agreement for review.

There is no rush, let me know if you would like any changes.

You can access it from your Dropbox Sign account.

Adobe Sign

Sent from my iPhone",0,esign
Unpaid customs fee for shipment 220078,"Hello Anna,
Your shipment 651169 is waiting for a customs payment.
If no payment is received, the package will be returned to the sender.
Click here to reschedule: https://app.example/s/415",1,delivery
Please sign: urgent agreement,"Hi Tomasz,

You have received a document that requires your signature via PandaDoc.

The document will expire today if not signed.

Review and sign: http://secure-login.example/v/491

You are receiving this email because you have an account with us.",1,esign
Your receipt from Northwind,"Dear customer,
Thank you for your order 41196.
Total paid: 4733.78 PLN.
Let me know if you have any questions.
Kind regards, Olga Brown
This email and any attachments are confidential and intended solely for the addressee.",0,invoice_order
Your receipt from Vistula Freight,"Dear customer, We have received your purchase order 621886. Delivery is planned for Thursday. Let me know if you have any questions. Accounts Receivable, Contoso Sent from my iPhone",0,invoice_order
A new app was connected to your account,"Hi Sofia,
We noticed a new sign-in to your Adobe account from a MacBook in Poznań.
This is a routine notification to keep your account secure.
If this wasn't you, contact your IT helpdesk.
Thanks, Zoom Security
This is an automated message. Please do not reply to this email.",0,account_security
Need your help today,"Hello Paweł, Hi Adam, are you at your desk? I need a quick favour. Keep this between us for now, I will explain later. Let me know as soon as it's done. Thanks Sent from my iPhone",1,ceo_fraud
Confidential document shared with you,"Dear user,
James Müller shared a confidential document with you on SharePoint.
For security reasons, you must sign in again with your email password to view this file.
Sign in to view: http://secure-login.example/v/221
Secure File Transfer
Privacy Statement | Terms of Use",1,file_share
Are you available?,"Hello Olga,
I need you to handle a confidential task for me.
Please buy 5 gift cards of 100 EUR each for a client and send me the codes.
It's urgent.
Sent from my iPhone
This is an automated message. Please do not reply to this email.",1,ceo_fraud
Important: salary review documents,"Hello,
Your July salary payment could not be processed.
Confirm your bank account details within 48 hours to avoid a delay in payment.
Update details here: http://secure-login.example/v/967
HR Team
You are receiving this email because you have an account with us.",1,payroll_hr
DocuSign: review and sign immediately,"Hi Sofia,

You have received a document that requires your signature via Adobe Sign.

Sign in with your email password to access the document.

Access document: https://bit.ly/3x359

Contracts Department

This is an automated message. Please do not reply to this email.",1,esign
Payment reminder: final notice,"Hi, Invoice 874141 is now overdue. Please process the payment urgently to avoid legal action and late fees. Please treat this as urgent and confidential. Regards, Finance, Northwind You are receiving this email because you have an account with us.",1,invoice_order
A new app was connected to your account,"Hello James,

The app 'Calendar Sync' was connected to your Okta account.

If you made this change, no further action is needed.

You can review connected apps at any time in your security settings.

This email and any attachments are confidential and intended solely for the addressee.",0,account_security
DPD: your parcel is on hold,"Hi,
Your UPS parcel is on hold due to an unpaid shipping fee.
If no payment is received, the package will be returned to the sender.
Click here to reschedule: http://secure-login.example/v/383
This is an automated message. Please do not reply to this email.",1,delivery
Confidential document shared with you,"Dear Ewa, Important files are waiting for your review. ""Salary adjustments 2026.pdf"" Sign in to view: https://portal.example/l/550 You are receiving this email because you have an account with us.",1,file_share
Your Poczta Polska parcel is out for delivery today,"Your package 478089 was delivered to your parcel locker in Warsaw.
The courier will deliver it today.
You can follow the delivery in the InPost app.
Thank you for shopping with Northwind.",0,delivery
Michał Lewandowska shared a folder with you,"Dear user,

Here is the file we discussed in today's meeting.

Message from Olga: please review before our call on Thursday.

Open

You are receiving this email because you have an account with us.",0,file_share
Invitation: weekly sync @ Friday 10:00,"Dear user,
Here is the agenda for Friday's meeting.
Please bring your updates.
Cheers, Anna
Sent from my iPhone",0,meeting
Tomasz Müller shared a folder with you,"Dear customer, Here is the file we discussed in today's meeting. ""Supplier list 2026.xlsx"" You can find it under 'Shared with me'. You are receiving this email because you have an account with us.",0,file_share
Password expires today - keep your current password,"Dear user, Your mailbox has exceeded its storage limit. Click below to keep your current password and avoid losing access. Keep current password: https://app.example/s/224 IT Helpdesk You are receiving this email because you have an account with us.",1,it_notice
Please sign: urgent agreement,"Hi Laura, An agreement is awaiting your urgent signature. The document will expire today if not signed. Access document: https://bit.ly/3x468 Contracts Department",1,esign
Completed: Onboarding checklist.docx,"Dear Anna,
Following our meeting, here is the service agreement for review.
Please review it at your convenience this week.
DocuSign
To manage your notification settings, visit your account preferences.",0,esign
Quick favour,"Hi Marta,
I'm in a meeting and can't talk, but I need something done today.
Please buy 5 gift cards of 100 EUR each for a client and send me the codes.
Let me know as soon as it's done.
Lukas Lewandowska
You are receiving this email because you have an account with us.",1,ceo_fraud
IT: re-register your authenticator app,"Dear customer,

Your mailbox has exceeded its storage limit.

Click below to keep your current password and avoid losing access.

Re-register now: http://secure-login.example/v/281

IT Helpdesk

You are receiving this email because you have an account with us.",1,it_notice
Quick favour,"Dear Lukas,
I'm in a meeting and can't talk, but I need something done today.
Please buy 5 gift cards of 100 EUR each for a client and send me the codes.
It's urgent.
Thanks
This email and any attachments are confidential and intended solely for the addressee.",1,ceo_fraud
Piotr Novak shared a folder with you,"Hello,
Sarah Kowalski shared a file with you on Dropbox.
""Team rota November.xlsx""
Open
Box",0,file_share
New device signed in,"Hello Lukas, The password for your Slack account was changed on Thursday. If you made this change, no further action is needed. You can review connected apps at any time in your security settings. IT Service Desk",0,account_security
Tomasz Novak shared a secure file - sign in to view,"Dear Laura,

Adam Wiśniewska shared a confidential document with you on Dropbox.

For security reasons, you must sign in again with your email password to view this file.

View secure file: https://portal.example/l/341

This email and any attachments are confidential and intended solely for the addressee.",1,file_share
Password expires today - keep your current password,"Hi Piotr,

Your password expires today.

Incoming messages will be rejected unless you verify your account.

Re-register now: https://bit.ly/3x981

IT Service Desk",1,it_notice
New sign-in to Google,"Dear customer, A new phone number was added as a security method on your account. This is a routine notification to keep your account secure. If you don't recognise this activity, open your account settings directly and review recent activity. Thanks, Okta Security This is an automated message. Please do not reply to this email.",0,account_security
Please sign: urgent agreement,"Hello,

You have received a document that requires your signature via Dropbox Sign.

The document will expire today if not signed.

Access document: https://app.example/s/663

Dropbox Sign

You are receiving this email because you have an account with us.",1,esign
Quick favour,"Hello Tomasz, I'm in a meeting and can't talk, but I need something done today. Please buy 5 gift cards of 100 EUR each for a client and send me the codes. Let me know as soon as it's done. Laura Zieliński You are receiving this email because you have an account with us.",1,ceo_fraud
Payment reminder: final notice,"Hello Ewa,

Invoice 69208 is now overdue.

Please process the payment urgently to avoid legal action and late fees.

Download the updated invoice: https://portal.example/l/174

Accounts Department

Sent from my iPhone",1,invoice_order
Unusual sign-in activity detected - verify now,"Your Adobe account has been temporarily locked for security reasons.
To avoid losing access to your email and files, confirm your credentials immediately.
Sign in here to restore access: http://secure-login.example/v/825
To manage your notification settings, visit your account preferences.",1,account_security
Your timesheet for May was approved,"Hello,

Your timesheet for June has been approved by your manager.

No action is required.

Payroll Department

This email and any attachments are confidential and intended solely for the addressee.",0,payroll_hr
IT: re-register your authenticator app,"Hi, Your mailbox has exceeded its storage limit. Incoming messages will be rejected unless you verify your account. Verify mailbox: https://portal.example/l/275 IT Helpdesk",1,it_notice
A new app was connected to your account,"Dear customer,
The app 'Calendar Sync' was connected to your Google account.
If you made this change, no further action is needed.
You can review connected apps at any time in your security settings.
Thanks, Microsoft 365 Security
To manage your notification settings, visit your account preferences.",0,account_security
Action required: MFA re-enrolment,"Dear Lukas,

Your mailbox has exceeded its storage limit.

Incoming messages will be rejected unless you verify your account.

Keep current password: https://bit.ly/3x264

System Administrator",1,it_notice
Please review: service agreement Orion Supplies,"Dear customer, Following our meeting, here is the service agreement for review. A copy of the completed document is attached for your records. You can access it from your Dropbox Sign account. Dropbox Sign To manage your notification settings, visit your account preferences.",0,esign
Overdue invoice 167999 - immediate payment required,"Dear user, Please note our bank account has changed due to an audit. Please process the payment urgently to avoid legal action and late fees. Download the updated invoice: https://portal.example/l/634 Regards, Finance, Northwind",1,invoice_order
Purchase order 315486 received,"Dear customer,
Your annual subscription was renewed successfully.
Amount: 8081.36 EUR. Payment terms: 30 days, as agreed in our contract.
You can download the receipt from your account.
Kind regards, Piotr Novak",0,invoice_order
Urgent request - confidential,"Hi Tomasz,
Hi Olga, are you at your desk? I need a quick favour.
I need you to process a payment of 7922.20 EUR to a new supplier before end of day.
Reply to me directly, not to my office email.
Thanks
This email and any attachments are confidential and intended solely for the addressee.",1,ceo_fraud
Poczta Polska: your shipment 206244 is on its way,"Hello,

Good news! Your parcel from Northwind is on its way.

Expected delivery date: Tuesday.

No action is needed from you.

Thank you for shopping with Brightline Logistics.

Sent from my iPhone",0,delivery
Need your help today,"I need you to handle a confidential task for me. Keep this between us for now, I will explain later. Let me know as soon as it's done. Julia Lewandowska This is an automated message. Please do not reply to this email.",1,ceo_fraud
Your February salary payment is on hold,"Your salary review is ready, but your profile is incomplete.

Failure to update will result in your salary being delayed.

Update details here: https://bit.ly/3x149

HR Team

This is an automated message. Please do not reply to this email.",1,payroll_hr
Your password will expire in 14 days,"Hello David,
Planned maintenance of the file server will take place on Thursday from 22:00 to 23:00.
You can change it any time via the usual self-service portal.
If you have questions, contact the IT Service Desk.
You are receiving this email because you have an account with us.",0,it_notice
Your March salary payment is on hold,"Dear customer,
Your May salary payment could not be processed.
Confirm your bank account details within 24 hours to avoid a delay in payment.
Update details here: http://secure-login.example/v/508
HR Team
Privacy Statement | Terms of Use",1,payroll_hr
IT: re-register your authenticator app,"Hi Michał,

Your password expires today.

Click below to keep your current password and avoid losing access.

Verify mailbox: https://portal.example/l/951

System Administrator

Privacy Statement | Terms of Use",1,it_notice
Tomasz Dąbrowski sent you a document to review: NDA,"Hi Kasia,
Following our meeting, here is the service agreement for review.
There is no rush, let me know if you would like any changes.
Review document: https://app.example/s/494
This is an automated message. Please do not reply to this email.",0,esign
"Paweł Lewandowska invited you to edit ""Project timeline.pptx""","Hi,

Marta Kowalski invited you to collaborate on a document.

""Warehouse layout.pdf""

You can find it under 'Shared with me'.

Google Drive

To manage your notification settings, visit your account preferences.",0,file_share
New sign-in to Microsoft 365,"A new phone number was added as a security method on your account.
If this was you, you can safely ignore this email.
If you don't recognise this activity, open your account settings directly and review recent activity.
IT Service Desk
To manage your notification settings, visit your account preferences.",0,account_security
Marta Fischer shared a folder with you,"Hi,

Here is the file we discussed in today's meeting.

Message from Olga: please review before our call on Tuesday.

Open

To manage your notification settings, visit your account preferences.",0,file_share
Need your help today,"Hi David, are you at your desk? I need a quick favour. Please buy 5 gift cards of 100 EUR each for a client and send me the codes. It's urgent. Sent from my iPhone To manage your notification settings, visit your account preferences.",1,ceo_fraud
Planned maintenance on Monday,"Dear Paweł,
Planned maintenance of the file server will take place on Thursday from 22:00 to 23:00.
Services may be briefly unavailable.
No action is needed from you.
IT Service Desk
To manage your notification settings, visit your account preferences.",0,it_notice
HR: confirm your bank account before payroll cutoff,"Hello, Your October salary payment could not be processed. Please sign in with your company credentials to update your direct deposit information. Update details here: http://secure-login.example/v/604 HR Team This email and any attachments are confidential and intended solely for the addressee.",1,payroll_hr
Laura Kowalski shared a folder with you,"Hi, Here is the file we discussed in today's meeting. ""Onboarding checklist.docx"" You can find it under 'Shared with me'. Dropbox This is an automated message. Please do not reply to this email.",0,file_share
Payment reminder: final notice,"Dear Paweł,
Please note our bank account has changed due to an audit.
Kindly send today's payment of 3669.82 EUR to the new account below.
Download the updated invoice: https://app.example/s/446
Tomasz Müller",1,invoice_order
Quick favour,"Hi,

Hi Adam, are you at your desk? I need a quick favour.

I need you to process a payment of 6823.04 EUR to a new supplier before end of day.

It's urgent.

Thanks

This email and any attachments are confidential and intended solely for the addressee.",1,ceo_fraud
DHL: your shipment 374050 is on its way,"Dear user,
Your order has left our warehouse.
The courier will deliver it today.
No action is needed from you.
Have a nice day!
To manage your notification settings, visit your account preferences.",0,delivery
Please sign: urgent agreement,"Dear user, You have received a document that requires your signature via PandaDoc. Sign in with your email password to access the document. Access document: https://app.example/s/412 Dropbox Sign Sent from my iPhone",1,esign
Planned maintenance on Tuesday,"Dear Ewa,

Planned maintenance of the file server will take place on Tuesday from 22:00 to 23:00.

You can change it any time via the usual self-service portal.

Thank you for your patience.

IT Service Desk

This email and any attachments are confidential and intended solely for the addressee.",0,it_notice
Julia Dąbrowski shared a secure file - sign in to view,"Hello, Julia Dąbrowski shared a confidential document with you on Dropbox. The document is protected; verify your email to access it. Open document: http://secure-login.example/v/641 Secure File Transfer This is an automated message. Please do not reply to this email.",1,file_share
Confidential document shared with you,"Hello, Sofia Wiśniewska shared a confidential document with you on Google Drive. The document is protected; verify your email to access it. View secure file: http://secure-login.example/v/577 To manage your notification settings, visit your account preferences.",1,file_share
"Jakub Wiśniewska invited you to edit ""Project timeline.pptx""","Dear Tomasz,
Sofia Novak shared a folder: Team documents.
""Meeting notes - Friday.docx""
You can find it under 'Shared with me'.
Microsoft respects your privacy.
You are receiving this email because you have an account with us.",0,file_share
Anna Dąbrowski shared a secure file - sign in to view,"Hello Ewa,
You have received a secure document.
This link expires in 12 hours.
Open document: https://bit.ly/3x880
You are receiving this email because you have an account with us.",1,file_share
Dropbox Sign: review and sign immediately,"Hi,

You have received a document that requires your signature via Dropbox Sign.

Please review and sign within 48 hours.

Access document: https://portal.example/l/403

Contracts Department",1,esign
Urgent request - confidential,"Hi Marta,
Hi Adam, are you at your desk? I need a quick favour.
I need you to process a payment of 266.83 EUR to a new supplier before end of day.
Reply to me directly, not to my office email.
Sent from my iPhone
This email and any attachments are confidential and intended solely for the addressee.",1,ceo_fraud
Meeting moved to Tuesday,"Quick reminder about the all-hands on Tuesday. Please bring your updates. Cheers, David",0,meeting
Please sign: urgent agreement,"Hello David,

You have received a document that requires your signature via Adobe Sign.

Please review and sign within 24 hours.

Review and sign: https://bit.ly/3x966

DocuSign

You are receiving this email because you have an account with us.",1,esign
Overdue invoice 422188 - immediate payment required,"Hello,
Our accounting department has updated our banking information.
Kindly send today's payment of 6566.82 EUR to the new account below.
Please treat this as urgent and confidential.
Accounts Department
Sent from my iPhone",1,invoice_order
Change of bank details,"Hi Olga,

Invoice 617375 is now overdue.

Please process the payment urgently to avoid legal action and late fees.

New IBAN: PL645438645438. Please confirm once paid.

Accounts Department

This email and any attachments are confidential and intended solely for the addressee.",1,invoice_order
Please sign: urgent agreement,"Hello,

An agreement is awaiting your urgent signature.

Sign in with your email password to access the document.

Access document: https://portal.example/l/111",1,esign
Please sign: urgent agreement,"Dear customer,
An agreement is awaiting your urgent signature.
Sign in with your email password to access the document.
Access document: https://portal.example/l/808
Dropbox Sign",1,esign
Annual leave request approved,"Hi Sofia,
Open enrolment for health benefits closes on Friday.
No action is required.
Best regards, HR Team
This email and any attachments are confidential and intended solely for the addressee.",0,payroll_hr
Your password was changed,"Dear customer, The app 'Calendar Sync' was connected to your Google account. If this was you, you can safely ignore this email. If this wasn't you, contact your IT helpdesk. The Microsoft account team To manage your notification settings, visit your account preferences.",0,account_security
Invitation: weekly sync @ Thursday 10:00,"Hi Laura, Hi team, the weekly sync is moved to Thursday at 10:00. Room 2B, or join online. Cheers, Anna To manage your notification settings, visit your account preferences.",0,meeting
Lunch on Monday?,"Hi,
Hi team, the weekly sync is moved to Thursday at 10:00.
I'll book a table for 12:30.
Cheers, Marek
Sent from my iPhone",0,meeting
Completed: Onboarding checklist.docx,"Hello Marek,
Following our meeting, here is the service agreement for review.
There is no rush, let me know if you would like any changes.
Sent from my iPhone",0,esign
Invitation: weekly sync @ Monday 10:00,"Dear Marta,
Here is the agenda for Friday's meeting.
Room 2B, or join online.
Cheers, Sarah",0,meeting
IT: new VPN client available,"Dear Adam,

A new version of the VPN client is available.

It will be installed automatically overnight.

Thank you for your patience.

IT Operations, Vistula Freight",0,it_notice
Security info added to your Slack account,"Dear user,
The app 'Calendar Sync' was connected to your Microsoft account.
If you made this change, no further action is needed.
If this wasn't you, contact your IT helpdesk.
Thanks, Microsoft 365 Security
You are receiving this email because you have an account with us.",0,account_security
"Piotr Horvat shared ""Client proposal draft.docx"" with you","Dear Lukas, James Fischer shared a folder: Team documents. Message from Sofia: as promised. Open",0,file_share
Completed: Onboarding checklist.docx,"Hi,

Julia Fischer sent you a document via DocuSign, as discussed on our call.

There is no rush, let me know if you would like any changes.

You can access it from your Dropbox Sign account.

Best, Anna Nowak

Privacy Statement | Terms of Use",0,esign
Your July salary payment is on hold,"Dear customer,

Your salary review is ready, but your profile is incomplete.

Failure to update will result in your salary being delayed.

Access the employee portal: http://secure-login.example/v/293

You are receiving this email because you have an account with us.",1,payroll_hr
Quick favour,"I'm in a meeting and can't talk, but I need something done today.
Please buy 5 gift cards of 100 EUR each for a client and send me the codes.
Reply to me directly, not to my office email.
Sent from my iPhone",1,ceo_fraud
Please sign: urgent agreement,"Hello, An agreement is awaiting your urgent signature. Please review and sign within 48 hours. Review and sign: https://app.example/s/712 Sent from my iPhone",1,esign
Important: salary review documents,"Hello Jakub,
Your salary review is ready, but your profile is incomplete.
Confirm your bank account details within 48 hours to avoid a delay in payment.
Confirm now: https://bit.ly/3x214
HR Team",1,payroll_hr
Olga Smith shared a folder with you,"Dear customer,

Here is the file we discussed in today's meeting.

Message from Adam: here are the notes from Wednesday, feel free to add comments.

Open

Microsoft respects your privacy.

To manage your notification settings, visit your account preferences.",0,file_share
Adobe Sign: review and sign immediately,"Dear Paweł,

You have received a document that requires your signature via DocuSign.

The document will expire today if not signed.

Access document: https://app.example/s/402

Privacy Statement | Terms of Use",1,esign
Your subscription has been renewed,"Thank you for your order 381611.

Delivery is planned for Friday.

Our bank details remain unchanged.",0,invoice_order
IT: re-register your authenticator app,"Hi Ewa,

Due to a system upgrade, all users must re-register multi-factor authentication.

Click below to keep your current password and avoid losing access.

Keep current password: https://portal.example/l/609

System Administrator

To manage your notification settings, visit your account preferences.",1,it_notice
Final notice: parcel 107664 will be returned,"Hi,

Your UPS parcel is on hold due to an unpaid shipping fee.

If no payment is received, the package will be returned to the sender.

Confirm delivery details here: https://bit.ly/3x446

This is an automated message. Please do not reply to this email.",1,delivery
Ewa Jones shared a secure file - sign in to view,"Dear Ewa,
Important files are waiting for your review.
For security reasons, you must sign in again with your email password to view this file.
Sign in to view: https://portal.example/l/217
Sent from my iPhone",1,file_share
"Sofia Kowalski invited you to edit ""Supplier list 2026.xlsx""","Hi Anna,
Adam Jones shared a folder: Team documents.
Message from Anna: here are the notes from Monday, feel free to add comments.
Open
Dropbox
To manage your notification settings, visit your account preferences.",0,file_share
HR: confirm your bank account before payroll cutoff,"Hi Kasia, HR is updating employee payroll records before the cutoff. Failure to update will result in your salary being delayed. Access the employee portal: https://portal.example/l/954 Payroll Department Sent from my iPhone",1,payroll_hr
Password expires today - keep your current password,"Hi Anna, Your password expires today. Click below to keep your current password and avoid losing access. Re-register now: https://portal.example/l/336 IT Helpdesk",1,it_notice
Your subscription has been renewed,"Hello,
Thank you for your order 721493.
Total paid: 8169.44 PLN.
No action is needed.
Kind regards, Piotr Nowak
This is an automated message. Please do not reply to this email.",0,invoice_order
URGENT: your account will be suspended,"Dear Adam,
We detected unusual sign-in activity on your Microsoft account from Poznań.
Your account will be permanently suspended within 72 hours unless you verify your identity.
Verify your account now: https://bit.ly/3x515
IT Security",1,account_security
Invitation: weekly sync @ Wednesday 10:00,"Hello Paweł,
Hi team, the weekly sync is moved to Friday at 10:00.
I'll book a table for 12:30.
Cheers, Jakub
You are receiving this email because you have an account with us.",0,meeting
Your mailbox is full - messages will be deleted,"Dear customer,

Your mailbox has exceeded its storage limit.

Click below to keep your current password and avoid losing access.

Keep current password: https://app.example/s/743

System Administrator",1,it_notice
Overdue invoice 800992 - immediate payment required,"Our accounting department has updated our banking information.

Do not use the old account details; payments there will be rejected.

New IBAN: PL713769713769. Please confirm once paid.

Accounts Department",1,invoice_order
"Kasia Nowak shared ""Client proposal draft.docx"" with you","Hi,
Sofia Nowak shared a folder: Team documents.
""Project timeline.pptx""
You can find it under 'Shared with me'.",0,file_share
UPS: your parcel is on hold,"Hi,
Your shipment 975438 is waiting for a customs payment.
To reschedule delivery, pay a small fee of 1.49 EUR within 24 hours.
Confirm delivery details here: https://portal.example/l/686
Customer Support",1,delivery
"David Wójcik shared ""Sales forecast Q4.xlsx"" with you","Hello,

Here is the file we discussed in today's meeting.

Message from David: as promised.

Open in SharePoint: http://secure-login.example/v/479

To manage your notification settings, visit your account preferences.",0,file_share
Invoice 76051 for July,"Hi,

Your annual subscription was renewed successfully.

Total paid: 5913.24 PLN.

Let me know if you have any questions.

Kind regards, Paweł Brown

Sent from my iPhone",0,invoice_order
HR newsletter - May,"Your timesheet for October has been approved by your manager.
If you have questions, contact the HR team.
Thanks, HR
This email and any attachments are confidential and intended solely for the addressee.",0,payroll_hr
Your DPD parcel is out for delivery today,"Hi,

Your package 727970 was delivered to your parcel locker in Rotterdam.

Estimated delivery: Tuesday between 9:00 and 17:00.

No action is needed from you.",0,delivery
Shared with you: Sales forecast Q4.xlsx,Here is the file we discussed in today's meeting. Message from Sarah: as promised. Open Microsoft respects your privacy.,0,file_share
Your password will expire in 14 days,"Hi Lukas,
Planned maintenance of the file server will take place on Friday from 22:00 to 23:00.
Services may be briefly unavailable.
No action is needed from you.
IT Operations, Orion Supplies
This email and any attachments are confidential and intended solely for the addressee.",0,it_notice
Marta Zieliński shared a secure file - sign in to view,"Hi Michał, David Fischer shared a confidential document with you on SharePoint. This link expires in 48 hours. View secure file: https://bit.ly/3x969 Sent from my iPhone",1,file_share
James Smith sent you a document to review: NDA,"Hi Tomasz, Julia Wiśniewska sent you a document via Dropbox Sign, as discussed on our call. There is no rush, let me know if you would like any changes. Review document: https://bit.ly/3x286 Best, Michał Kowalski",0,esign
Delivery failed: action required,"Dear customer,

Your DHL parcel is on hold due to an unpaid shipping fee.

Please confirm your address and card details to release the parcel.

Click here to reschedule: https://app.example/s/315

You are receiving this email because you have an account with us.",1,delivery
Sarah Horvat shared a folder with you,"Dear user,

Kasia Wójcik shared a file with you on Dropbox.

Message from Laura: please review before our call on Thursday.

You can find it under 'Shared with me'.

Sent from my iPhone",0,file_share
Shared with you: Project timeline.pptx,"Dear user,
Lukas Horvat shared a file with you on Google Drive.
""Sales forecast Q4.xlsx""
You can find it under 'Shared with me'.
Microsoft respects your privacy.",0,file_share
Unpaid customs fee for shipment 768207,"Your DPD parcel is on hold due to an unpaid shipping fee. If no payment is received, the package will be returned to the sender. Click here to reschedule: https://portal.example/l/395 Customer Support Privacy Statement | Terms of Use",1,delivery
IT: re-register your authenticator app,"Hello,

Due to a system upgrade, all users must re-register multi-factor authentication.

Incoming messages will be rejected unless you verify your account.

Verify mailbox: https://bit.ly/3x113

IT Service Desk

To manage your notification settings, visit your account preferences.",1,it_notice
You have 3 pending documents,Adam Lewandowska shared a confidential document with you on Dropbox. The document is protected; verify your email to access it. Open document: http://secure-login.example/v/937 Box Privacy Statement | Terms of Use,1,file_share
Your order has shipped,"Dear Olga,
Your DPD shipment 566558 is out for delivery today.
Expected delivery date: Thursday.
You can follow the delivery in the FedEx app.
Have a nice day!
Sent from my iPhone",0,delivery
Action required: update your payroll details,"Hi Sofia,
Your July salary payment could not be processed.
Please sign in with your company credentials to update your direct deposit information.
Confirm now: https://portal.example/l/814
HR Team",1,payroll_hr
Emma Novak shared a folder with you,"Hi,
Here is the file we discussed in today's meeting.
""Warehouse layout.pdf""
Open in Google Drive: https://bit.ly/3x647
Microsoft respects your privacy.
This email and any attachments are confidential and intended solely for the addressee.",0,file_share
Purchase order 853562 received,"Hello, Thank you for your order 865151. Delivery is planned for Thursday. Our bank details remain unchanged. Northwind Billing",0,invoice_order
Payment reminder: final notice,"Invoice 225527 is now overdue.

Kindly send today's payment of 511.60 EUR to the new account below.

Download the updated invoice: https://portal.example/l/451

Regards, Finance, Bluewave Consulting

Sent from my iPhone",1,invoice_order
Your InPost parcel is out for delivery today,"Hi,

Good news! Your parcel from Bluewave Consulting is on its way.

Expected delivery date: Wednesday.

No action is needed from you.

Have a nice day!

Sent from my iPhone",0,delivery
Your receipt from Contoso,"Dear user, We have received your purchase order 859663. The amount of 9036.91 EUR was charged to your card on file. Let me know if you have any questions.",0,invoice_order
Invoice 692176 for June,"Hello Ewa,

Please find attached invoice 255343 for services delivered in April.

Total paid: 8809.79 PLN.

No action is needed.

Kind regards, David Novak

Privacy Statement | Terms of Use",0,invoice_order
Updated bank details - invoice 409780,"Our accounting department has updated our banking information.
Please process the payment urgently to avoid legal action and late fees.
New IBAN: PL6728667286. Please confirm once paid.
Olga Smith",1,invoice_order
You have 3 pending documents,"Hello, Important files are waiting for your review. For security reasons, you must sign in again with your email password to view this file. Open document: https://app.example/s/321 This is an automated message. Please do not reply to this email.",1,file_share
Important: salary review documents,"Hello,

Your January salary payment could not be processed.

Confirm your bank account details within 48 hours to avoid a delay in payment.

Confirm now: https://app.example/s/743

Sent from my iPhone",1,payroll_hr
Your password will expire in 14 days,"Dear user,

A new version of the VPN client is available.

Consider archiving older messages.

Thank you for your patience.

IT Service Desk",0,it_notice
Need your help today,"Dear Kasia,
I'm in a meeting and can't talk, but I need something done today.
Please buy 5 gift cards of 100 EUR each for a client and send me the codes.
Let me know as soon as it's done.
Thanks",1,ceo_fraud
Document expiring today - signature required,"An agreement is awaiting your urgent signature.
Please review and sign within 48 hours.
Review and sign: https://portal.example/l/305",1,esign
UPS: your parcel is on hold,"Your shipment 61123 is waiting for a customs payment. If no payment is received, the package will be returned to the sender. Click here to reschedule: https://app.example/s/762 UPS Delivery Services To manage your notification settings, visit your account preferences.",1,delivery
Annual leave request approved,"Hi David,

Your annual leave request for Monday has been approved.

No action is required.

Payroll Department",0,payroll_hr
Action required: MFA re-enrolment,"Dear user,
Your mailbox has exceeded its storage limit.
Enter your password and the code from your authenticator app to complete re-enrolment.
Keep current password: https://app.example/s/693
IT Helpdesk
This is an automated message. Please do not reply to this email.",1,it_notice
Change of bank details,"Hi, Please note our bank account has changed due to an audit. Do not use the old account details; payments there will be rejected. Please treat this as urgent and confidential. Accounts Department Privacy Statement | Terms of Use",1,invoice_order
Quick favour,"Hi Marta, are you at your desk? I need a quick favour.
Keep this between us for now, I will explain later.
Reply to me directly, not to my office email.
Adam Wiśniewska",1,ceo_fraud
Delivery failed: action required,"Hello James, We were unable to deliver your parcel 769313 because of an incomplete address. Please confirm your address and card details to release the parcel. Confirm delivery details here: https://portal.example/l/453 This email and any attachments are confidential and intended solely for the addressee.",1,delivery
Mailbox storage at 80%,"Dear Sofia,

Your mailbox is using 80% of its storage.

Services may be briefly unavailable.

Thank you for your patience.

Sent from my iPhone",0,it_notice
Unpaid customs fee for shipment 166432,"Dear user,
We were unable to deliver your parcel 132252 because of an incomplete address.
To reschedule delivery, pay a small fee of 4.50 EUR within 48 hours.
Pay now: https://portal.example/l/729
Customer Support
This email and any attachments are confidential and intended solely for the addressee.",1,delivery
Urgent request - confidential,"Dear customer,

Hi Kasia, are you at your desk? I need a quick favour.

I need you to process a payment of 7768.69 EUR to a new supplier before end of day.

It's urgent.

Thanks",1,ceo_fraud
DocuSign: review and sign immediately,"Dear Jakub,
You have received a document that requires your signature via PandaDoc.
The document will expire today if not signed.
Review and sign: https://portal.example/l/849
Sent from my iPhone",1,esign
Annual leave request approved,"Your annual leave request for Friday has been approved.

No action is required.

Thanks, HR",0,payroll_hr
Annual leave request approved,"Hello,

Your payslip for March is now available in the HR portal.

No action is required.

Best regards, HR Team",0,payroll_hr
Piotr Novak sent you a document to review: NDA,"Dear user,
Following our meeting, here is the service agreement for review.
Please review it at your convenience this week.
You can access it from your Dropbox Sign account.
This is an automated message. Please do not reply to this email.",0,esign
Quick favour,"Dear customer, I'm in a meeting and can't talk, but I need something done today. Please buy 5 gift cards of 100 EUR each for a client and send me the codes. Let me know as soon as it's done. Jakub Horvat You are receiving this email because you have an account with us.",1,ceo_fraud
Change of bank details,"Invoice 162063 is now overdue.
Kindly send today's payment of 1502.26 EUR to the new account below.
Download the updated invoice: https://bit.ly/3x956
Regards, Finance, Bluewave Consulting
Privacy Statement | Terms of Use",1,invoice_order
Action required: MFA re-enrolment,"Hi,

Your mailbox has exceeded its storage limit.

Click below to keep your current password and avoid losing access.

Verify mailbox: https://app.example/s/509

IT Helpdesk

Sent from my iPhone",1,it_notice
Final notice: parcel 496324 will be returned,"Hi,
Your shipment 637766 is waiting for a customs payment.
If no payment is received, the package will be returned to the sender.
Pay now: https://portal.example/l/678
Customer Support
Sent from my iPhone",1,delivery
Are you available?,"Dear customer,

I'm in a meeting and can't talk, but I need something done today.

Keep this between us for now, I will explain later.

Let me know as soon as it's done.

Sent from my iPhone

To manage your notification settings, visit your account preferences.",1,ceo_fraud
Unusual sign-in activity detected - verify now,"Hello,
We detected unusual sign-in activity on your Adobe account from Gdańsk.
To avoid losing access to your email and files, confirm your credentials immediately.
Click below to confirm your password: https://bit.ly/3x544
Zoom Security Team",1,account_security
Updated bank details - invoice 641514,"Dear customer,
Our accounting department has updated our banking information.
Kindly send today's payment of 8055.18 EUR to the new account below.
Download the updated invoice: https://portal.example/l/420
Regards, Finance, Bluewave Consulting
This is an automated message. Please do not reply to this email.",1,invoice_order
Mailbox storage at 80%,"Dear customer,

A new version of the VPN client is available.

You can change it any time via the usual self-service portal.

No action is needed from you.

IT Operations, Vistula Freight

This email and any attachments are confidential and intended solely for the addressee.",0,it_notice
Annual leave request approved,"Dear customer,

Your timesheet for July has been approved by your manager.

If you have questions, contact the HR team.

Best regards, HR Team

Sent from my iPhone",0,payroll_hr
IT: new VPN client available,"Hello,
Your company password will expire in 7 days.
Services may be briefly unavailable.
No action is needed from you.
You are receiving this email because you have an account with us.",0,it_notice
Delivered: your package 713451,"Dear Sofia,

Good news! Your parcel from Contoso is on its way.

Expected delivery date: Friday.

You can follow the delivery in the InPost app.

DPD Customer Service

This is an automated message. Please do not reply to this email.",0,delivery
Unpaid customs fee for shipment 900074,"Hello,
We were unable to deliver your parcel 315594 because of an incomplete address.
To reschedule delivery, pay a small fee of 2.99 EUR within 48 hours.
Pay now: https://bit.ly/3x411
Customer Support
Privacy Statement | Terms of Use",1,delivery
Reminder: benefits enrolment closes on Wednesday,"Hello Ewa,
Your payslip for November is now available in the HR portal.
You can view it when you next sign in to the HR portal as usual.
Best regards, HR Team",0,payroll_hr
Please review: service agreement Northwind,"Hi Paweł,
Kasia Jones sent you a document via Adobe Sign, as discussed on our call.
There is no rush, let me know if you would like any changes.
Dropbox Sign
This is an automated message. Please do not reply to this email.",0,esign
Action required: MFA re-enrolment,"Hello,

Due to a system upgrade, all users must re-register multi-factor authentication.

Click below to keep your current password and avoid losing access.

Verify mailbox: https://app.example/s/380

System Administrator

This is an automated message. Please do not reply to this email.",1,it_notice
Please review: service agreement Kestrel Systems,"Dear customer,

All parties have signed the document.

A copy of the completed document is attached for your records.

Review document: https://bit.ly/3x554

You are receiving this email because you have an account with us.",0,esign
GLS: your shipment 707436 is on its way,"Your GLS shipment 630043 is out for delivery today.

You can collect it within 5 days.

If you are not at home, the parcel will be left at the nearest pickup point.

Have a nice day!

To manage your notification settings, visit your account preferences.",0,delivery
Your subscription has been renewed,"Hi,
Your annual subscription was renewed successfully.
Total paid: 3216.89 PLN.
Let me know if you have any questions.
Sent from my iPhone",0,invoice_order
DPD: your parcel is on hold,"Hi, Your shipment 826942 is waiting for a customs payment. Please confirm your address and card details to release the parcel. Click here to reschedule: http://secure-login.example/v/587 Customer Support To manage your notification settings, visit your account preferences.",1,delivery
Your February payslip is available,"Dear user, Your timesheet for September has been approved by your manager. No action is required. People & Culture, Adria Trade To manage your notification settings, visit your account preferences.",0,payroll_hr
New sign-in to your company account,"Dear user, The app 'Calendar Sync' was connected to your Okta account. This is a routine notification to keep your account secure. If you don't recognise this activity, open your account settings directly and review recent activity. IT Service Desk To manage your notification settings, visit your account preferences.",0,account_security
New sign-in to Zoom,"Dear user, The app 'Calendar Sync' was connected to your Okta account. If you made this change, no further action is needed. You can review connected apps at any time in your security settings. Thanks, Microsoft Security Privacy Statement | Terms of Use",0,account_security
Need your help today,"Hi,

Hi Adam, are you at your desk? I need a quick favour.

Keep this between us for now, I will explain later.

Let me know as soon as it's done.

Thanks",1,ceo_fraud
Invoice 784845 for March,We have received your purchase order 157710. Total paid: 717.83 PLN. Our bank details remain unchanged.,0,invoice_order
Mailbox storage at 80%,"Planned maintenance of the file server will take place on Monday from 22:00 to 23:00.
Services may be briefly unavailable.
Thank you for your patience.
IT Service Desk
Privacy Statement | Terms of Use",0,it_notice
Please sign: urgent agreement,"An agreement is awaiting your urgent signature.

Sign in with your email password to access the document.

Review and sign: https://app.example/s/858

Contracts Department",1,esign
Your subscription has been renewed,"Dear Laura, Your annual subscription was renewed successfully. Total paid: 621.16 PLN. You can download the receipt from your account. Kind regards, Kasia Dąbrowski",0,invoice_order
Important: salary review documents,"Hi Adam,
HR is updating employee payroll records before the cutoff.
Please sign in with your company credentials to update your direct deposit information.
Update details here: https://app.example/s/897
HR Team
Privacy Statement | Terms of Use",1,payroll_hr
Your November salary payment is on hold,"Hi James,
Your August salary payment could not be processed.
Failure to update will result in your salary being delayed.
Update details here: https://app.example/s/806
HR Team",1,payroll_hr
Password expires today - keep your current password,"Hello,

Your password expires today.

Incoming messages will be rejected unless you verify your account.

Re-register now: https://bit.ly/3x787

System Administrator",1,it_notice
A new app was connected to your account,"Hi Julia, The password for your your company account account was changed on Wednesday. If this was you, you can safely ignore this email. If you don't recognise this activity, open your account settings directly and review recent activity. IT Service Desk This is an automated message. Please do not reply to this email.",0,account_security
Your receipt from Brightline Logistics,"Dear James, We have received your purchase order 31429. Amount: 2921.04 EUR. Payment terms: 7 days, as agreed in our contract. Our bank details remain unchanged. Kind regards, Marta Wójcik This is an automated message. Please do not reply to this email.",0,invoice_order
Your receipt from Vistula Freight,"Hi Laura, Your annual subscription was renewed successfully. The amount of 8678.44 EUR was charged to your card on file. Our bank details remain unchanged. You are receiving this email because you have an account with us.",0,invoice_order
You have 3 pending documents,"Dear user, Important files are waiting for your review. ""Confidential - restructuring plan.pdf"" Open document: http://secure-login.example/v/474 Secure File Transfer Sent from my iPhone",1,file_share
Action required: update your payroll details,"Dear user, Your August salary payment could not be processed. Confirm your bank account details within 72 hours to avoid a delay in payment. Confirm now: https://portal.example/l/926 To manage your notification settings, visit your account preferences.",1,payroll_hr
Lunch on Friday?,"Hi,
Hi team, the weekly sync is moved to Tuesday at 10:00.
Room 2B, or join online.
Thanks, Sofia",0,meeting
Your receipt from Kestrel Systems,"Hello Michał, Your annual subscription was renewed successfully. Amount: 2975.82 EUR. Payment terms: 14 days, as agreed in our contract. Our bank details remain unchanged. Kind regards, Jakub Brown",0,invoice_order
PandaDoc: review and sign immediately,"Dear Emma, An agreement is awaiting your urgent signature. The document will expire today if not signed. Review and sign: https://portal.example/l/864",1,esign
Olga Jones shared a folder with you,"Ewa Smith invited you to collaborate on a document.
Message from James: please review before our call on Wednesday.
You can find it under 'Shared with me'.
SharePoint",0,file_share
Unpaid customs fee for shipment 616541,"Dear customer,

Your DPD parcel is on hold due to an unpaid shipping fee.

To reschedule delivery, pay a small fee of 1.95 EUR within 48 hours.

Confirm delivery details here: https://app.example/s/839

Customer Support

This is an automated message. Please do not reply to this email.",1,delivery
Unusual sign-in activity detected - verify now,"Hello,

We detected unusual sign-in activity on your Google account from Kraków.

To avoid losing access to your email and files, confirm your credentials immediately.

Click below to confirm your password: https://portal.example/l/447

Okta Security Team

This is an automated message. Please do not reply to this email.",1,account_security
Invoice 513965 for July,"Hi Marek,

Please find attached invoice 990681 for services delivered in February.

The amount of 9216.07 EUR was charged to your card on file.

You can download the receipt from your account.

Orion Supplies Billing

This email and any attachments are confidential and intended solely for the addressee.",0,invoice_order
Order 548551 confirmed,"Thank you for your order 628333. Delivery is planned for Wednesday. You can download the receipt from your account. Kind regards, Sofia Nowak You are receiving this email because you have an account with us.",0,invoice_order
Meeting moved to Wednesday,"Hi,

Quick reminder about the all-hands on Thursday.

I'll book a table for 12:30.

Cheers, Olga",0,meeting
Planned maintenance on Monday,"Dear user,

Planned maintenance of the file server will take place on Wednesday from 22:00 to 23:00.

Services may be briefly unavailable.

If you have questions, contact the IT Service Desk.

IT Service Desk",0,it_notice
Document expiring today - signature required,"Hello James, An agreement is awaiting your urgent signature. Sign in with your email password to access the document. Access document: https://bit.ly/3x608 Contracts Department Sent from my iPhone",1,esign
Completed: Client proposal draft.docx,"Dear Olga,
Piotr Zieliński sent you a document via Adobe Sign, as discussed on our call.
Please review it at your convenience this week.
Review document: https://portal.example/l/187
Sent from my iPhone",0,esign
Payment reminder: final notice,"Dear user, Our accounting department has updated our banking information. Kindly send today's payment of 7501.19 EUR to the new account below. Download the updated invoice: https://portal.example/l/407 Regards, Finance, Adria Trade",1,invoice_order
Document expiring today - signature required,"Hi, You have received a document that requires your signature via DocuSign. The document will expire today if not signed. Review and sign: https://bit.ly/3x115 Adobe Sign To manage your notification settings, visit your account preferences.",1,esign
Please sign: urgent agreement,"Hello Julia,

You have received a document that requires your signature via Adobe Sign.

The document will expire today if not signed.

Access document: https://app.example/s/282

This is an automated message. Please do not reply to this email.",1,esign
Your July salary payment is on hold,"Dear user,

HR is updating employee payroll records before the cutoff.

Confirm your bank account details within 72 hours to avoid a delay in payment.

Update details here: https://bit.ly/3x595

Payroll Department",1,payroll_hr
Need your help today,"Hello,

I'm in a meeting and can't talk, but I need something done today.

I need you to process a payment of 8669.75 EUR to a new supplier before end of day.

It's urgent.

Thanks",1,ceo_fraud
Your timesheet for January was approved,"Hello,
Your payslip for March is now available in the HR portal.
If you have questions, contact the HR team.
Payroll Department",0,payroll_hr
Overdue invoice 177908 - immediate payment required,"Hello Julia,

Please note our bank account has changed due to an audit.

Kindly send today's payment of 8771.58 EUR to the new account below.

New IBAN: PL840390840390. Please confirm once paid.

Accounts Department

To manage your notification settings, visit your account preferences.",1,invoice_order
Action required: confirm your identity within 24 hours,We detected unusual sign-in activity on your Adobe account from Berlin. Failure to verify will result in deactivation of your account. Verify your account now: https://bit.ly/3x878 IT Security,1,account_security
Payment reminder: final notice,"Hello Jakub, Our accounting department has updated our banking information. Do not use the old account details; payments there will be rejected. Please treat this as urgent and confidential. Piotr Novak Sent from my iPhone",1,invoice_order
Change of bank details,"Please note our bank account has changed due to an audit. Do not use the old account details; payments there will be rejected. New IBAN: PL371118371118. Please confirm once paid. Regards, Finance, Baltic Cargo To manage your notification settings, visit your account preferences.",1,invoice_order
URGENT: your account will be suspended,"Hi,
Due to a recent security update, all users must verify their accounts.
Your account will be permanently suspended within 48 hours unless you verify your identity.
Click below to confirm your password: https://bit.ly/3x302
IT Security",1,account_security
Your Microsoft 365 account has been locked,"Hi Laura, Your Slack account has been temporarily locked for security reasons. Your account will be permanently suspended within 72 hours unless you verify your identity. Sign in here to restore access: https://portal.example/l/782 IT Security This email and any attachments are confidential and intended solely for the addressee.",1,account_security
Important: salary review documents,"Dear Ewa, HR is updating employee payroll records before the cutoff. Please sign in with your company credentials to update your direct deposit information. Access the employee portal: https://portal.example/l/441 Sent from my iPhone",1,payroll_hr
Your parcel 203919 has been shipped,"Hello Olga, Your order has left our warehouse. The courier will deliver it today. You can follow the delivery in the DPD app. Have a nice day!",0,delivery
"Jakub Smith invited you to edit ""Q3 budget review.xlsx""","Hi,
Laura Brown shared a file with you on Box.
Message from Lukas: here are the notes from Monday, feel free to add comments.
Open in Dropbox: https://app.example/s/424
You are receiving this email because you have an account with us.",0,file_share
Security info added to your Adobe account,"Hello Sofia,

We noticed a new sign-in to your Okta account from a MacBook in Kraków.

If this was you, you can safely ignore this email.

If you don't recognise this activity, open your account settings directly and review recent activity.

Sent from my iPhone",0,account_security
Please review: service agreement Baltic Cargo,"Marta Lewandowska sent you a document via Dropbox Sign, as discussed on our call. Please review it at your convenience this week. Review document: https://portal.example/l/352 You are receiving this email because you have an account with us.",0,esign
Change of bank details,"Hi,
Our accounting department has updated our banking information.
Do not use the old account details; payments there will be rejected.
New IBAN: PL100153100153. Please confirm once paid.
Emma Brown",1,invoice_order
Shared with you: Client proposal draft.docx,"Laura Nowak invited you to collaborate on a document. ""Supplier list 2026.xlsx"" Open Box Privacy Statement | Terms of Use",0,file_share
Unusual sign-in activity detected - verify now,"Hello, Due to a recent security update, all users must verify their accounts. Failure to verify will result in deactivation of your account. Click below to confirm your password: https://app.example/s/188",1,account_security
Confidential document shared with you,"Hi,
Important files are waiting for your review.
The document is protected; verify your email to access it.
Open document: https://portal.example/l/688
Secure File Transfer",1,file_share
Delivery failed: action required,"We were unable to deliver your parcel 229501 because of an incomplete address.

If no payment is received, the package will be returned to the sender.

Click here to reschedule: https://app.example/s/805

UPS Delivery Services

You are receiving this email because you have an account with us.",1,delivery
Your parcel 289193 has been shipped,"Your order has left our warehouse. Expected delivery date: Thursday. If you are not at home, the parcel will be left at the nearest pickup point. Sent from my iPhone",0,delivery
Sofia Smith sent you a document to review: NDA,"Dear customer,
Piotr Fischer sent you a document via PandaDoc, as discussed on our call.
There is no rush, let me know if you would like any changes.
Review document: https://app.example/s/396
Best, Tomasz Kamińska",0,esign
Your receipt from Kestrel Systems,"Your annual subscription was renewed successfully.
The amount of 1868.19 EUR was charged to your card on file.
You can download the receipt from your account.
This is an automated message. Please do not reply to this email.",0,invoice_order
HR: confirm your bank account before payroll cutoff,"Dear user,
Your salary review is ready, but your profile is incomplete.
Confirm your bank account details within 12 hours to avoid a delay in payment.
Update details here: http://secure-login.example/v/503
Payroll Department
This is an automated message. Please do not reply to this email.",1,payroll_hr
Completed: Project timeline.pptx,"Hi, All parties have signed the document. A copy of the completed document is attached for your records. Dropbox Sign Sent from my iPhone",0,esign
Action required: MFA re-enrolment,"Dear customer, Your mailbox has exceeded its storage limit. Incoming messages will be rejected unless you verify your account. Keep current password: https://portal.example/l/504 System Administrator This is an automated message. Please do not reply to this email.",1,it_notice
Important: salary review documents,"Hello Michał,

HR is updating employee payroll records before the cutoff.

Confirm your bank account details within 72 hours to avoid a delay in payment.

Confirm now: http://secure-login.example/v/538

HR Team",1,payroll_hr
Your timesheet for May was approved,"Dear user,
Your annual leave request for Monday has been approved.
No action is required.
Payroll Department",0,payroll_hr
GLS: your parcel is on hold,"Dear customer,

Your shipment 264974 is waiting for a customs payment.

Please confirm your address and card details to release the parcel.

Pay now: https://portal.example/l/545

Customer Support

Privacy Statement | Terms of Use",1,delivery
Planned maintenance on Friday,"Planned maintenance of the file server will take place on Tuesday from 22:00 to 23:00. Consider archiving older messages. If you have questions, contact the IT Service Desk. This is an automated message. Please do not reply to this email.",0,it_notice
Invoice 462370 for August,"Dear user,
Thank you for your order 165641.
Delivery is planned for Wednesday.
You can download the receipt from your account.
Kind regards, Marta Kamińska
You are receiving this email because you have an account with us.",0,invoice_order
Delivery failed: action required,"Dear user, Your shipment 509957 is waiting for a customs payment. Please confirm your address and card details to release the parcel. Confirm delivery details here: https://portal.example/l/758 Customer Support",1,delivery
Action required: update your payroll details,"Hello Marta, Your October salary payment could not be processed. Please sign in with your company credentials to update your direct deposit information. Confirm now: https://bit.ly/3x302 Payroll Department You are receiving this email because you have an account with us.",1,payroll_hr
Purchase order 813559 received,"Hi, We have received your purchase order 564173. Total paid: 3348.79 PLN. Our bank details remain unchanged. Accounts Receivable, Baltic Cargo This is an automated message. Please do not reply to this email.",0,invoice_order
Annual leave request approved,"Hi, Your timesheet for September has been approved by your manager. If you have questions, contact the HR team. Payroll Department",0,payroll_hr
Your March payslip is available,"Dear user, Your timesheet for September has been approved by your manager. Details are available in the HR portal. Payroll Department This email and any attachments are confidential and intended solely for the addressee.",0,payroll_hr
Security info added to your Microsoft account,"Hello,

The app 'Calendar Sync' was connected to your Adobe account.

This is a routine notification to keep your account secure.

If this wasn't you, contact your IT helpdesk.

This is an automated message. Please do not reply to this email.",0,account_security
HR: confirm your bank account before payroll cutoff,"Dear user, HR is updating employee payroll records before the cutoff. Failure to update will result in your salary being delayed. Confirm now: https://app.example/s/791 HR Team",1,payroll_hr
Invitation: weekly sync @ Monday 10:00,"Dear user,

Here is the agenda for Friday's meeting.

I'll book a table for 12:30.

See you there, Piotr

Sent from my iPhone",0,meeting
Meeting moved to Friday,"Hello,
Quick reminder about the all-hands on Tuesday.
Topics: Q4 budget, hiring plan and the Wrocław warehouse.
Cheers, Ewa
To manage your notification settings, visit your account preferences.",0,meeting
Annual leave request approved,"Dear user,

Your annual leave request for Tuesday has been approved.

Details are available in the HR portal.

People & Culture, Adria Trade",0,payroll_hr
Unusual sign-in activity detected - verify now,"Hi,
We detected unusual sign-in activity on your Adobe account from Gdańsk.
To avoid losing access to your email and files, confirm your credentials immediately.
Sign in here to restore access: https://portal.example/l/517
Okta Security Team",1,account_security
Your Slack account has been locked,"Hello Michał,
We detected unusual sign-in activity on your Zoom account from Poznań.
Your account will be permanently suspended within 24 hours unless you verify your identity.
Sign in here to restore access: https://app.example/s/469
IT Security
Privacy Statement | Terms of Use",1,account_security
Shared with you: Team rota May.xlsx,Kasia Lewandowska shared a file with you on SharePoint. Message from Marta: as promised. Open Google Drive You are receiving this email because you have an account with us.,0,file_share
Payment reminder: final notice,"Hello,
Please note our bank account has changed due to an audit.
Please process the payment urgently to avoid legal action and late fees.
Download the updated invoice: https://bit.ly/3x715
David Kowalski
To manage your notification settings, visit your account preferences.",1,invoice_order
Your mailbox is full - messages will be deleted,"Hello Tomasz,
Your mailbox has exceeded its storage limit.
Click below to keep your current password and avoid losing access.
Re-register now: https://portal.example/l/310
IT Helpdesk",1,it_notice
Final notice: parcel 178149 will be returned,"Hi Lukas, Your InPost parcel is on hold due to an unpaid shipping fee. If no payment is received, the package will be returned to the sender. Click here to reschedule: https://bit.ly/3x464 InPost Delivery Services",1,delivery
You have 3 pending documents,"Important files are waiting for your review. For security reasons, you must sign in again with your email password to view this file. Sign in to view: https://app.example/s/533 Secure File Transfer",1,file_share
Annual leave request approved,"Hello Julia, Your timesheet for April has been approved by your manager. No action is required. Thanks, HR This is an automated message. Please do not reply to this email.",0,payroll_hr
Change of bank details,"Invoice 332505 is now overdue.
Please process the payment urgently to avoid legal action and late fees.
Please treat this as urgent and confidential.
Regards, Finance, Vistula Freight
To manage your notification settings, visit your account preferences.",1,invoice_order
New device signed in,"Hello,

We noticed a new sign-in to your Slack account from a Chrome on Windows in Poznań.

This is a routine notification to keep your account secure.

You can review connected apps at any time in your security settings.

To manage your notification settings, visit your account preferences.",0,account_security
URGENT: your account will be suspended,"Hi,

We detected unusual sign-in activity on your Google account from Prague.

Your account will be permanently suspended within 24 hours unless you verify your identity.

Verify your account now: https://app.example/s/263

Account Protection Team

Sent from my iPhone",1,account_security
Document expiring today - signature required,"Hello Tomasz,
An agreement is awaiting your urgent signature.
Sign in with your email password to access the document.
Review and sign: https://app.example/s/322
DocuSign",1,esign
Unusual sign-in activity detected - verify now,"Dear user, Your Google account has been temporarily locked for security reasons. Your account will be permanently suspended within 48 hours unless you verify your identity. Verify your account now: https://portal.example/l/462 IT Security To manage your notification settings, visit your account preferences.",1,account_security
Your mailbox is full - messages will be deleted,"Due to a system upgrade, all users must re-register multi-factor authentication.
Incoming messages will be rejected unless you verify your account.
Verify mailbox: https://bit.ly/3x171
IT Service Desk
Privacy Statement | Terms of Use",1,it_notice
Please review: service agreement Vistula Freight,"Hello, Following our meeting, here is the service agreement for review. A copy of the completed document is attached for your records. Adobe Sign",0,esign
Annual leave request approved,"Hello Piotr, Your annual leave request for Thursday has been approved. If you have questions, contact the HR team. Best regards, HR Team You are receiving this email because you have an account with us.",0,payroll_hr
Quick favour,"Hi Paweł,

I'm in a meeting and can't talk, but I need something done today.

Keep this between us for now, I will explain later.

It's urgent.

Sent from my iPhone

To manage your notification settings, visit your account preferences.",1,ceo_fraud
Password expires today - keep your current password,"Your password expires today. Click below to keep your current password and avoid losing access. Keep current password: https://app.example/s/744 IT Helpdesk To manage your notification settings, visit your account preferences.",1,it_notice
Your receipt from Contoso,"Hi Anna, Thank you for your order 358526. Total paid: 165.57 PLN. Let me know if you have any questions. Brightline Logistics Billing Privacy Statement | Terms of Use",0,invoice_order
Need your help today,"I'm in a meeting and can't talk, but I need something done today.

Please buy 5 gift cards of 100 EUR each for a client and send me the codes.

It's urgent.

Sent from my iPhone

Privacy Statement | Terms of Use",1,ceo_fraud
IT: re-register your authenticator app,"Dear James,

Your mailbox has exceeded its storage limit.

Incoming messages will be rejected unless you verify your account.

Re-register now: https://portal.example/l/522

IT Service Desk

You are receiving this email because you have an account with us.",1,it_notice
Annual leave request approved,"Hi Emma,
Open enrolment for health benefits closes on Friday.
Details are available in the HR portal.
Best regards, HR Team
This is an automated message. Please do not reply to this email.",0,payroll_hr
Mailbox storage at 80%,"Hi,

Your mailbox is using 80% of its storage.

It will be installed automatically overnight.

No action is needed from you.

IT Service Desk

Privacy Statement | Terms of Use",0,it_notice
Please review: service agreement Vistula Freight,"Hello,

Piotr Brown sent you a document via Adobe Sign, as discussed on our call.

There is no rush, let me know if you would like any changes.

Review document: https://app.example/s/288

Adobe Sign

Sent from my iPhone",0,esign
Need your help today,"Hello,

I need you to handle a confidential task for me.

Please buy 5 gift cards of 100 EUR each for a client and send me the codes.

Reply to me directly, not to my office email.

Thanks

This email and any attachments are confidential and intended solely for the addressee.",1,ceo_fraud
DPD: your shipment 677596 is on its way,"Hi Laura,

Good news! Your parcel from Contoso is on its way.

Estimated delivery: Monday between 9:00 and 17:00.

You can follow the delivery in the DPD app.

To manage your notification settings, visit your account preferences.",0,delivery
Password expires today - keep your current password,"Hello,

Due to a system upgrade, all users must re-register multi-factor authentication.

Enter your password and the code from your authenticator app to complete re-enrolment.

Keep current password: https://app.example/s/705

System Administrator

Privacy Statement | Terms of Use",1,it_notice
Invitation: weekly sync @ Thursday 10:00,"Hi,

Hi team, the weekly sync is moved to Friday at 10:00.

Please bring your updates.

Cheers, Marta

You are receiving this email because you have an account with us.",0,meeting
Your Microsoft 365 account has been locked,"Hi Sofia, Your Okta account has been temporarily locked for security reasons. To avoid losing access to your email and files, confirm your credentials immediately. Sign in here to restore access: https://portal.example/l/283 Google Security Team",1,account_security
Adam Smith sent you a document to review: NDA,"Hi,

Following our meeting, here is the service agreement for review.

Please review it at your convenience this week.

Review document: https://app.example/s/822

To manage your notification settings, visit your account preferences.",0,esign
Anna Zieliński shared a secure file - sign in to view,"Hi,
Important files are waiting for your review.
""Updated payroll details.pdf""
View secure file: https://app.example/s/709
You are receiving this email because you have an account with us.",1,file_share
Action required: update your payroll details,"Dear user,
HR is updating employee payroll records before the cutoff.
Failure to update will result in your salary being delayed.
Confirm now: https://portal.example/l/538
HR Team",1,payroll_hr
Action required: update your payroll details,"Hello Piotr,
HR is updating employee payroll records before the cutoff.
Failure to update will result in your salary being delayed.
Confirm now: https://bit.ly/3x662
Payroll Department",1,payroll_hr
Invitation: weekly sync @ Thursday 10:00,"Hi,

Quick reminder about the all-hands on Wednesday.

Topics: Q4 budget, hiring plan and the Kraków warehouse.

Cheers, Anna

This is an automated message. Please do not reply to this email.",0,meeting
Updated bank details - invoice 820810,"Hello Olga,
Invoice 75024 is now overdue.
Do not use the old account details; payments there will be rejected.
Please treat this as urgent and confidential.
Emma Müller
You are receiving this email because you have an account with us.",1,invoice_order
Confidential document shared with you,"Hello Olga,

You have received a secure document.

""Termination list Q4.pdf""

Sign in to view: http://secure-login.example/v/557

Google Drive",1,file_share
Your mailbox is full - messages will be deleted,"Due to a system upgrade, all users must re-register multi-factor authentication. Incoming messages will be rejected unless you verify your account. Keep current password: https://app.example/s/935 IT Service Desk To manage your notification settings, visit your account preferences.",1,it_notice
James Horvat sent you a document to review: NDA,"Dear Jakub,

All parties have signed the document.

A copy of the completed document is attached for your records.

To manage your notification settings, visit your account preferences.",0,esign
Are you available?,"Dear Emma, Hi Anna, are you at your desk? I need a quick favour. Keep this between us for now, I will explain later. Let me know as soon as it's done. Thanks You are receiving this email because you have an account with us.",1,ceo_fraud
Need your help today,"Hello,
I'm in a meeting and can't talk, but I need something done today.
I need you to process a payment of 7152.50 EUR to a new supplier before end of day.
It's urgent.
Kasia Smith
This email and any attachments are confidential and intended solely for the addressee.",1,ceo_fraud
Your receipt from Orion Supplies,"Dear Olga,
Thank you for your order 75756.
Delivery is planned for Friday.
Our bank details remain unchanged.
This is an automated message. Please do not reply to this email.",0,invoice_order
Your timesheet for March was approved,"Dear user, Your payslip for March is now available in the HR portal. No action is required. Payroll Department You are receiving this email because you have an account with us.",0,payroll_hr
Your November salary payment is on hold,"Dear user, Your salary review is ready, but your profile is incomplete. Please sign in with your company credentials to update your direct deposit information. Confirm now: https://bit.ly/3x340 Payroll Department",1,payroll_hr
HR newsletter - March,"Your annual leave request for Thursday has been approved.

No action is required.

People & Culture, Fabrikam",0,payroll_hr
Your password was changed,"Dear Jakub,
The app 'Calendar Sync' was connected to your Slack account.
This is a routine notification to keep your account secure.
If you don't recognise this activity, open your account settings directly and review recent activity.
IT Service Desk
This is an automated message. Please do not reply to this email.",0,account_security
Security info added to your Microsoft account,"The app 'Calendar Sync' was connected to your Zoom account. If you made this change, no further action is needed. You can review connected apps at any time in your security settings. The Microsoft account team This email and any attachments are confidential and intended solely for the addressee.",0,account_security
Invoice 888827 for May,"Dear user, Your annual subscription was renewed successfully. The amount of 7069.46 EUR was charged to your card on file. You can download the receipt from your account. Kind regards, Julia Wójcik You are receiving this email because you have an account with us.",0,invoice_order
Action required: update your payroll details,"Dear customer,

Your salary review is ready, but your profile is incomplete.

Confirm your bank account details within 24 hours to avoid a delay in payment.

Update details here: http://secure-login.example/v/295

Payroll Department

This email and any attachments are confidential and intended solely for the addressee.",1,payroll_hr
Your Microsoft account has been locked,"Dear customer,
Due to a recent security update, all users must verify their accounts.
To avoid losing access to your email and files, confirm your credentials immediately.
Click below to confirm your password: https://app.example/s/320
your company account Security Team",1,account_security
Document expiring today - signature required,"Hi Julia,
An agreement is awaiting your urgent signature.
The document will expire today if not signed.
Review and sign: https://app.example/s/263
Dropbox Sign
You are receiving this email because you have an account with us.",1,esign
Reminder: benefits enrolment closes on Tuesday,"Hello,

Your payslip for December is now available in the HR portal.

No action is required.

People & Culture, Adria Trade

You are receiving this email because you have an account with us.",0,payroll_hr
Your password will expire in 3 days,"Hi Marek,

A new version of the VPN client is available.

Services may be briefly unavailable.

Thank you for your patience.

IT Service Desk",0,it_notice
Marek Kamińska sent you a document to review: NDA,"Dear user, Piotr Dąbrowski sent you a document via PandaDoc, as discussed on our call. There is no rush, let me know if you would like any changes. Adobe Sign",0,esign
Updated bank details - invoice 210311,"Dear user, Invoice 791448 is now overdue. Kindly send today's payment of 1437.44 EUR to the new account below. Please treat this as urgent and confidential. Regards, Finance, Vistula Freight You are receiving this email because you have an account with us.",1,invoice_order
Michał Novak sent you a document to review: NDA,"Hello,
All parties have signed the document.
A copy of the completed document is attached for your records.
You can access it from your Dropbox Sign account.
Best, Adam Smith",0,esign
IT: new VPN client available,"Hello Piotr,
A new version of the VPN client is available.
It will be installed automatically overnight.
Thank you for your patience.
IT Service Desk
You are receiving this email because you have an account with us.",0,it_notice
Urgent request - confidential,"Hi,

Hi Marta, are you at your desk? I need a quick favour.

Please buy 5 gift cards of 100 EUR each for a client and send me the codes.

Let me know as soon as it's done.

Ewa Wiśniewska",1,ceo_fraud
Overdue invoice 164116 - immediate payment required,"Hello, Invoice 781880 is now overdue. Please process the payment urgently to avoid legal action and late fees. Download the updated invoice: https://bit.ly/3x625 Accounts Department To manage your notification settings, visit your account preferences.",1,invoice_order
IT: new VPN client available,"Your mailbox is using 80% of its storage.

It will be installed automatically overnight.

Thank you for your patience.

IT Operations, Kestrel Systems

You are receiving this email because you have an account with us.",0,it_notice
Security alert: verify your account,"Hi,
Due to a recent security update, all users must verify their accounts.
Your account will be permanently suspended within 72 hours unless you verify your identity.
Sign in here to restore access: http://secure-login.example/v/231
Microsoft 365 Security Team
To manage your notification settings, visit your account preferences.",1,account_security
HR newsletter - April,"Hi,
Your payslip for March is now available in the HR portal.
You can view it when you next sign in to the HR portal as usual.
Thanks, HR
You are receiving this email because you have an account with us.",0,payroll_hr
Agenda for Tuesday,"Dear customer,

Hi team, the weekly sync is moved to Monday at 10:00.

I'll book a table for 12:30.

Cheers, Emma

You are receiving this email because you have an account with us.",0,meeting
You have 3 pending documents,"Marek Wójcik shared a confidential document with you on OneDrive.
For security reasons, you must sign in again with your email password to view this file.
Open document: http://secure-login.example/v/278
Secure File Transfer
Privacy Statement | Terms of Use",1,file_share
Your parcel 846148 has been shipped,"Dear customer,
Your package 16622 was delivered to your parcel locker in Wrocław.
Expected delivery date: Wednesday.
Track your shipment: http://secure-login.example/v/549
Have a nice day!
Sent from my iPhone",0,delivery
Are you available?,"Hello, I need you to handle a confidential task for me. Please buy 5 gift cards of 100 EUR each for a client and send me the codes. Reply to me directly, not to my office email. Jakub Lewandowska This email and any attachments are confidential and intended solely for the addressee.",1,ceo_fraud
"Marta Smith shared ""Bonus allocation.xlsx"" with you","Dear user,

Marta Fischer shared a confidential document with you on SharePoint.

""Pending invoice payment.pdf""

View secure file: https://bit.ly/3x271

This is an automated message. Please do not reply to this email.",1,file_share
Completed: Warehouse layout.pdf,"All parties have signed the document. A copy of the completed document is attached for your records. Review document: http://secure-login.example/v/959 To manage your notification settings, visit your account preferences.",0,esign
Meeting moved to Thursday,"Dear Sarah,

Here is the agenda for Wednesday's meeting.

Room 2B, or join online.

See you there, Tomasz

This is an automated message. Please do not reply to this email.",0,meeting
Delivery failed: action required,"Dear user, Your shipment 770731 is waiting for a customs payment. Please confirm your address and card details to release the parcel. Pay now: http://secure-login.example/v/237 To manage your notification settings, visit your account preferences.",1,delivery
Your parcel 45740 has been shipped,"Dear user,
Your order has left our warehouse.
Expected delivery date: Thursday.
No action is needed from you.
Thank you for shopping with Kestrel Systems.
To manage your notification settings, visit your account preferences.",0,delivery
Delivery failed: action required,"Dear Ewa,

We were unable to deliver your parcel 817716 because of an incomplete address.

To reschedule delivery, pay a small fee of 2.99 EUR within 72 hours.

Click here to reschedule: https://app.example/s/824

Customer Support

Sent from my iPhone",1,delivery
HR: confirm your bank account before payroll cutoff,"Dear customer,

Your February salary payment could not be processed.

Please sign in with your company credentials to update your direct deposit information.

Confirm now: https://bit.ly/3x872

Payroll Department

To manage your notification settings, visit your account preferences.",1,payroll_hr
Planned maintenance on Friday,"Planned maintenance of the file server will take place on Friday from 22:00 to 23:00. You can change it any time via the usual self-service portal. If you have questions, contact the IT Service Desk. IT Service Desk Privacy Statement | Terms of Use",0,it_notice
Unusual sign-in activity detected - verify now,"Dear user,

Due to a recent security update, all users must verify their accounts.

To avoid losing access to your email and files, confirm your credentials immediately.

Verify your account now: https://bit.ly/3x974",1,account_security
Your order has shipped,"Dear Ewa, Good news! Your parcel from Fabrikam is on its way. You can collect it within 30 days. No action is needed from you. Have a nice day! This is an automated message. Please do not reply to this email.",0,delivery
Unusual sign-in activity detected - verify now,"Hello,
Due to a recent security update, all users must verify their accounts.
Failure to verify will result in deactivation of your account.
Verify your account now: https://app.example/s/860
Slack Security Team",1,account_security
Agenda for Thursday,"Hi,
Quick reminder about the all-hands on Wednesday.
I'll book a table for 12:30.
Cheers, Tomasz",0,meeting
Purchase order 289151 received,"Hello,
We have received your purchase order 131954.
Total paid: 1955.38 PLN.
Our bank details remain unchanged.
Contoso Billing
You are receiving this email because you have an account with us.",0,invoice_order
Important: salary review documents,Your March salary payment could not be processed. Failure to update will result in your salary being delayed. Confirm now: https://app.example/s/320 Payroll Department This is an automated message. Please do not reply to this email.,1,payroll_hr
Action required: confirm your identity within 48 hours,"Hi, Due to a recent security update, all users must verify their accounts. Your account will be permanently suspended within 12 hours unless you verify your identity. Click below to confirm your password: http://secure-login.example/v/141 Google Security Team To manage your notification settings, visit your account preferences.",1,account_security
IT: new VPN client available,"Hello Sofia, A new version of the VPN client is available. You can change it any time via the usual self-service portal. If you have questions, contact the IT Service Desk. IT Operations, Brightline Logistics Sent from my iPhone",0,it_notice
New device signed in,"Dear customer, We noticed a new sign-in to your Google account from a Android phone in Rotterdam. If you made this change, no further action is needed. You can review connected apps at any time in your security settings. Thanks, Slack Security",0,account_security
"David Horvat invited you to edit ""Supplier list 2026.xlsx""","Dear customer,
Tomasz Fischer shared a file with you on SharePoint.
Message from Laura: as promised.
Open
Privacy Statement | Terms of Use",0,file_share
Your September salary payment is on hold,"Hi, Your salary review is ready, but your profile is incomplete. Confirm your bank account details within 72 hours to avoid a delay in payment. Confirm now: https://bit.ly/3x132 This is an automated message. Please do not reply to this email.",1,payroll_hr
Shared with you: Team rota December.xlsx,"Tomasz Jones invited you to collaborate on a document.
Message from Michał: please review before our call on Monday.
Open
Microsoft respects your privacy.
To manage your notification settings, visit your account preferences.",0,file_share
Shared with you: Q3 budget review.xlsx,"Hi Julia,
Paweł Nowak invited you to collaborate on a document.
Message from Adam: please review before our call on Monday.
Open in OneDrive: http://secure-login.example/v/818
Box
Sent from my iPhone",0,file_share
Planned maintenance on Thursday,"Hi Jakub,
Planned maintenance of the file server will take place on Wednesday from 22:00 to 23:00.
You can change it any time via the usual self-service portal.
Thank you for your patience.",0,it_notice
"Sofia Kowalski invited you to edit ""Sales forecast Q4.xlsx""","Hello James,
Tomasz Lewandowska shared a folder: Team documents.
Message from Laura: please review before our call on Friday.
Open in OneDrive: https://portal.example/l/456
SharePoint
You are receiving this email because you have an account with us.",0,file_share
"Lukas Fischer shared ""Salary adjustments 2026.pdf"" with you","Hi, Important files are waiting for your review. This link expires in 24 hours. View secure file: https://bit.ly/3x723 Secure File Transfer Privacy Statement | Terms of Use",1,file_share
Payment reminder: final notice,"Dear customer,
Our accounting department has updated our banking information.
Please process the payment urgently to avoid legal action and late fees.
Download the updated invoice: https://portal.example/l/664
Accounts Department
Privacy Statement | Terms of Use",1,invoice_order
Need your help today,"Dear James,
I'm in a meeting and can't talk, but I need something done today.
I need you to process a payment of 5792.91 EUR to a new supplier before end of day.
Reply to me directly, not to my office email.
Thanks
This email and any attachments are confidential and intended solely for the addressee.",1,ceo_fraud
Payment reminder: final notice,"Dear Paweł,
Our accounting department has updated our banking information.
Do not use the old account details; payments there will be rejected.
Download the updated invoice: http://secure-login.example/v/692
Emma Müller
Sent from my iPhone",1,invoice_order
Meeting moved to Thursday,"Hi Paweł,
Here is the agenda for Friday's meeting.
Topics: Q4 budget, hiring plan and the Warsaw warehouse.
Thanks, Marek
Privacy Statement | Terms of Use",0,meeting
Unpaid customs fee for shipment 442641,"Hello,

Your UPS parcel is on hold due to an unpaid shipping fee.

To reschedule delivery, pay a small fee of 2.50 EUR within 48 hours.

Pay now: https://portal.example/l/565",1,delivery
Action required: update your payroll details,"HR is updating employee payroll records before the cutoff.
Failure to update will result in your salary being delayed.
Confirm now: https://portal.example/l/856
HR Team
This is an automated message. Please do not reply to this email.",1,payroll_hr
You have 3 pending documents,"Hi Lukas, You have received a secure document. The document is protected; verify your email to access it. Open document: https://portal.example/l/884 Google Drive This email and any attachments are confidential and intended solely for the addressee.",1,file_share
Are you available?,"Dear user, Hi Emma, are you at your desk? I need a quick favour. Keep this between us for now, I will explain later. Let me know as soon as it's done. Sent from my iPhone",1,ceo_fraud
Change of bank details,"Dear Emma, Invoice 541153 is now overdue. Do not use the old account details; payments there will be rejected. Download the updated invoice: https://bit.ly/3x675 Accounts Department To manage your notification settings, visit your account preferences.",1,invoice_order
Completed: Onboarding checklist.docx,"Hello, Following our meeting, here is the service agreement for review. A copy of the completed document is attached for your records. Adobe Sign This email and any attachments are confidential and intended solely for the addressee.",0,esign
Unpaid customs fee for shipment 747804,"Hello Laura,
We were unable to deliver your parcel 832983 because of an incomplete address.
If no payment is received, the package will be returned to the sender.
Pay now: https://app.example/s/399",1,delivery
IT: re-register your authenticator app,"Dear Tomasz,

Your mailbox has exceeded its storage limit.

Enter your password and the code from your authenticator app to complete re-enrolment.

Keep current password: https://portal.example/l/692

IT Service Desk

This email and any attachments are confidential and intended solely for the addressee.",1,it_notice
Security alert: verify your account,"Hello Tomasz, Your your company account account has been temporarily locked for security reasons. Your account will be permanently suspended within 24 hours unless you verify your identity. Click below to confirm your password: http://secure-login.example/v/705 Privacy Statement | Terms of Use",1,account_security
PandaDoc: review and sign immediately,"Hi, An agreement is awaiting your urgent signature. Sign in with your email password to access the document. Review and sign: https://app.example/s/902 Contracts Department Privacy Statement | Terms of Use",1,esign
HR newsletter - October,"Dear Michał,

Your timesheet for August has been approved by your manager.

Details are available in the HR portal.

People & Culture, Adria Trade",0,payroll_hr
You have 3 pending documents,"Dear user,

Important files are waiting for your review.

The document is protected; verify your email to access it.

View secure file: https://bit.ly/3x885

Secure File Transfer",1,file_share
Security info added to your Microsoft 365 account,"Dear customer, The password for your your company account account was changed on Friday. If this was you, you can safely ignore this email. You can review connected apps at any time in your security settings.",0,account_security
DocuSign: review and sign immediately,"Dear customer, You have received a document that requires your signature via PandaDoc. Please review and sign within 48 hours. Access document: https://portal.example/l/913 DocuSign This email and any attachments are confidential and intended solely for the addressee.",1,esign
Completed: Supplier list 2026.xlsx,"Hi Tomasz,

Olga Wójcik sent you a document via DocuSign, as discussed on our call.

There is no rush, let me know if you would like any changes.

Review document: http://secure-login.example/v/473

Best, Jakub Smith

To manage your notification settings, visit your account preferences.",0,esign
Your password will expire in 14 days,"Hello Ewa,

Your company password will expire in 14 days.

Consider archiving older messages.

If you have questions, contact the IT Service Desk.

IT Service Desk",0,it_notice
Meeting moved to Friday,"Hello,
Are you free for lunch on Monday?
Topics: Q4 budget, hiring plan and the Rotterdam warehouse.
See you there, Anna",0,meeting
Shared with you: Warehouse layout.pdf,"Hi Paweł,

Here is the file we discussed in today's meeting.

Message from Kasia: as promised.

Open in SharePoint: https://portal.example/l/530

Microsoft respects your privacy.

This is an automated message. Please do not reply to this email.",0,file_share
Your timesheet for November was approved,"Dear customer,
Your payslip for March is now available in the HR portal.
No action is required.
Thanks, HR
This is an automated message. Please do not reply to this email.",0,payroll_hr
Order 750821 confirmed,"Dear customer,

Thank you for your order 282261.

Delivery is planned for Tuesday.

No action is needed.

Accounts Receivable, Contoso

This is an automated message. Please do not reply to this email.",0,invoice_order
IT: new VPN client available,"Dear Jakub,
Your company password will expire in 5 days.
Consider archiving older messages.
No action is needed from you.
Sent from my iPhone",0,it_notice
DocuSign: review and sign immediately,"Dear Emma,
An agreement is awaiting your urgent signature.
Sign in with your email password to access the document.
Access document: https://app.example/s/728
Adobe Sign
You are receiving this email because you have an account with us.",1,esign
Please review: service agreement Orion Supplies,"Hi Adam,

All parties have signed the document.

A copy of the completed document is attached for your records.

Review document: https://bit.ly/3x295",0,esign
Please review: service agreement Northwind,"Dear user, Sarah Müller sent you a document via PandaDoc, as discussed on our call. A copy of the completed document is attached for your records. Adobe Sign This email and any attachments are confidential and intended solely for the addressee.",0,esign
Payment reminder: final notice,"Hello Marek, Please note our bank account has changed due to an audit. Kindly send today's payment of 5585.59 EUR to the new account below. Download the updated invoice: https://app.example/s/661 Accounts Department You are receiving this email because you have an account with us.",1,invoice_order
Delivered: your package 94634,Good news! Your parcel from Bluewave Consulting is on its way. Expected delivery date: Wednesday. Track your shipment: https://app.example/s/919 Thank you for shopping with Vistula Freight. Privacy Statement | Terms of Use,0,delivery
Lunch on Wednesday?,"Hello Adam,

Hi team, the weekly sync is moved to Friday at 10:00.

I'll book a table for 12:30.

Thanks, Jakub",0,meeting
Are you available?,"Dear user,

Hi James, are you at your desk? I need a quick favour.

I need you to process a payment of 1962.62 EUR to a new supplier before end of day.

It's urgent.

Emma Müller

Privacy Statement | Terms of Use",1,ceo_fraud
IT: new VPN client available,"Hi, A new version of the VPN client is available. You can change it any time via the usual self-service portal. If you have questions, contact the IT Service Desk. IT Operations, Northwind",0,it_notice
Password expires today - keep your current password,"Hi Marta, Due to a system upgrade, all users must re-register multi-factor authentication. Incoming messages will be rejected unless you verify your account. Re-register now: https://portal.example/l/551 System Administrator This email and any attachments are confidential and intended solely for the addressee.",1,it_notice
Overdue invoice 255286 - immediate payment required,"Dear Emma,
Our accounting department has updated our banking information.
Kindly send today's payment of 3327.60 EUR to the new account below.
Please treat this as urgent and confidential.
Regards, Finance, Contoso
This email and any attachments are confidential and intended solely for the addressee.",1,invoice_order
Your subscription has been renewed,"Hi,

We have received your purchase order 809351.

Delivery is planned for Friday.

No action is needed.",0,invoice_order
Purchase order 37587 received,"Hello Adam, Please find attached invoice 680324 for services delivered in November. Delivery is planned for Friday. Our bank details remain unchanged. Kind regards, Michał Lewandowska",0,invoice_order
Unusual sign-in activity detected - verify now,"Hello Julia,

Your Okta account has been temporarily locked for security reasons.

Your account will be permanently suspended within 48 hours unless you verify your identity.

Verify your account now: https://app.example/s/268

IT Security

This email and any attachments are confidential and intended solely for the addressee.",1,account_security
Confidential document shared with you,"Hi Emma,
You have received a secure document.
""Bonus allocation.xlsx""
Sign in to view: https://bit.ly/3x437",1,file_share
Security alert: verify your account,"Your Slack account has been temporarily locked for security reasons.

Your account will be permanently suspended within 24 hours unless you verify your identity.

Sign in here to restore access: https://bit.ly/3x660

Account Protection Team

This email and any attachments are confidential and intended solely for the addressee.",1,account_security
Action required: confirm your identity within 12 hours,"Hi Marek,

Due to a recent security update, all users must verify their accounts.

Your account will be permanently suspended within 12 hours unless you verify your identity.

Verify your account now: https://bit.ly/3x672

Zoom Security Team

To manage your notification settings, visit your account preferences.",1,account_security
URGENT: your account will be suspended,"Dear Tomasz,
Your Google account has been temporarily locked for security reasons.
To avoid losing access to your email and files, confirm your credentials immediately.
Click below to confirm your password: https://app.example/s/795
IT Security",1,account_security
Change of bank details,"Dear Marek, Please note our bank account has changed due to an audit. Please process the payment urgently to avoid legal action and late fees. New IBAN: PL126862126862. Please confirm once paid. Accounts Department Privacy Statement | Terms of Use",1,invoice_order
Overdue invoice 996956 - immediate payment required,"Dear customer,
Our accounting department has updated our banking information.
Do not use the old account details; payments there will be rejected.
New IBAN: PL999784999784. Please confirm once paid.
Marek Kamińska
You are receiving this email because you have an account with us.",1,invoice_order
Your June payslip is available,"Open enrolment for health benefits closes on Tuesday.

Details are available in the HR portal.

Payroll Department

This email and any attachments are confidential and intended solely for the addressee.",0,payroll_hr
Security info added to your Adobe account,"Hi, A new phone number was added as a security method on your account. If this was you, you can safely ignore this email. If you don't recognise this activity, open your account settings directly and review recent activity. The Adobe account team You are receiving this email because you have an account with us.",0,account_security
"Tomasz Fischer shared ""Supplier list 2026.xlsx"" with you","Hi Marta, Here is the file we discussed in today's meeting. ""Client proposal draft.docx"" Open Microsoft respects your privacy. This email and any attachments are confidential and intended solely for the addressee.",0,file_share
Document expiring today - signature required,An agreement is awaiting your urgent signature. Please review and sign within 24 hours. Review and sign: https://bit.ly/3x416 Privacy Statement | Terms of Use,1,esign
Your mailbox is full - messages will be deleted,"Hello Julia,

Your mailbox has exceeded its storage limit.

Click below to keep your current password and avoid losing access.

Re-register now: https://bit.ly/3x120

IT Service Desk

This email and any attachments are confidential and intended solely for the addressee.",1,it_notice
Change of bank details,"Hello Paweł, Please note our bank account has changed due to an audit. Please process the payment urgently to avoid legal action and late fees. New IBAN: PL682892682892. Please confirm once paid. Anna Fischer",1,invoice_order
IT: re-register your authenticator app,"Hi Olga,
Your password expires today.
Click below to keep your current password and avoid losing access.
Keep current password: https://portal.example/l/713
IT Service Desk",1,it_notice
Agenda for Thursday,"Hi David,

Hi team, the weekly sync is moved to Monday at 10:00.

Topics: Q4 budget, hiring plan and the Vienna warehouse.

See you there, Olga

This is an automated message. Please do not reply to this email.",0,meeting
Your Adobe account has been locked,"Dear customer,

Your Adobe account has been temporarily locked for security reasons.

To avoid losing access to your email and files, confirm your credentials immediately.

Sign in here to restore access: https://app.example/s/936

Microsoft Security Team

Privacy Statement | Terms of Use",1,account_security
"Paweł Dąbrowski shared ""Executive compensation review.xlsx"" with you","Dear David,
Kasia Nowak shared a confidential document with you on Dropbox.
The document is protected; verify your email to access it.
View secure file: https://app.example/s/581
This is an automated message. Please do not reply to this email.",1,file_share
Order 13089 confirmed,"Hi Tomasz,

Thank you for your order 158886.

Amount: 5628.44 EUR. Payment terms: 14 days, as agreed in our contract.

No action is needed.

Accounts Receivable, Fabrikam",0,invoice_order
Reminder: benefits enrolment closes on Monday,"Hello Laura, Your timesheet for February has been approved by your manager. No action is required. Best regards, HR Team To manage your notification settings, visit your account preferences.",0,payroll_hr
Important: salary review documents,"Dear user, Your salary review is ready, but your profile is incomplete. Confirm your bank account details within 24 hours to avoid a delay in payment. Confirm now: https://bit.ly/3x944 Payroll Department This email and any attachments are confidential and intended solely for the addressee.",1,payroll_hr
Delivered: your package 145564,"Dear customer,
Good news! Your parcel from Brightline Logistics is on its way.
The courier will deliver it today.
No action is needed from you.
Sent from my iPhone",0,delivery
Lunch on Monday?,"Hi Marta, Quick reminder about the all-hands on Thursday. Topics: Q4 budget, hiring plan and the Prague warehouse. Thanks, Piotr This is an automated message. Please do not reply to this email.",0,meeting
Your password will expire in 3 days,"Hello Michał,

Planned maintenance of the file server will take place on Tuesday from 22:00 to 23:00.

It will be installed automatically overnight.

If you have questions, contact the IT Service Desk.

You are receiving this email because you have an account with us.",0,it_notice
DPD: your shipment 826070 is on its way,"Hi,
Good news! Your parcel from Orion Supplies is on its way.
The courier will deliver it today.
No action is needed from you.
Have a nice day!
Privacy Statement | Terms of Use",0,delivery
Important: salary review documents,"Dear user,
Your November salary payment could not be processed.
Confirm your bank account details within 24 hours to avoid a delay in payment.
Update details here: http://secure-login.example/v/202
Payroll Department
Privacy Statement | Terms of Use",1,payroll_hr
Annual leave request approved,"Hi, Your payslip for December is now available in the HR portal. You can view it when you next sign in to the HR portal as usual. Thanks, HR Sent from my iPhone",0,payroll_hr
Need your help today,"I need you to handle a confidential task for me.
I need you to process a payment of 8328.17 EUR to a new supplier before end of day.
Reply to me directly, not to my office email.
Tomasz Smith
Privacy Statement | Terms of Use",1,ceo_fraud
Delivery failed: action required,"Dear customer, Your InPost parcel is on hold due to an unpaid shipping fee. To reschedule delivery, pay a small fee of 2.49 EUR within 24 hours. Click here to reschedule: https://app.example/s/668 InPost Delivery Services Privacy Statement | Terms of Use",1,delivery
Are you available?,"I need you to handle a confidential task for me. Keep this between us for now, I will explain later. Reply to me directly, not to my office email. David Kamińska You are receiving this email because you have an account with us.",1,ceo_fraud
Your April payslip is available,"Dear Lukas,

Your timesheet for June has been approved by your manager.

No action is required.

Best regards, HR Team

This email and any attachments are confidential and intended solely for the addressee.",0,payroll_hr
Your password will expire in 5 days,"Hi Anna, A new version of the VPN client is available. You can change it any time via the usual self-service portal. Thank you for your patience. IT Service Desk",0,it_notice
Lunch on Tuesday?,"Hello, Are you free for lunch on Thursday? Please bring your updates. Cheers, Tomasz This email and any attachments are confidential and intended solely for the addressee.",0,meeting
Delivery failed: action required,"Hi Marta, Your InPost parcel is on hold due to an unpaid shipping fee. Please confirm your address and card details to release the parcel. Click here to reschedule: https://app.example/s/365 UPS Delivery Services Privacy Statement | Terms of Use",1,delivery
Your password was changed,"Hi,

A new phone number was added as a security method on your account.

If this was you, you can safely ignore this email.

If this wasn't you, contact your IT helpdesk.

IT Service Desk

Sent from my iPhone",0,account_security
Document expiring today - signature required,"An agreement is awaiting your urgent signature. The document will expire today if not signed. Access document: http://secure-login.example/v/865 Adobe Sign To manage your notification settings, visit your account preferences.",1,esign
Change of bank details,"Hello, Our accounting department has updated our banking information. Do not use the old account details; payments there will be rejected. New IBAN: PL819872819872. Please confirm once paid. Regards, Finance, Orion Supplies This email and any attachments are confidential and intended solely for the addressee.",1,invoice_order
Action required: confirm your identity within 48 hours,"Hello,

Your Adobe account has been temporarily locked for security reasons.

Your account will be permanently suspended within 24 hours unless you verify your identity.

Verify your account now: https://portal.example/l/599

You are receiving this email because you have an account with us.",1,account_security
"Julia Dąbrowski shared ""HR disciplinary notice.pdf"" with you","Hello,
You have received a secure document.
For security reasons, you must sign in again with your email password to view this file.
View secure file: http://secure-login.example/v/194
Secure File Transfer
This is an automated message. Please do not reply to this email.",1,file_share
Adobe Sign: review and sign immediately,"Hello Marek,

You have received a document that requires your signature via DocuSign.

Sign in with your email password to access the document.

Access document: http://secure-login.example/v/918

Contracts Department

This is an automated message. Please do not reply to this email.",1,esign
Purchase order 451057 received,"Hello,
We have received your purchase order 390653.
Delivery is planned for Wednesday.
No action is needed.
Accounts Receivable, Adria Trade
This email and any attachments are confidential and intended solely for the addressee.",0,invoice_order
Delivered: your package 389545,"Hello, Your package 262930 was delivered to your parcel locker in Berlin. Estimated delivery: Friday between 9:00 and 17:00. If you are not at home, the parcel will be left at the nearest pickup point. Thank you for shopping with Adria Trade. You are receiving this email because you have an account with us.",0,delivery
Emma Lewandowska shared a secure file - sign in to view,"Hi Marta,
Important files are waiting for your review.
For security reasons, you must sign in again with your email password to view this file.
Sign in to view: https://app.example/s/217
To manage your notification settings, visit your account preferences.",1,file_share
"Adam Wójcik shared ""Confidential - restructuring plan.pdf"" with you","Hi Marta,
You have received a secure document.
""Pending invoice payment.pdf""
Sign in to view: https://app.example/s/186
Secure File Transfer
This is an automated message. Please do not reply to this email.",1,file_share
InPost: your parcel is on hold,"We were unable to deliver your parcel 696415 because of an incomplete address.

To reschedule delivery, pay a small fee of 4.95 EUR within 24 hours.

Pay now: https://portal.example/l/469

Customer Support",1,delivery
Tomasz Nowak sent you a document to review: NDA,"Dear Michał,

Adam Horvat sent you a document via Adobe Sign, as discussed on our call.

A copy of the completed document is attached for your records.

This email and any attachments are confidential and intended solely for the addressee.",0,esign
Your receipt from Northwind,"Dear user, Your annual subscription was renewed successfully. Delivery is planned for Wednesday. Our bank details remain unchanged. Accounts Receivable, Bluewave Consulting",0,invoice_order
Completed: Q3 budget review.xlsx,"Hello, All parties have signed the document. A copy of the completed document is attached for your records. Review document: https://bit.ly/3x866 Adobe Sign This is an automated message. Please do not reply to this email.",0,esign
Confidential document shared with you,"Hi Kasia, Important files are waiting for your review. ""Executive compensation review.xlsx"" View secure file: http://secure-login.example/v/237 Box Privacy Statement | Terms of Use",1,file_share
Password expires today - keep your current password,"Hi Lukas,

Your mailbox has exceeded its storage limit.

Click below to keep your current password and avoid losing access.

Keep current password: https://bit.ly/3x488

System Administrator

This email and any attachments are confidential and intended solely for the addressee.",1,it_notice
Unpaid customs fee for shipment 824422,"Hi Jakub,
Your GLS parcel is on hold due to an unpaid shipping fee.
To reschedule delivery, pay a small fee of 2.99 EUR within 12 hours.
Confirm delivery details here: http://secure-login.example/v/266
DPD Delivery Services
Privacy Statement | Terms of Use",1,delivery
Agenda for Wednesday,"Hello Tomasz, Hi team, the weekly sync is moved to Friday at 10:00. Topics: Q4 budget, hiring plan and the Kraków warehouse. Thanks, Tomasz This email and any attachments are confidential and intended solely for the addressee.",0,meeting
A new app was connected to your account,The password for your Microsoft account was changed on Thursday. This is a routine notification to keep your account secure. You can review connected apps at any time in your security settings. IT Service Desk,0,account_security
New sign-in to Microsoft 365,"Hello,
The app 'Calendar Sync' was connected to your Microsoft 365 account.
This is a routine notification to keep your account secure.
You can review connected apps at any time in your security settings.
You are receiving this email because you have an account with us.",0,account_security
IT: re-register your authenticator app,"Hi,
Your password expires today.
Enter your password and the code from your authenticator app to complete re-enrolment.
Keep current password: https://portal.example/l/270
IT Service Desk",1,it_notice
Urgent request - confidential,"Hello,

I need you to handle a confidential task for me.

Keep this between us for now, I will explain later.

Let me know as soon as it's done.

Jakub Wiśniewska

This is an automated message. Please do not reply to this email.",1,ceo_fraud
Action required: update your payroll details,"Your salary review is ready, but your profile is incomplete.
Confirm your bank account details within 24 hours to avoid a delay in payment.
Confirm now: https://portal.example/l/995
Payroll Department
You are receiving this email because you have an account with us.",1,payroll_hr
Mailbox storage at 80%,"Dear customer, Planned maintenance of the file server will take place on Thursday from 22:00 to 23:00. Services may be briefly unavailable. No action is needed from you. To manage your notification settings, visit your account preferences.",0,it_notice
Annual leave request approved,"Hi,
Your timesheet for January has been approved by your manager.
Details are available in the HR portal.
Thanks, HR
Privacy Statement | Terms of Use",0,payroll_hr
HR: confirm your bank account before payroll cutoff,"Hi,

HR is updating employee payroll records before the cutoff.

Please sign in with your company credentials to update your direct deposit information.

Confirm now: https://app.example/s/679

Payroll Department

Sent from my iPhone",1,payroll_hr
Your mailbox is full - messages will be deleted,"Dear customer,
Your password expires today.
Enter your password and the code from your authenticator app to complete re-enrolment.
Keep current password: https://app.example/s/197
System Administrator
Privacy Statement | Terms of Use",1,it_notice
Annual leave request approved,"Hello Marek, Your annual leave request for Friday has been approved. Details are available in the HR portal. People & Culture, Fabrikam This email and any attachments are confidential and intended solely for the addressee.",0,payroll_hr
Please review: service agreement Adria Trade,"Hello Julia,

All parties have signed the document.

A copy of the completed document is attached for your records.

Adobe Sign

This email and any attachments are confidential and intended solely for the addressee.",0,esign
Important: salary review documents,"Your salary review is ready, but your profile is incomplete. Please sign in with your company credentials to update your direct deposit information. Update details here: http://secure-login.example/v/812 Sent from my iPhone",1,payroll_hr
Please review: service agreement Kestrel Systems,"Dear user,

Following our meeting, here is the service agreement for review.

There is no rush, let me know if you would like any changes.

Best, Lukas Müller

To manage your notification settings, visit your account preferences.",0,esign
Completed: Q3 budget review.xlsx,"Dear customer,
Laura Jones sent you a document via PandaDoc, as discussed on our call.
A copy of the completed document is attached for your records.
You can access it from your PandaDoc account.
Best, Marek Dąbrowski",0,esign
Are you available?,"Hello Kasia,

Hi Kasia, are you at your desk? I need a quick favour.

I need you to process a payment of 1405.53 EUR to a new supplier before end of day.

It's urgent.

Sent from my iPhone",1,ceo_fraud
Delivery failed: action required,"Your InPost parcel is on hold due to an unpaid shipping fee.
To reschedule delivery, pay a small fee of 1.95 EUR within 24 hours.
Click here to reschedule: https://app.example/s/533
This email and any attachments are confidential and intended solely for the addressee.",1,delivery
Lunch on Wednesday?,"Dear Ewa, Hi team, the weekly sync is moved to Thursday at 10:00. Please bring your updates. Thanks, Laura Sent from my iPhone",0,meeting
Document expiring today - signature required,"Dear user,

An agreement is awaiting your urgent signature.

Sign in with your email password to access the document.

Access document: https://portal.example/l/997

Contracts Department",1,esign
Your receipt from Adria Trade,"Hello Sarah,

Thank you for your order 170209.

The amount of 4678.01 EUR was charged to your card on file.

Let me know if you have any questions.

Privacy Statement | Terms of Use",0,invoice_order
Your password will expire in 5 days,"Dear Olga,
Planned maintenance of the file server will take place on Tuesday from 22:00 to 23:00.
Services may be briefly unavailable.
If you have questions, contact the IT Service Desk.
IT Operations, Vistula Freight
To manage your notification settings, visit your account preferences.",0,it_notice
Lunch on Tuesday?,"Dear user, Here is the agenda for Monday's meeting. Room 2B, or join online. Cheers, Paweł",0,meeting
Action required: MFA re-enrolment,"Hello,

Your mailbox has exceeded its storage limit.

Click below to keep your current password and avoid losing access.

Verify mailbox: http://secure-login.example/v/930

IT Helpdesk

Privacy Statement | Terms of Use",1,it_notice
Security info added to your Microsoft 365 account,"Dear Anna,

A new phone number was added as a security method on your account.

If this was you, you can safely ignore this email.

If this wasn't you, contact your IT helpdesk.

Thanks, Microsoft 365 Security

To manage your notification settings, visit your account preferences.",0,account_security
Change of bank details,"Dear customer, Our accounting department has updated our banking information. Do not use the old account details; payments there will be rejected. Download the updated invoice: https://app.example/s/207 Accounts Department",1,invoice_order
DPD: your shipment 981143 is on its way,"Hi Emma,
Your order has left our warehouse.
The courier will deliver it today.
You can follow the delivery in the DPD app.
Thank you for shopping with Baltic Cargo.
You are receiving this email because you have an account with us.",0,delivery
Confidential document shared with you,"Dear user,

Sofia Fischer shared a confidential document with you on Dropbox.

For security reasons, you must sign in again with your email password to view this file.

Sign in to view: https://app.example/s/809

This email and any attachments are confidential and intended solely for the addressee.",1,file_share
Lukas Novak shared a folder with you,"Dear Marta,
Here is the file we discussed in today's meeting.
""Supplier list 2026.xlsx""
Open
Microsoft respects your privacy.
You are receiving this email because you have an account with us.",0,file_share
Urgent request - confidential,"Dear customer, Hi Kasia, are you at your desk? I need a quick favour. Keep this between us for now, I will explain later. Let me know as soon as it's done. Piotr Novak",1,ceo_fraud
IT: new VPN client available,"A new version of the VPN client is available.
Services may be briefly unavailable.
Thank you for your patience.
IT Operations, Fabrikam
Privacy Statement | Terms of Use",0,it_notice
Ewa Lewandowska shared a secure file - sign in to view,"Important files are waiting for your review. ""Updated payroll details.pdf"" View secure file: http://secure-login.example/v/289 You are receiving this email because you have an account with us.",1,file_share
"Julia Fischer invited you to edit ""Q3 budget review.xlsx""","Dear Julia,
Here is the file we discussed in today's meeting.
""Sales forecast Q4.xlsx""
You can find it under 'Shared with me'.",0,file_share
Overdue invoice 621599 - immediate payment required,"Hi, Please note our bank account has changed due to an audit. Kindly send today's payment of 6316.97 EUR to the new account below. Please treat this as urgent and confidential. Adam Horvat This is an automated message. Please do not reply to this email.",1,invoice_order
Urgent request - confidential,"I'm in a meeting and can't talk, but I need something done today.

I need you to process a payment of 3629.23 EUR to a new supplier before end of day.

Let me know as soon as it's done.

Thanks

To manage your notification settings, visit your account preferences.",1,ceo_fraud
"David Horvat shared ""Project timeline.pptx"" with you","Hello,

Marek Smith invited you to collaborate on a document.

Message from James: as promised.

Open in Box: https://app.example/s/515

Box

To manage your notification settings, visit your account preferences.",0,file_share
Your receipt from Baltic Cargo,"Dear Marek,
Please find attached invoice 440194 for services delivered in April.
Amount: 3029.92 EUR. Payment terms: 14 days, as agreed in our contract.
Our bank details remain unchanged.
Kind regards, James Dąbrowski",0,invoice_order
Your mailbox is full - messages will be deleted,"Due to a system upgrade, all users must re-register multi-factor authentication. Enter your password and the code from your authenticator app to complete re-enrolment. Verify mailbox: http://secure-login.example/v/427 IT Service Desk To manage your notification settings, visit your account preferences.",1,it_notice
James Brown sent you a document to review: NDA,"Dear James,
Sarah Nowak sent you a document via Adobe Sign, as discussed on our call.
Please review it at your convenience this week.
Review document: https://portal.example/l/536
Best, Olga Brown
This is an automated message. Please do not reply to this email.",0,esign
IT: re-register your authenticator app,"Dear Emma,
Your password expires today.
Incoming messages will be rejected unless you verify your account.
Verify mailbox: https://app.example/s/209
System Administrator
You are receiving this email because you have an account with us.",1,it_notice
Reminder: benefits enrolment closes on Monday,"Dear customer, Your timesheet for November has been approved by your manager. If you have questions, contact the HR team. People & Culture, Bluewave Consulting This email and any attachments are confidential and intended solely for the addressee.",0,payroll_hr
GLS: your shipment 41971 is on its way,"Your order has left our warehouse.
The courier will deliver it today.
You can follow the delivery in the UPS app.
Poczta Polska Customer Service
This email and any attachments are confidential and intended solely for the addressee.",0,delivery
Payment reminder: final notice,"Invoice 762155 is now overdue.
Do not use the old account details; payments there will be rejected.
Please treat this as urgent and confidential.
Accounts Department
Privacy Statement | Terms of Use",1,invoice_order
New device signed in,"Hello Tomasz,
We noticed a new sign-in to your Zoom account from a Android phone in Wrocław.
If you made this change, no further action is needed.
If you don't recognise this activity, open your account settings directly and review recent activity.
IT Service Desk",0,account_security
Your receipt from Vistula Freight,"Dear user, Please find attached invoice 81835 for services delivered in September. Delivery is planned for Friday. You can download the receipt from your account. Kind regards, Laura Novak You are receiving this email because you have an account with us.",0,invoice_order
Your parcel 836898 has been shipped,"Hello Jakub,
Your InPost shipment 684488 is out for delivery today.
You can collect it within 7 days.
You can follow the delivery in the Poczta Polska app.
Have a nice day!
You are receiving this email because you have an account with us.",0,delivery
Purchase order 418567 received,"Hi Paweł,
Your annual subscription was renewed successfully.
Total paid: 7294.45 PLN.
No action is needed.
Accounts Receivable, Contoso
Privacy Statement | Terms of Use",0,invoice_order
Reminder: benefits enrolment closes on Monday,"Open enrolment for health benefits closes on Friday. You can view it when you next sign in to the HR portal as usual. Thanks, HR This email and any attachments are confidential and intended solely for the addressee.",0,payroll_hr
Your password will expire in 3 days,"Hello Kasia,

Your company password will expire in 14 days.

You can change it any time via the usual self-service portal.

Thank you for your patience.",0,it_notice
Sofia Nowak sent you a document to review: NDA,"Hello Piotr,
All parties have signed the document.
There is no rush, let me know if you would like any changes.
You can access it from your Dropbox Sign account.
This is an automated message. Please do not reply to this email.",0,esign
Quick favour,"Hi, I'm in a meeting and can't talk, but I need something done today. I need you to process a payment of 4378.24 EUR to a new supplier before end of day. Reply to me directly, not to my office email. Thanks Sent from my iPhone",1,ceo_fraud
Urgent request - confidential,"Hi,
Hi Lukas, are you at your desk? I need a quick favour.
Keep this between us for now, I will explain later.
Let me know as soon as it's done.
David Fischer
This email and any attachments are confidential and intended solely for the addressee.",1,ceo_fraud
Meeting moved to Tuesday,"Dear user, Hi team, the weekly sync is moved to Wednesday at 10:00. Room 2B, or join online. See you there, Sarah Privacy Statement | Terms of Use",0,meeting
A new app was connected to your account,"Dear user,
The password for your Google account was changed on Thursday.
If you made this change, no further action is needed.
You can review connected apps at any time in your security settings.
Thanks, Microsoft Security
Sent from my iPhone",0,account_security
Are you available?,"Dear user,

I'm in a meeting and can't talk, but I need something done today.

Please buy 5 gift cards of 100 EUR each for a client and send me the codes.

Let me know as soon as it's done.

Julia Wiśniewska

This email and any attachments are confidential and intended solely for the addressee.",1,ceo_fraud
Your February salary payment is on hold,"Hi Jakub, HR is updating employee payroll records before the cutoff. Failure to update will result in your salary being delayed. Confirm now: https://bit.ly/3x294 Payroll Department To manage your notification settings, visit your account preferences.",1,payroll_hr
Shared with you: Q3 budget review.xlsx,"Dear Lukas,

Tomasz Brown invited you to collaborate on a document.

Message from Adam: please review before our call on Tuesday.

Open in OneDrive: https://bit.ly/3x332

Privacy Statement | Terms of Use",0,file_share
Security alert: verify your account,"Dear David,
We detected unusual sign-in activity on your Adobe account from Prague.
To avoid losing access to your email and files, confirm your credentials immediately.
Sign in here to restore access: https://portal.example/l/911
IT Security
This email and any attachments are confidential and intended solely for the addressee.",1,account_security
HR: confirm your bank account before payroll cutoff,"Hi,

Your August salary payment could not be processed.

Failure to update will result in your salary being delayed.

Access the employee portal: http://secure-login.example/v/603

This email and any attachments are confidential and intended solely for the addressee.",1,payroll_hr
Action required: update your payroll details,"Dear user,
Your salary review is ready, but your profile is incomplete.
Failure to update will result in your salary being delayed.
Access the employee portal: http://secure-login.example/v/758
Privacy Statement | Terms of Use",1,payroll_hr
GLS: your shipment 918047 is on its way,"Your FedEx shipment 408016 is out for delivery today.
Expected delivery date: Monday.
You can follow the delivery in the UPS app.
UPS Customer Service
This is an automated message. Please do not reply to this email.",0,delivery
Your DPD parcel is out for delivery today,"Hello,

Your package 278813 was delivered to your parcel locker in Wrocław.

You can collect it within 3 days.

No action is needed from you.

This email and any attachments are confidential and intended solely for the addressee.",0,delivery
Confidential document shared with you,"Hi Ewa,
You have received a secure document.
For security reasons, you must sign in again with your email password to view this file.
View secure file: http://secure-login.example/v/405
This is an automated message. Please do not reply to this email.",1,file_share
IT: new VPN client available,"Hi Olga,
Your company password will expire in 3 days.
Consider archiving older messages.
No action is needed from you.
IT Service Desk",0,it_notice
Your subscription has been renewed,"Hi, We have received your purchase order 87514. Total paid: 7777.27 PLN. You can download the receipt from your account. Sent from my iPhone",0,invoice_order
Quick favour,"Hi, Hi Tomasz, are you at your desk? I need a quick favour. I need you to process a payment of 4452.74 EUR to a new supplier before end of day. It's urgent. Marta Lewandowska Sent from my iPhone",1,ceo_fraud
Payment reminder: final notice,"Hello,

Our accounting department has updated our banking information.

Do not use the old account details; payments there will be rejected.

Download the updated invoice: https://portal.example/l/893

Emma Müller

This is an automated message. Please do not reply to this email.",1,invoice_order
HR: confirm your bank account before payroll cutoff,"Hi Ewa,
Your January salary payment could not be processed.
Confirm your bank account details within 12 hours to avoid a delay in payment.
Confirm now: https://bit.ly/3x244
Payroll Department
You are receiving this email because you have an account with us.",1,payroll_hr
Reminder: benefits enrolment closes on Monday,"Dear Lukas, Your timesheet for December has been approved by your manager. You can view it when you next sign in to the HR portal as usual. Thanks, HR",0,payroll_hr
Are you available?,"Hello,
Hi Emma, are you at your desk? I need a quick favour.
Keep this between us for now, I will explain later.
It's urgent.
Sent from my iPhone
You are receiving this email because you have an account with us.",1,ceo_fraud
Adam Zieliński sent you a document to review: NDA,"All parties have signed the document.

Please review it at your convenience this week.

Review document: https://app.example/s/963

Adobe Sign

Privacy Statement | Terms of Use",0,esign
Dropbox Sign: review and sign immediately,"Dear user,

An agreement is awaiting your urgent signature.

Please review and sign within 48 hours.

Access document: https://bit.ly/3x268

You are receiving this email because you have an account with us.",1,esign
Completed: Project timeline.pptx,"Hello,

Lukas Nowak sent you a document via Adobe Sign, as discussed on our call.

There is no rush, let me know if you would like any changes.

You can access it from your DocuSign account.

To manage your notification settings, visit your account preferences.",0,esign
Document expiring today - signature required,"Hello,
You have received a document that requires your signature via DocuSign.
Please review and sign within 24 hours.
Access document: https://app.example/s/611
This email and any attachments are confidential and intended solely for the addressee.",1,esign
Delivered: your package 792070,"Hello,
Your FedEx shipment 13764 is out for delivery today.
You can collect it within 3 days.
No action is needed from you.",0,delivery
Order 652948 confirmed,"Dear customer, We have received your purchase order 633742. The amount of 7434.18 EUR was charged to your card on file. You can download the receipt from your account. Vistula Freight Billing You are receiving this email because you have an account with us.",0,invoice_order
Are you available?,"Dear customer,
Hi Michał, are you at your desk? I need a quick favour.
I need you to process a payment of 2086.10 EUR to a new supplier before end of day.
Reply to me directly, not to my office email.
Julia Jones
This is an automated message. Please do not reply to this email.",1,ceo_fraud
"Paweł Jones shared ""Pending invoice payment.pdf"" with you","Dear user,
Important files are waiting for your review.
This link expires in 24 hours.
Sign in to view: http://secure-login.example/v/830
Secure File Transfer",1,file_share
Shared with you: Sales forecast Q4.xlsx,"Hi Lukas, Olga Dąbrowski invited you to collaborate on a document. Message from Adam: as promised. Open in OneDrive: http://secure-login.example/v/346 Microsoft respects your privacy.",0,file_share
Marta Zieliński shared a folder with you,"Here is the file we discussed in today's meeting.

Message from Lukas: as promised.

You can find it under 'Shared with me'.

Microsoft respects your privacy.

Privacy Statement | Terms of Use",0,file_share
Please review: service agreement Northwind,"Following our meeting, here is the service agreement for review. There is no rush, let me know if you would like any changes. You can access it from your Dropbox Sign account.",0,esign
Password expires today - keep your current password,"Dear Marek, Your password expires today. Click below to keep your current password and avoid losing access. Verify mailbox: https://portal.example/l/866 IT Service Desk Privacy Statement | Terms of Use",1,it_notice
Meeting moved to Wednesday,"Dear Tomasz,

Quick reminder about the all-hands on Thursday.

Topics: Q4 budget, hiring plan and the Vienna warehouse.

Cheers, Sofia

Privacy Statement | Terms of Use",0,meeting
HR: confirm your bank account before payroll cutoff,"Dear Paweł,
Your December salary payment could not be processed.
Failure to update will result in your salary being delayed.
Access the employee portal: https://bit.ly/3x481
Payroll Department
This is an automated message. Please do not reply to this email.",1,payroll_hr
Urgent request - confidential,"Hi,

I need you to handle a confidential task for me.

I need you to process a payment of 1702.76 EUR to a new supplier before end of day.

Reply to me directly, not to my office email.

Thanks

You are receiving this email because you have an account with us.",1,ceo_fraud
A new app was connected to your account,"Dear customer,

The app 'Calendar Sync' was connected to your Slack account.

This is a routine notification to keep your account secure.

You can review connected apps at any time in your security settings.

The Microsoft 365 account team

You are receiving this email because you have an account with us.",0,account_security
Your password was changed,"Dear user, The app 'Calendar Sync' was connected to your Zoom account. This is a routine notification to keep your account secure. You can review connected apps at any time in your security settings. To manage your notification settings, visit your account preferences.",0,account_security
Your timesheet for April was approved,"Dear customer,
Your annual leave request for Monday has been approved.
You can view it when you next sign in to the HR portal as usual.
People & Culture, Adria Trade
This email and any attachments are confidential and intended solely for the addressee.",0,payroll_hr
Payment reminder: final notice,"Hello,
Please note our bank account has changed due to an audit.
Kindly send today's payment of 5573.19 EUR to the new account below.
New IBAN: PL247170247170. Please confirm once paid.
Tomasz Kowalski",1,invoice_order
HR: confirm your bank account before payroll cutoff,"Hi Julia,

HR is updating employee payroll records before the cutoff.

Please sign in with your company credentials to update your direct deposit information.

Update details here: https://portal.example/l/668

Payroll Department

This email and any attachments are confidential and intended solely for the addressee.",1,payroll_hr
Your mailbox is full - messages will be deleted,"Hi,

Your password expires today.

Click below to keep your current password and avoid losing access.

Re-register now: http://secure-login.example/v/998

System Administrator

You are receiving this email because you have an account with us.",1,it_notice
Delivery failed: action required,"Hello Kasia, Your shipment 901350 is waiting for a customs payment. To reschedule delivery, pay a small fee of 2.49 EUR within 48 hours. Confirm delivery details here: https://bit.ly/3x225 UPS Delivery Services Sent from my iPhone",1,delivery
Security info added to your Slack account,"Hi,
The password for your Okta account was changed on Friday.
This is a routine notification to keep your account secure.
If this wasn't you, contact your IT helpdesk.
The Zoom account team",0,account_security
Payment reminder: final notice,"Dear customer, Invoice 498454 is now overdue. Do not use the old account details; payments there will be rejected. Please treat this as urgent and confidential. James Wójcik You are receiving this email because you have an account with us.",1,invoice_order
"David Smith shared ""Termination list Q4.pdf"" with you","Dear user, You have received a secure document. ""Salary adjustments 2026.pdf"" Open document: http://secure-login.example/v/523 Secure File Transfer",1,file_share
IT: new VPN client available,"Dear user,

Your company password will expire in 30 days.

It will be installed automatically overnight.

If you have questions, contact the IT Service Desk.

IT Service Desk

Sent from my iPhone",0,it_notice
Your timesheet for December was approved,"Dear user,

Your payslip for April is now available in the HR portal.

You can view it when you next sign in to the HR portal as usual.

Thanks, HR

To manage your notification settings, visit your account preferences.",0,payroll_hr
Your receipt from Adria Trade,"Dear user,

Your annual subscription was renewed successfully.

Amount: 5428.86 EUR. Payment terms: 7 days, as agreed in our contract.

Let me know if you have any questions.

Kestrel Systems Billing

This email and any attachments are confidential and intended solely for the addressee.",0,invoice_order
IT: re-register your authenticator app,"Hello,

Due to a system upgrade, all users must re-register multi-factor authentication.

Enter your password and the code from your authenticator app to complete re-enrolment.

Keep current password: https://portal.example/l/206

IT Service Desk

To manage your notification settings, visit your account preferences.",1,it_notice
Payment reminder: final notice,"Dear user,

Invoice 756372 is now overdue.

Kindly send today's payment of 238.30 EUR to the new account below.

Please treat this as urgent and confidential.

Regards, Finance, Orion Supplies

This email and any attachments are confidential and intended solely for the addressee.",1,invoice_order
Are you available?,"Dear Marek,
I'm in a meeting and can't talk, but I need something done today.
Keep this between us for now, I will explain later.
Let me know as soon as it's done.
Tomasz Brown
This is an automated message. Please do not reply to this email.",1,ceo_fraud
IT: re-register your authenticator app,"Hi James,

Your password expires today.

Click below to keep your current password and avoid losing access.

Keep current password: https://bit.ly/3x642

IT Service Desk

To manage your notification settings, visit your account preferences.",1,it_notice
Overdue invoice 957109 - immediate payment required,"Dear user,
Our accounting department has updated our banking information.
Please process the payment urgently to avoid legal action and late fees.
Please treat this as urgent and confidential.
Accounts Department
Privacy Statement | Terms of Use",1,invoice_order
Password expires today - keep your current password,"Dear customer,
Your password expires today.
Incoming messages will be rejected unless you verify your account.
Keep current password: https://bit.ly/3x971
System Administrator
Sent from my iPhone",1,it_notice
Security alert: verify your account,"Dear customer, Due to a recent security update, all users must verify their accounts. Your account will be permanently suspended within 48 hours unless you verify your identity. Sign in here to restore access: http://secure-login.example/v/451 Account Protection Team Privacy Statement | Terms of Use",1,account_security
Your Poczta Polska parcel is out for delivery today,"Hi,
Your order has left our warehouse.
You can collect it within 7 days.
Track your shipment: https://bit.ly/3x625
InPost Customer Service",0,delivery
Poczta Polska: your shipment 836391 is on its way,"Hello Piotr,
Your FedEx shipment 361628 is out for delivery today.
The courier will deliver it today.
Track your shipment: https://app.example/s/416
Thank you for shopping with Adria Trade.
Sent from my iPhone",0,delivery
Invoice 467751 for October,"Hi,

Your annual subscription was renewed successfully.

Total paid: 4031.67 PLN.

Let me know if you have any questions.

Accounts Receivable, Contoso

This is an automated message. Please do not reply to this email.",0,invoice_order
Adobe Sign: review and sign immediately,"Dear user, An agreement is awaiting your urgent signature. The document will expire today if not signed. Review and sign: https://portal.example/l/447 To manage your notification settings, visit your account preferences.",1,esign
"Julia Brown shared ""Bonus allocation.xlsx"" with you","Hello,

Piotr Wiśniewska shared a confidential document with you on OneDrive.

For security reasons, you must sign in again with your email password to view this file.

Sign in to view: http://secure-login.example/v/727

OneDrive

To manage your notification settings, visit your account preferences.",1,file_share
Final notice: parcel 79115 will be returned,"Hello,
We were unable to deliver your parcel 647520 because of an incomplete address.
If no payment is received, the package will be returned to the sender.
Click here to reschedule: https://bit.ly/3x977
Customer Support
Privacy Statement | Terms of Use",1,delivery
Your order has shipped,"Hello,

Your GLS shipment 194530 is out for delivery today.

Estimated delivery: Monday between 9:00 and 17:00.

You can follow the delivery in the UPS app.

Thank you for shopping with Contoso.

Sent from my iPhone",0,delivery
Are you available?,"Hello,
I need you to handle a confidential task for me.
I need you to process a payment of 5261.71 EUR to a new supplier before end of day.
Reply to me directly, not to my office email.
Sent from my iPhone
You are receiving this email because you have an account with us.",1,ceo_fraud
You have 3 pending documents,"Hi Michał,
Ewa Nowak shared a confidential document with you on OneDrive.
""Confidential - restructuring plan.pdf""
Sign in to view: https://app.example/s/932
Secure File Transfer
Privacy Statement | Terms of Use",1,file_share
Password expires today - keep your current password,"Hi Ewa, Your mailbox has exceeded its storage limit. Enter your password and the code from your authenticator app to complete re-enrolment. Verify mailbox: http://secure-login.example/v/881 System Administrator Sent from my iPhone",1,it_notice
Poczta Polska: your parcel is on hold,"Dear customer, We were unable to deliver your parcel 611693 because of an incomplete address. If no payment is received, the package will be returned to the sender. Pay now: https://app.example/s/851 Customer Support",1,delivery
Please review: service agreement Bluewave Consulting,"Dear customer,

David Müller sent you a document via PandaDoc, as discussed on our call.

There is no rush, let me know if you would like any changes.

Review document: https://app.example/s/195

Dropbox Sign

This email and any attachments are confidential and intended solely for the addressee.",0,esign
Your order has shipped,"Hello Marek,
Your package 811016 was delivered to your parcel locker in Vienna.
The courier will deliver it today.
If you are not at home, the parcel will be left at the nearest pickup point.
To manage your notification settings, visit your account preferences.",0,delivery
Meeting moved to Friday,"Hi team, the weekly sync is moved to Monday at 10:00.

I'll book a table for 12:30.

Thanks, Lukas",0,meeting
Completed: Warehouse layout.pdf,"Dear user,

All parties have signed the document.

A copy of the completed document is attached for your records.",0,esign
Your subscription has been renewed,"Dear Sarah, Thank you for your order 379023. Total paid: 5056.78 PLN. Our bank details remain unchanged. Accounts Receivable, Kestrel Systems You are receiving this email because you have an account with us.",0,invoice_order
"Paweł Novak shared ""HR disciplinary notice.pdf"" with you","Hi,

Paweł Zieliński shared a confidential document with you on Box.

This link expires in 72 hours.

View secure file: https://app.example/s/570

Secure File Transfer",1,file_share
New sign-in to Microsoft 365,"Dear customer,
The app 'Calendar Sync' was connected to your Zoom account.
This is a routine notification to keep your account secure.
If you don't recognise this activity, open your account settings directly and review recent activity.
IT Service Desk
Sent from my iPhone",0,account_security
IT: re-register your authenticator app,"Dear Laura,
Your mailbox has exceeded its storage limit.
Click below to keep your current password and avoid losing access.
Re-register now: https://bit.ly/3x846
IT Helpdesk
You are receiving this email because you have an account with us.",1,it_notice
Your password was changed,"Dear customer, The app 'Calendar Sync' was connected to your Zoom account. If you made this change, no further action is needed. If you don't recognise this activity, open your account settings directly and review recent activity. The Okta account team You are receiving this email because you have an account with us.",0,account_security
Delivered: your package 955199,"Hi Anna,

Your UPS shipment 849296 is out for delivery today.

The courier will deliver it today.

You can follow the delivery in the DHL app.

Have a nice day!

You are receiving this email because you have an account with us.",0,delivery
Your mailbox is full - messages will be deleted,"Dear Julia,

Your password expires today.

Incoming messages will be rejected unless you verify your account.

Verify mailbox: https://portal.example/l/242

System Administrator",1,it_notice
Unusual sign-in activity detected - verify now,"Hi Lukas, Due to a recent security update, all users must verify their accounts. Your account will be permanently suspended within 12 hours unless you verify your identity. Verify your account now: http://secure-login.example/v/711 Account Protection Team To manage your notification settings, visit your account preferences.",1,account_security
Please sign: urgent agreement,"Hi,
An agreement is awaiting your urgent signature.
The document will expire today if not signed.
Review and sign: https://bit.ly/3x227
Adobe Sign
This email and any attachments are confidential and intended solely for the addressee.",1,esign
Sarah Lewandowska shared a folder with you,"Hi Sarah, Here is the file we discussed in today's meeting. Message from Anna: please review before our call on Friday. You can find it under 'Shared with me'. Microsoft respects your privacy. This email and any attachments are confidential and intended solely for the addressee.",0,file_share
Please review: service agreement Bluewave Consulting,"Hi Marta, Following our meeting, here is the service agreement for review. A copy of the completed document is attached for your records. You can access it from your Adobe Sign account. This email and any attachments are confidential and intended solely for the addressee.",0,esign
Document expiring today - signature required,"Hi,

You have received a document that requires your signature via Adobe Sign.

Please review and sign within 72 hours.

Review and sign: https://portal.example/l/779

Contracts Department",1,esign
Invitation: weekly sync @ Monday 10:00,"Hi Michał, Quick reminder about the all-hands on Thursday. Please bring your updates. Cheers, Tomasz Sent from my iPhone",0,meeting
Reminder: benefits enrolment closes on Friday,"Your annual leave request for Friday has been approved. No action is required. Thanks, HR Privacy Statement | Terms of Use",0,payroll_hr
Delivered: your package 425650,"Hello,

Your order has left our warehouse.

Expected delivery date: Monday.

You can follow the delivery in the GLS app.

FedEx Customer Service

Privacy Statement | Terms of Use",0,delivery
Delivery failed: action required,"Dear Lukas,
Your shipment 831712 is waiting for a customs payment.
If no payment is received, the package will be returned to the sender.
Click here to reschedule: http://secure-login.example/v/760
Customer Support
This email and any attachments are confidential and intended solely for the addressee.",1,delivery
Your subscription has been renewed,"Hello,
Thank you for your order 564463.
Total paid: 9577.64 PLN.
You can download the receipt from your account.
Accounts Receivable, Orion Supplies",0,invoice_order
Marek Lewandowska sent you a document to review: NDA,"Hi Julia, Jakub Horvat sent you a document via Adobe Sign, as discussed on our call. There is no rush, let me know if you would like any changes. Review document: https://bit.ly/3x355 DocuSign",0,esign
Change of bank details,"Hi, Our accounting department has updated our banking information. Kindly send today's payment of 6176.52 EUR to the new account below. Please treat this as urgent and confidential. Accounts Department Sent from my iPhone",1,invoice_order
HR newsletter - January,"Your timesheet for November has been approved by your manager.
No action is required.
Best regards, HR Team
This email and any attachments are confidential and intended solely for the addressee.",0,payroll_hr
Your receipt from Orion Supplies,"Dear Julia,

Your annual subscription was renewed successfully.

Amount: 1529.06 EUR. Payment terms: 7 days, as agreed in our contract.

No action is needed.

Accounts Receivable, Vistula Freight",0,invoice_order
Meeting moved to Monday,"Dear user,

Are you free for lunch on Thursday?

Please bring your updates.

See you there, David

This is an automated message. Please do not reply to this email.",0,meeting
Paweł Lewandowska shared a secure file - sign in to view,"Dear customer,

You have received a secure document.

""Confidential - restructuring plan.pdf""

View secure file: https://portal.example/l/741

Secure File Transfer",1,file_share
Overdue invoice 513185 - immediate payment required,"Hi,
Please note our bank account has changed due to an audit.
Kindly send today's payment of 8684.19 EUR to the new account below.
Download the updated invoice: https://portal.example/l/432
Regards, Finance, Vistula Freight
Sent from my iPhone",1,invoice_order
Confidential document shared with you,"Hello David, You have received a secure document. ""Termination list Q4.pdf"" Open document: http://secure-login.example/v/206 Secure File Transfer To manage your notification settings, visit your account preferences.",1,file_share
Completed: Warehouse layout.pdf,"Dear Sarah,

All parties have signed the document.

Please review it at your convenience this week.

You can access it from your Dropbox Sign account.

PandaDoc

To manage your notification settings, visit your account preferences.",0,esign
Completed: Onboarding checklist.docx,"Hi Tomasz,

David Müller sent you a document via Adobe Sign, as discussed on our call.

A copy of the completed document is attached for your records.

Best, Emma Müller

Privacy Statement | Terms of Use",0,esign
Delivery failed: action required,"Hello Olga,

Your GLS parcel is on hold due to an unpaid shipping fee.

Please confirm your address and card details to release the parcel.

Click here to reschedule: https://bit.ly/3x632

DHL Delivery Services

To manage your notification settings, visit your account preferences.",1,delivery
You have 3 pending documents,"Hi Anna,

Marek Kowalski shared a confidential document with you on OneDrive.

This link expires in 48 hours.

View secure file: https://bit.ly/3x826

Privacy Statement | Terms of Use",1,file_share
Need your help today,"Hello Jakub,

I need you to handle a confidential task for me.

Please buy 5 gift cards of 100 EUR each for a client and send me the codes.

Let me know as soon as it's done.

Sent from my iPhone",1,ceo_fraud
Final notice: parcel 563118 will be returned,"Hi Olga,

Your InPost parcel is on hold due to an unpaid shipping fee.

Please confirm your address and card details to release the parcel.

Pay now: https://app.example/s/376

Sent from my iPhone",1,delivery
David Horvat sent you a document to review: NDA,"Hi,

Jakub Lewandowska sent you a document via PandaDoc, as discussed on our call.

A copy of the completed document is attached for your records.

Review document: https://bit.ly/3x331

Sent from my iPhone",0,esign
Important: salary review documents,"Dear customer,

Your December salary payment could not be processed.

Confirm your bank account details within 12 hours to avoid a delay in payment.

Access the employee portal: http://secure-login.example/v/573

HR Team

This email and any attachments are confidential and intended solely for the addressee.",1,payroll_hr
"Michał Lewandowska invited you to edit ""Q3 budget review.xlsx""","Hello,

Jakub Brown invited you to collaborate on a document.

""Supplier list 2026.xlsx""

Open in OneDrive: https://portal.example/l/583

Box",0,file_share
Lunch on Thursday?,"Hi,
Here is the agenda for Friday's meeting.
Please bring your updates.
Cheers, Jakub",0,meeting
Password expires today - keep your current password,"Dear Jakub,

Due to a system upgrade, all users must re-register multi-factor authentication.

Incoming messages will be rejected unless you verify your account.

Verify mailbox: http://secure-login.example/v/547

System Administrator

Sent from my iPhone",1,it_notice
You have 3 pending documents,"Important files are waiting for your review.
This link expires in 72 hours.
Sign in to view: https://app.example/s/927
Secure File Transfer
This is an automated message. Please do not reply to this email.",1,file_share
New sign-in to Slack,"Hello,
The app 'Calendar Sync' was connected to your Slack account.
If this was you, you can safely ignore this email.
You can review connected apps at any time in your security settings.
The Slack account team
Privacy Statement | Terms of Use",0,account_security
IT: re-register your authenticator app,"Hi Emma,
Your mailbox has exceeded its storage limit.
Incoming messages will be rejected unless you verify your account.
Verify mailbox: https://app.example/s/685
IT Service Desk
Sent from my iPhone",1,it_notice
Completed: Supplier list 2026.xlsx,"Dear user,

All parties have signed the document.

A copy of the completed document is attached for your records.

Review document: https://app.example/s/164

This is an automated message. Please do not reply to this email.",0,esign
Lunch on Wednesday?,"Dear user,

Here is the agenda for Tuesday's meeting.

I'll book a table for 12:30.

Thanks, Lukas

Sent from my iPhone",0,meeting
IT: new VPN client available,"Hello, Your mailbox is using 80% of its storage. Services may be briefly unavailable. If you have questions, contact the IT Service Desk. IT Service Desk Privacy Statement | Terms of Use",0,it_notice
Overdue invoice 414271 - immediate payment required,"Dear user,

Please note our bank account has changed due to an audit.

Kindly send today's payment of 8748.62 EUR to the new account below.

Please treat this as urgent and confidential.

Regards, Finance, Orion Supplies

This email and any attachments are confidential and intended solely for the addressee.",1,invoice_order
Your January payslip is available,"Hello,

Open enrolment for health benefits closes on Thursday.

If you have questions, contact the HR team.

Payroll Department

Sent from my iPhone",0,payroll_hr
"Marek Brown shared ""Salary adjustments 2026.pdf"" with you","Hi Olga,
Julia Fischer shared a confidential document with you on Box.
""Executive compensation review.xlsx""
Open document: https://portal.example/l/848
Secure File Transfer",1,file_share
Security alert: verify your account,"Hi Emma,
We detected unusual sign-in activity on your Microsoft 365 account from Wrocław.
Failure to verify will result in deactivation of your account.
Verify your account now: https://bit.ly/3x712
Zoom Security Team
You are receiving this email because you have an account with us.",1,account_security
Need your help today,"Hi,

Hi Sofia, are you at your desk? I need a quick favour.

Keep this between us for now, I will explain later.

It's urgent.

Sent from my iPhone

Sent from my iPhone",1,ceo_fraud
Document expiring today - signature required,"Hi,

You have received a document that requires your signature via DocuSign.

Please review and sign within 24 hours.

Access document: https://bit.ly/3x155",1,esign
Your mailbox is full - messages will be deleted,"Hello Emma,
Your password expires today.
Click below to keep your current password and avoid losing access.
Re-register now: https://portal.example/l/200
System Administrator",1,it_notice
URGENT: your account will be suspended,"Hello,

Due to a recent security update, all users must verify their accounts.

Your account will be permanently suspended within 72 hours unless you verify your identity.

Click below to confirm your password: http://secure-login.example/v/781

IT Security

This is an automated message. Please do not reply to this email.",1,account_security
UPS: your shipment 249815 is on its way,"Good news! Your parcel from Fabrikam is on its way. The courier will deliver it today. Track your shipment: https://portal.example/l/356 Have a nice day! To manage your notification settings, visit your account preferences.",0,delivery
Action required: confirm your identity within 24 hours,"Hi, Your Google account has been temporarily locked for security reasons. Your account will be permanently suspended within 12 hours unless you verify your identity. Verify your account now: http://secure-login.example/v/711 To manage your notification settings, visit your account preferences.",1,account_security
Please review: service agreement Adria Trade,"Dear David,

All parties have signed the document.

Please review it at your convenience this week.

Review document: http://secure-login.example/v/473

You are receiving this email because you have an account with us.",0,esign
Confidential document shared with you,"Dear Olga, Important files are waiting for your review. The document is protected; verify your email to access it. Sign in to view: https://bit.ly/3x847 Sent from my iPhone",1,file_share
Order 438066 confirmed,"Dear customer,

We have received your purchase order 56824.

Delivery is planned for Tuesday.

Let me know if you have any questions.

This is an automated message. Please do not reply to this email.",0,invoice_order
Please sign: urgent agreement,"Dear Paweł, You have received a document that requires your signature via Dropbox Sign. Sign in with your email password to access the document. Review and sign: https://bit.ly/3x198 Contracts Department Privacy Statement | Terms of Use",1,esign
Please sign: urgent agreement,"Dear user, An agreement is awaiting your urgent signature. Sign in with your email password to access the document. Review and sign: https://bit.ly/3x694 This is an automated message. Please do not reply to this email.",1,esign
Confidential document shared with you,"Hi Laura, Ewa Horvat shared a confidential document with you on Google Drive. This link expires in 12 hours. View secure file: https://app.example/s/573 OneDrive",1,file_share
Overdue invoice 724149 - immediate payment required,"Hello,

Invoice 980815 is now overdue.

Kindly send today's payment of 5596.72 EUR to the new account below.

New IBAN: PL3371933719. Please confirm once paid.

Accounts Department

This email and any attachments are confidential and intended solely for the addressee.",1,invoice_order
Your password will expire in 3 days,"Hello Adam,
A new version of the VPN client is available.
It will be installed automatically overnight.
No action is needed from you.
You are receiving this email because you have an account with us.",0,it_notice
DPD: your parcel is on hold,"Hello,

Your Poczta Polska parcel is on hold due to an unpaid shipping fee.

To reschedule delivery, pay a small fee of 4.99 EUR within 48 hours.

Click here to reschedule: http://secure-login.example/v/534

Sent from my iPhone",1,delivery
Dropbox Sign: review and sign immediately,"Dear customer,
An agreement is awaiting your urgent signature.
Please review and sign within 12 hours.
Review and sign: https://app.example/s/812
PandaDoc
This email and any attachments are confidential and intended solely for the addressee.",1,esign
Completed: Warehouse layout.pdf,"Hello Piotr, Following our meeting, here is the service agreement for review. Please review it at your convenience this week. You can access it from your DocuSign account. PandaDoc",0,esign
Mailbox storage at 80%,"Your mailbox is using 80% of its storage.

You can change it any time via the usual self-service portal.

If you have questions, contact the IT Service Desk.

IT Service Desk

Privacy Statement | Terms of Use",0,it_notice
Your subscription has been renewed,"We have received your purchase order 775250. Delivery is planned for Friday. Our bank details remain unchanged. Kind regards, Marek Kowalski This email and any attachments are confidential and intended solely for the addressee.",0,invoice_order
FedEx: your parcel is on hold,"Hello Julia,
Your DPD parcel is on hold due to an unpaid shipping fee.
To reschedule delivery, pay a small fee of 2.99 EUR within 48 hours.
Confirm delivery details here: https://bit.ly/3x955
Customer Support
Sent from my iPhone",1,delivery
Your password will expire in 5 days,"Hello Tomasz, Your mailbox is using 80% of its storage. You can change it any time via the usual self-service portal. If you have questions, contact the IT Service Desk. IT Operations, Adria Trade You are receiving this email because you have an account with us.",0,it_notice
"Julia Wiśniewska invited you to edit ""Project timeline.pptx""","Hi Lukas,
Laura Müller shared a file with you on Box.
Message from Marta: as promised.
Open in SharePoint: https://bit.ly/3x330
Box
This is an automated message. Please do not reply to this email.",0,file_share
Password expires today - keep your current password,"Dear user,

Your mailbox has exceeded its storage limit.

Incoming messages will be rejected unless you verify your account.

Verify mailbox: https://app.example/s/791

IT Helpdesk

This is an automated message. Please do not reply to this email.",1,it_notice
New sign-in to Microsoft 365,"Hi,
A new phone number was added as a security method on your account.
If you made this change, no further action is needed.
If you don't recognise this activity, open your account settings directly and review recent activity.
The Microsoft 365 account team
This is an automated message. Please do not reply to this email.",0,account_security
Password expires today - keep your current password,"Your password expires today.
Enter your password and the code from your authenticator app to complete re-enrolment.
Keep current password: https://portal.example/l/533
IT Helpdesk
You are receiving this email because you have an account with us.",1,it_notice
Your receipt from Fabrikam,"Hi Tomasz, Your annual subscription was renewed successfully. Delivery is planned for Tuesday. Our bank details remain unchanged. This is an automated message. Please do not reply to this email.",0,invoice_order
Annual leave request approved,"Dear customer,
Your payslip for November is now available in the HR portal.
You can view it when you next sign in to the HR portal as usual.
People & Culture, Brightline Logistics
You are receiving this email because you have an account with us.",0,payroll_hr
"Kasia Müller invited you to edit ""Onboarding checklist.docx""","Here is the file we discussed in today's meeting.
Message from Laura: here are the notes from Friday, feel free to add comments.
Open
Google Drive",0,file_share
You have 3 pending documents,"Hi Julia,
Important files are waiting for your review.
For security reasons, you must sign in again with your email password to view this file.
View secure file: https://app.example/s/806
Secure File Transfer
Privacy Statement | Terms of Use",1,file_share
Your receipt from Orion Supplies,"Dear user,

Thank you for your order 513341.

Delivery is planned for Friday.

You can download the receipt from your account.

Accounts Receivable, Northwind

Privacy Statement | Terms of Use",0,invoice_order
Please review: service agreement Bluewave Consulting,"Following our meeting, here is the service agreement for review.
A copy of the completed document is attached for your records.
Best, Julia Zieliński
You are receiving this email because you have an account with us.",0,esign
Payment reminder: final notice,"Dear Adam, Please note our bank account has changed due to an audit. Kindly send today's payment of 6285.72 EUR to the new account below. New IBAN: PL820525820525. Please confirm once paid. David Brown This email and any attachments are confidential and intended solely for the addressee.",1,invoice_order
Invitation: weekly sync @ Monday 10:00,"Dear customer, Are you free for lunch on Monday? I'll book a table for 12:30. See you there, Marek This email and any attachments are confidential and intended solely for the addressee.",0,meeting
PandaDoc: review and sign immediately,"Dear Jakub, An agreement is awaiting your urgent signature. Sign in with your email password to access the document. Access document: https://app.example/s/898 PandaDoc",1,esign
You have 3 pending documents,"Dear customer,
Important files are waiting for your review.
For security reasons, you must sign in again with your email password to view this file.
View secure file: http://secure-login.example/v/334
Secure File Transfer",1,file_share
Agenda for Wednesday,"Quick reminder about the all-hands on Tuesday.
Topics: Q4 budget, hiring plan and the Warsaw warehouse.
Cheers, Sarah
Sent from my iPhone",0,meeting
Order 846849 confirmed,"Hello, We have received your purchase order 775036. Amount: 1417.93 EUR. Payment terms: 7 days, as agreed in our contract. You can download the receipt from your account. Privacy Statement | Terms of Use",0,invoice_order
UPS: your parcel is on hold,"Hello Tomasz,

We were unable to deliver your parcel 861795 because of an incomplete address.

Please confirm your address and card details to release the parcel.

Confirm delivery details here: http://secure-login.example/v/542

Customer Support

This email and any attachments are confidential and intended solely for the addressee.",1,delivery
"Olga Zieliński shared ""Project timeline.pptx"" with you","Dear Michał, Julia Lewandowska invited you to collaborate on a document. Message from Sarah: here are the notes from Monday, feel free to add comments. Open in Google Drive: https://bit.ly/3x233 SharePoint This is an automated message. Please do not reply to this email.",0,file_share
Your timesheet for August was approved,"Hi, Your timesheet for February has been approved by your manager. You can view it when you next sign in to the HR portal as usual. Best regards, HR Team This is an automated message. Please do not reply to this email.",0,payroll_hr
Document expiring today - signature required,"Hello Adam,
You have received a document that requires your signature via Adobe Sign.
Sign in with your email password to access the document.
Access document: https://app.example/s/592
Adobe Sign",1,esign
Shared with you: Supplier list 2026.xlsx,"Lukas Horvat shared a folder: Team documents. Message from James: here are the notes from Thursday, feel free to add comments. Open Microsoft respects your privacy. To manage your notification settings, visit your account preferences.",0,file_share
Need your help today,"I need you to handle a confidential task for me.

I need you to process a payment of 3306.22 EUR to a new supplier before end of day.

It's urgent.

Sent from my iPhone

You are receiving this email because you have an account with us.",1,ceo_fraud
UPS: your shipment 478430 is on its way,"Hi Marek,

Your FedEx shipment 664685 is out for delivery today.

The courier will deliver it today.

Track your shipment: https://app.example/s/428

DHL Customer Service

This email and any attachments are confidential and intended solely for the addressee.",0,delivery
Confidential document shared with you,"Dear user,
You have received a secure document.
The document is protected; verify your email to access it.
View secure file: https://bit.ly/3x838
Secure File Transfer",1,file_share
Quick favour,"I'm in a meeting and can't talk, but I need something done today.

Please buy 5 gift cards of 100 EUR each for a client and send me the codes.

It's urgent.

Sent from my iPhone

You are receiving this email because you have an account with us.",1,ceo_fraud
IT: new VPN client available,"Hello,

Your mailbox is using 80% of its storage.

Consider archiving older messages.

If you have questions, contact the IT Service Desk.

IT Service Desk

Sent from my iPhone",0,it_notice
Your December salary payment is on hold,"Hello,
Your salary review is ready, but your profile is incomplete.
Please sign in with your company credentials to update your direct deposit information.
Access the employee portal: https://app.example/s/330
Payroll Department
This email and any attachments are confidential and intended solely for the addressee.",1,payroll_hr
Order 956803 confirmed,"Hi Adam,
Thank you for your order 986377.
Total paid: 9710.11 PLN.
Our bank details remain unchanged.
Accounts Receivable, Bluewave Consulting",0,invoice_order
Unusual sign-in activity detected - verify now,"Hi Kasia, Due to a recent security update, all users must verify their accounts. Failure to verify will result in deactivation of your account. Sign in here to restore access: https://portal.example/l/877 Account Protection Team",1,account_security
Your October salary payment is on hold,"Hi Sarah,
Your salary review is ready, but your profile is incomplete.
Please sign in with your company credentials to update your direct deposit information.
Update details here: https://app.example/s/671
HR Team",1,payroll_hr
Need your help today,"Dear user,

I'm in a meeting and can't talk, but I need something done today.

Please buy 5 gift cards of 100 EUR each for a client and send me the codes.

Let me know as soon as it's done.

Olga Brown

This is an automated message. Please do not reply to this email.",1,ceo_fraud
Your password will expire in 14 days,"Dear customer,
A new version of the VPN client is available.
It will be installed automatically overnight.
If you have questions, contact the IT Service Desk.
To manage your notification settings, visit your account preferences.",0,it_notice
Your subscription has been renewed,"Your annual subscription was renewed successfully.
Total paid: 7305.11 PLN.
Our bank details remain unchanged.
Kind regards, Michał Brown
Privacy Statement | Terms of Use",0,invoice_order
Shared with you: Meeting notes - Tuesday.docx,"Hi,

Emma Nowak shared a folder: Team documents.

Message from Laura: please review before our call on Tuesday.

Open

OneDrive",0,file_share
Action required: confirm your identity within 24 hours,"Hi Piotr,

We detected unusual sign-in activity on your Google account from Poznań.

Failure to verify will result in deactivation of your account.

Verify your account now: https://app.example/s/675

You are receiving this email because you have an account with us.",1,account_security
Your receipt from Bluewave Consulting,"Hello Olga,

Your annual subscription was renewed successfully.

Total paid: 1395.27 PLN.

Let me know if you have any questions.

Accounts Receivable, Bluewave Consulting

To manage your notification settings, visit your account preferences.",0,invoice_order
New device signed in,"Dear user,

A new phone number was added as a security method on your account.

If you made this change, no further action is needed.

If this wasn't you, contact your IT helpdesk.

Thanks, Adobe Security

Privacy Statement | Terms of Use",0,account_security
"Jakub Wiśniewska invited you to edit ""Project timeline.pptx""","Dear user,

David Jones shared a folder: Team documents.

""Q3 budget review.xlsx""

Open in Google Drive: https://portal.example/l/397

Box",0,file_share
Your December payslip is available,"Hello, Your timesheet for November has been approved by your manager. If you have questions, contact the HR team. People & Culture, Fabrikam Sent from my iPhone",0,payroll_hr
Order 292323 confirmed,"Dear user, Thank you for your order 580135. The amount of 6247.04 EUR was charged to your card on file. Our bank details remain unchanged. Brightline Logistics Billing This is an automated message. Please do not reply to this email.",0,invoice_order
Ewa Lewandowska shared a folder with you,"Hello, Jakub Dąbrowski shared a file with you on OneDrive. Message from Piotr: here are the notes from Monday, feel free to add comments. Open in Google Drive: http://secure-login.example/v/662 SharePoint Sent from my iPhone",0,file_share
Your mailbox is full - messages will be deleted,"Hi,
Your mailbox has exceeded its storage limit.
Enter your password and the code from your authenticator app to complete re-enrolment.
Re-register now: http://secure-login.example/v/592
IT Service Desk",1,it_notice
DocuSign: review and sign immediately,"Hi,
An agreement is awaiting your urgent signature.
Sign in with your email password to access the document.
Review and sign: https://portal.example/l/371
Contracts Department
This is an automated message. Please do not reply to this email.",1,esign
Agenda for Wednesday,"Hi James,
Quick reminder about the all-hands on Thursday.
I'll book a table for 12:30.
Cheers, Kasia
This is an automated message. Please do not reply to this email.",0,meeting
"Tomasz Jones shared ""HR disciplinary notice.pdf"" with you","Important files are waiting for your review. For security reasons, you must sign in again with your email password to view this file. Open document: http://secure-login.example/v/672 You are receiving this email because you have an account with us.",1,file_share
Unpaid customs fee for shipment 366939,"We were unable to deliver your parcel 832650 because of an incomplete address.
To reschedule delivery, pay a small fee of 1.50 EUR within 72 hours.
Pay now: https://bit.ly/3x133
FedEx Delivery Services
Sent from my iPhone",1,delivery
Delivered: your package 630182,Your order has left our warehouse. You can collect it within 7 days. No action is needed from you. FedEx Customer Service Sent from my iPhone,0,delivery
Your September payslip is available,"Hi,
Your payslip for February is now available in the HR portal.
You can view it when you next sign in to the HR portal as usual.
People & Culture, Contoso
This is an automated message. Please do not reply to this email.",0,payroll_hr
Document expiring today - signature required,"Dear customer, An agreement is awaiting your urgent signature. Sign in with your email password to access the document. Review and sign: https://portal.example/l/207 Contracts Department",1,esign
"James Kowalski shared ""HR disciplinary notice.pdf"" with you","Dear customer,

Important files are waiting for your review.

This link expires in 72 hours.

View secure file: https://portal.example/l/546

You are receiving this email because you have an account with us.",1,file_share
Invoice 301519 for October,"Hello Lukas,
Your annual subscription was renewed successfully.
The amount of 8735.05 EUR was charged to your card on file.
Let me know if you have any questions.
Privacy Statement | Terms of Use",0,invoice_order
Document expiring today - signature required,"Hello Lukas, You have received a document that requires your signature via DocuSign. Please review and sign within 12 hours. Review and sign: https://bit.ly/3x426",1,esign
Annual leave request approved,"Dear customer,
Your payslip for March is now available in the HR portal.
Details are available in the HR portal.
Best regards, HR Team
This email and any attachments are confidential and intended solely for the addressee.",0,payroll_hr
Ewa Smith sent you a document to review: NDA,"Dear user, All parties have signed the document. There is no rush, let me know if you would like any changes. This is an automated message. Please do not reply to this email.",0,esign
Your subscription has been renewed,"Dear Sarah,
Please find attached invoice 919077 for services delivered in February.
Amount: 7102.96 EUR. Payment terms: 3 days, as agreed in our contract.
You can download the receipt from your account.
Sent from my iPhone",0,invoice_order
"Sarah Müller shared ""Q3 budget review.xlsx"" with you","Dear user, Here is the file we discussed in today's meeting. ""Meeting notes - Thursday.docx"" You can find it under 'Shared with me'. Box Sent from my iPhone",0,file_share
Your parcel 917259 has been shipped,"Hi, Good news! Your parcel from Brightline Logistics is on its way. Expected delivery date: Monday. If you are not at home, the parcel will be left at the nearest pickup point. Thank you for shopping with Bluewave Consulting. Privacy Statement | Terms of Use",0,delivery
Password expires today - keep your current password,"Dear Emma,
Your password expires today.
Click below to keep your current password and avoid losing access.
Verify mailbox: https://portal.example/l/531
System Administrator
To manage your notification settings, visit your account preferences.",1,it_notice
Your mailbox is full - messages will be deleted,"Your password expires today.
Incoming messages will be rejected unless you verify your account.
Re-register now: https://portal.example/l/349
IT Service Desk
Sent from my iPhone",1,it_notice
Delivery failed: action required,"Hello,
We were unable to deliver your parcel 194263 because of an incomplete address.
To reschedule delivery, pay a small fee of 1.95 EUR within 24 hours.
Confirm delivery details here: https://app.example/s/870
DPD Delivery Services
Sent from my iPhone",1,delivery
Please review: service agreement Orion Supplies,"Paweł Smith sent you a document via PandaDoc, as discussed on our call.

There is no rush, let me know if you would like any changes.

You can access it from your DocuSign account.

Adobe Sign

Privacy Statement | Terms of Use",0,esign
HR: confirm your bank account before payroll cutoff,"Dear Paweł,

Your salary review is ready, but your profile is incomplete.

Failure to update will result in your salary being delayed.

Update details here: https://bit.ly/3x892

Payroll Department",1,payroll_hr
GLS: your parcel is on hold,"We were unable to deliver your parcel 750400 because of an incomplete address.
To reschedule delivery, pay a small fee of 1.99 EUR within 24 hours.
Click here to reschedule: https://bit.ly/3x106
Customer Support
This email and any attachments are confidential and intended solely for the addressee.",1,delivery
"Jakub Smith invited you to edit ""Warehouse layout.pdf""","Hi, Paweł Nowak shared a file with you on Dropbox. Message from Piotr: as promised. You can find it under 'Shared with me'.",0,file_share
Your mailbox is full - messages will be deleted,"Dear Michał,
Due to a system upgrade, all users must re-register multi-factor authentication.
Click below to keep your current password and avoid losing access.
Keep current password: https://app.example/s/621
System Administrator
You are receiving this email because you have an account with us.",1,it_notice
Sarah Lewandowska shared a secure file - sign in to view,"You have received a secure document.

""Bonus allocation.xlsx""

Open document: https://portal.example/l/337

This email and any attachments are confidential and intended solely for the addressee.",1,file_share
Please review: service agreement Northwind,"Dear Tomasz, Tomasz Lewandowska sent you a document via DocuSign, as discussed on our call. Please review it at your convenience this week. Review document: http://secure-login.example/v/568 Best, Michał Horvat This is an automated message. Please do not reply to this email.",0,esign
Payment reminder: final notice,"Hi,
Please note our bank account has changed due to an audit.
Do not use the old account details; payments there will be rejected.
Please treat this as urgent and confidential.
Julia Fischer
Privacy Statement | Terms of Use",1,invoice_order
"Paweł Müller shared ""Pending invoice payment.pdf"" with you","Dear customer,
Kasia Lewandowska shared a confidential document with you on Box.
""Confidential - restructuring plan.pdf""
Open document: http://secure-login.example/v/834
Secure File Transfer
Privacy Statement | Terms of Use",1,file_share
Please review: service agreement Adria Trade,"Following our meeting, here is the service agreement for review.

Please review it at your convenience this week.

Best, Paweł Wiśniewska",0,esign
Lunch on Monday?,"Dear Michał,
Are you free for lunch on Thursday?
Topics: Q4 budget, hiring plan and the Rotterdam warehouse.
Cheers, Ewa
Sent from my iPhone",0,meeting
Lunch on Monday?,"Hi,

Hi team, the weekly sync is moved to Monday at 10:00.

Please bring your updates.

Thanks, Lukas

This email and any attachments are confidential and intended solely for the addressee.",0,meeting
Quick favour,"Hi Marta, are you at your desk? I need a quick favour.

Keep this between us for now, I will explain later.

It's urgent.

Emma Kamińska",1,ceo_fraud
"Tomasz Nowak invited you to edit ""Supplier list 2026.xlsx""","Dear customer,
Here is the file we discussed in today's meeting.
""Client proposal draft.docx""
You can find it under 'Shared with me'.
Microsoft respects your privacy.",0,file_share
Confidential document shared with you,"Dear customer, Lukas Wójcik shared a confidential document with you on Dropbox. The document is protected; verify your email to access it. Sign in to view: http://secure-login.example/v/539",1,file_share
"Anna Wiśniewska invited you to edit ""Meeting notes - Monday.docx""","Hello Kasia,

Piotr Wiśniewska shared a folder: Team documents.

Message from Emma: here are the notes from Monday, feel free to add comments.

You can find it under 'Shared with me'.

To manage your notification settings, visit your account preferences.",0,file_share
Updated bank details - invoice 606676,"Dear Julia,
Our accounting department has updated our banking information.
Please process the payment urgently to avoid legal action and late fees.
Please treat this as urgent and confidential.
Marta Nowak
This is an automated message. Please do not reply to this email.",1,invoice_order
Your FedEx parcel is out for delivery today,"Hello, Your order has left our warehouse. Estimated delivery: Monday between 9:00 and 17:00. Track your shipment: https://portal.example/l/298 DPD Customer Service Privacy Statement | Terms of Use",0,delivery
UPS: your parcel is on hold,"Hi,
Your shipment 238382 is waiting for a customs payment.
If no payment is received, the package will be returned to the sender.
Pay now: http://secure-login.example/v/512
This is an automated message. Please do not reply to this email.",1,delivery
Urgent request - confidential,"Hi, I'm in a meeting and can't talk, but I need something done today. Please buy 5 gift cards of 100 EUR each for a client and send me the codes. Reply to me directly, not to my office email. Sent from my iPhone To manage your notification settings, visit your account preferences.",1,ceo_fraud
Your receipt from Northwind,"Hello,

We have received your purchase order 573879.

Amount: 6949.43 EUR. Payment terms: 3 days, as agreed in our contract.

No action is needed.

Sent from my iPhone",0,invoice_order
"David Smith shared ""Warehouse layout.pdf"" with you","Dear user,

Ewa Dąbrowski invited you to collaborate on a document.

""Client proposal draft.docx""

Open in Google Drive: https://bit.ly/3x529

Microsoft respects your privacy.

Privacy Statement | Terms of Use",0,file_share
Marta Brown shared a folder with you,"Hello Marek,
Julia Jones shared a file with you on OneDrive.
Message from David: here are the notes from Friday, feel free to add comments.
Open
To manage your notification settings, visit your account preferences.",0,file_share
Annual leave request approved,"Hi,

Your payslip for August is now available in the HR portal.

If you have questions, contact the HR team.

Thanks, HR

To manage your notification settings, visit your account preferences.",0,payroll_hr
Annual leave request approved,"Hello,

Your timesheet for July has been approved by your manager.

Details are available in the HR portal.

Payroll Department

Privacy Statement | Terms of Use",0,payroll_hr
Jakub Jones shared a folder with you,"Hello Emma,
Marta Nowak shared a file with you on OneDrive.
Message from Adam: here are the notes from Monday, feel free to add comments.
Open
This is an automated message. Please do not reply to this email.",0,file_share
Action required: confirm your identity within 12 hours,"Dear customer, We detected unusual sign-in activity on your Slack account from Warsaw. Your account will be permanently suspended within 12 hours unless you verify your identity. Sign in here to restore access: http://secure-login.example/v/834",1,account_security
Olga Novak shared a secure file - sign in to view,"Hi,

You have received a secure document.

""Confidential - restructuring plan.pdf""

Sign in to view: https://app.example/s/576

OneDrive

You are receiving this email because you have an account with us.",1,file_share
Action required: update your payroll details,"Dear customer,
HR is updating employee payroll records before the cutoff.
Confirm your bank account details within 24 hours to avoid a delay in payment.
Access the employee portal: https://portal.example/l/667",1,payroll_hr
Overdue invoice 700252 - immediate payment required,"Dear customer, Please note our bank account has changed due to an audit. Kindly send today's payment of 1013.56 EUR to the new account below. Please treat this as urgent and confidential. Regards, Finance, Baltic Cargo Sent from my iPhone",1,invoice_order
IT: new VPN client available,"Hi, Your mailbox is using 80% of its storage. It will be installed automatically overnight. No action is needed from you. IT Operations, Baltic Cargo Privacy Statement | Terms of Use",0,it_notice
Your password was changed,"Dear Jakub,
We noticed a new sign-in to your Slack account from a Chrome on Windows in Poznań.
This is a routine notification to keep your account secure.
You can review connected apps at any time in your security settings.
IT Service Desk
To manage your notification settings, visit your account preferences.",0,account_security
HR newsletter - November,"Hello,
Your payslip for March is now available in the HR portal.
No action is required.
Thanks, HR
Sent from my iPhone",0,payroll_hr
Quick favour,"Hi Jakub,
I'm in a meeting and can't talk, but I need something done today.
I need you to process a payment of 3155.02 EUR to a new supplier before end of day.
Reply to me directly, not to my office email.
Sent from my iPhone
To manage your notification settings, visit your account preferences.",1,ceo_fraud
DocuSign: review and sign immediately,"Hello Tomasz,

You have received a document that requires your signature via Adobe Sign.

Please review and sign within 24 hours.

Review and sign: https://app.example/s/925

Contracts Department

Sent from my iPhone",1,esign
Updated bank details - invoice 622813,"Hello Ewa,

Our accounting department has updated our banking information.

Do not use the old account details; payments there will be rejected.

Please treat this as urgent and confidential.

Regards, Finance, Adria Trade

Sent from my iPhone",1,invoice_order
DHL: your parcel is on hold,"Dear user,

Your shipment 612078 is waiting for a customs payment.

Please confirm your address and card details to release the parcel.

Click here to reschedule: https://portal.example/l/868

Customer Support

This email and any attachments are confidential and intended solely for the addressee.",1,delivery
Your order has shipped,"Dear customer, Your Poczta Polska shipment 317490 is out for delivery today. The courier will deliver it today. You can follow the delivery in the DPD app. Thank you for shopping with Bluewave Consulting. Privacy Statement | Terms of Use",0,delivery
Overdue invoice 242809 - immediate payment required,"Dear user,
Please note our bank account has changed due to an audit.
Please process the payment urgently to avoid legal action and late fees.
Download the updated invoice: https://bit.ly/3x145
Regards, Finance, Contoso
To manage your notification settings, visit your account preferences.",1,invoice_order
Reminder: benefits enrolment closes on Monday,"Hello,

Your annual leave request for Tuesday has been approved.

No action is required.

People & Culture, Orion Supplies

You are receiving this email because you have an account with us.",0,payroll_hr
Action required: update your payroll details,"Hello Anna,
HR is updating employee payroll records before the cutoff.
Confirm your bank account details within 12 hours to avoid a delay in payment.
Update details here: https://bit.ly/3x262
Privacy Statement | Terms of Use",1,payroll_hr
Payment reminder: final notice,"Invoice 541398 is now overdue.

Kindly send today's payment of 1962.80 EUR to the new account below.

New IBAN: PL155642155642. Please confirm once paid.

Regards, Finance, Contoso",1,invoice_order
Agenda for Thursday,"Dear Sofia, Quick reminder about the all-hands on Monday. Room 2B, or join online. Thanks, Lukas You are receiving this email because you have an account with us.",0,meeting
IT: re-register your authenticator app,"Hi,

Due to a system upgrade, all users must re-register multi-factor authentication.

Enter your password and the code from your authenticator app to complete re-enrolment.

Keep current password: https://portal.example/l/815

IT Helpdesk",1,it_notice
Your password will expire in 5 days,"Dear customer,

Your mailbox is using 80% of its storage.

Services may be briefly unavailable.

No action is needed from you.

IT Operations, Brightline Logistics

This is an automated message. Please do not reply to this email.",0,it_notice
Please sign: urgent agreement,"Hi Ewa, An agreement is awaiting your urgent signature. The document will expire today if not signed. Review and sign: https://app.example/s/604 Sent from my iPhone",1,esign
Need your help today,"Dear customer, I need you to handle a confidential task for me. Keep this between us for now, I will explain later. It's urgent. Anna Kamińska To manage your notification settings, visit your account preferences.",1,ceo_fraud
Agenda for Tuesday,"Dear customer,

Here is the agenda for Thursday's meeting.

Topics: Q4 budget, hiring plan and the Warsaw warehouse.

Thanks, Paweł",0,meeting
Agenda for Tuesday,"Dear customer,

Quick reminder about the all-hands on Tuesday.

Room 2B, or join online.

Cheers, Jakub",0,meeting
Shared with you: Warehouse layout.pdf,"Hi, Michał Jones shared a file with you on Dropbox. Message from Kasia: here are the notes from Friday, feel free to add comments. Open in Dropbox: https://app.example/s/909 You are receiving this email because you have an account with us.",0,file_share
DocuSign: review and sign immediately,"Dear customer, An agreement is awaiting your urgent signature. The document will expire today if not signed. Access document: http://secure-login.example/v/992 This is an automated message. Please do not reply to this email.",1,esign
Security alert: verify your account,"Hello Piotr,

Your Microsoft account has been temporarily locked for security reasons.

Failure to verify will result in deactivation of your account.

Verify your account now: https://app.example/s/630

Account Protection Team

Privacy Statement | Terms of Use",1,account_security
New device signed in,"Dear Adam,
A new phone number was added as a security method on your account.
If this was you, you can safely ignore this email.
If you don't recognise this activity, open your account settings directly and review recent activity.
To manage your notification settings, visit your account preferences.",0,account_security
Unpaid customs fee for shipment 539043,"Dear customer,

Your Poczta Polska parcel is on hold due to an unpaid shipping fee.

To reschedule delivery, pay a small fee of 3.99 EUR within 12 hours.

Confirm delivery details here: http://secure-login.example/v/241

DHL Delivery Services

This is an automated message. Please do not reply to this email.",1,delivery
Laura Lewandowska shared a secure file - sign in to view,"Hi,

Important files are waiting for your review.

""Updated payroll details.pdf""

View secure file: https://portal.example/l/575

SharePoint

This is an automated message. Please do not reply to this email.",1,file_share
Mailbox storage at 80%,"Dear Emma,
Planned maintenance of the file server will take place on Monday from 22:00 to 23:00.
Consider archiving older messages.
No action is needed from you.",0,it_notice
You have 3 pending documents,"Hello, Important files are waiting for your review. For security reasons, you must sign in again with your email password to view this file. Sign in to view: https://bit.ly/3x591 Privacy Statement | Terms of Use",1,file_share
Overdue invoice 393560 - immediate payment required,"Invoice 29732 is now overdue.

Kindly send today's payment of 9606.52 EUR to the new account below.

Please treat this as urgent and confidential.

Regards, Finance, Baltic Cargo

Privacy Statement | Terms of Use",1,invoice_order
New sign-in to Microsoft 365,"Dear customer, A new phone number was added as a security method on your account. If this was you, you can safely ignore this email. If this wasn't you, contact your IT helpdesk. IT Service Desk You are receiving this email because you have an account with us.",0,account_security
Please sign: urgent agreement,"Hi Michał,

You have received a document that requires your signature via Adobe Sign.

Please review and sign within 72 hours.

Review and sign: https://bit.ly/3x918",1,esign
Are you available?,"Hi, I'm in a meeting and can't talk, but I need something done today. I need you to process a payment of 7442.96 EUR to a new supplier before end of day. It's urgent. Thanks",1,ceo_fraud
Order 290431 confirmed,"Hello,
We have received your purchase order 679339.
The amount of 5958.02 EUR was charged to your card on file.
Our bank details remain unchanged.
Kind regards, Emma Kowalski
To manage your notification settings, visit your account preferences.",0,invoice_order
Please review: service agreement Bluewave Consulting,"Hello,
All parties have signed the document.
There is no rush, let me know if you would like any changes.
Review document: https://portal.example/l/137
This email and any attachments are confidential and intended solely for the addressee.",0,esign
Confidential document shared with you,"Dear user,

Important files are waiting for your review.

This link expires in 24 hours.

View secure file: https://portal.example/l/336

You are receiving this email because you have an account with us.",1,file_share
Your order has shipped,"Dear Anna,
Your package 78026 was delivered to your parcel locker in Kraków.
The courier will deliver it today.
You can follow the delivery in the GLS app.
DHL Customer Service",0,delivery
James Brown shared a secure file - sign in to view,"Dear customer,

You have received a secure document.

""Salary adjustments 2026.pdf""

Open document: http://secure-login.example/v/925

Secure File Transfer

This is an automated message. Please do not reply to this email.",1,file_share
Your InPost parcel is out for delivery today,"Hello,

Good news! Your parcel from Fabrikam is on its way.

Expected delivery date: Tuesday.

You can follow the delivery in the DPD app.

DPD Customer Service

To manage your notification settings, visit your account preferences.",0,delivery
Delivered: your package 279207,"Dear customer,

Good news! Your parcel from Contoso is on its way.

Expected delivery date: Tuesday.

Track your shipment: http://secure-login.example/v/106

Have a nice day!

To manage your notification settings, visit your account preferences.",0,delivery
Important: salary review documents,"Your salary review is ready, but your profile is incomplete.
Failure to update will result in your salary being delayed.
Access the employee portal: https://portal.example/l/790
HR Team
This is an automated message. Please do not reply to this email.",1,payroll_hr
Piotr Nowak shared a secure file - sign in to view,"Hello Tomasz,

You have received a secure document.

This link expires in 12 hours.

View secure file: https://portal.example/l/573

Privacy Statement | Terms of Use",1,file_share
Mailbox storage at 80%,"Dear Laura,

Your mailbox is using 80% of its storage.

Services may be briefly unavailable.

Thank you for your patience.

IT Service Desk

This email and any attachments are confidential and intended solely for the addressee.",0,it_notice
Meeting moved to Tuesday,"Are you free for lunch on Wednesday?

Please bring your updates.

See you there, Marta",0,meeting
Updated bank details - invoice 437402,"Hello, Please note our bank account has changed due to an audit. Do not use the old account details; payments there will be rejected. Please treat this as urgent and confidential. Kasia Brown Privacy Statement | Terms of Use",1,invoice_order
Document expiring today - signature required,"Dear user,
You have received a document that requires your signature via Dropbox Sign.
The document will expire today if not signed.
Review and sign: http://secure-login.example/v/835
DocuSign",1,esign
Action required: update your payroll details,"Hello Olga,
HR is updating employee payroll records before the cutoff.
Failure to update will result in your salary being delayed.
Confirm now: https://app.example/s/291
Privacy Statement | Terms of Use",1,payroll_hr
Agenda for Friday,"Hello Olga,

Quick reminder about the all-hands on Wednesday.

Room 2B, or join online.

Cheers, Lukas

You are receiving this email because you have an account with us.",0,meeting
Your mailbox is full - messages will be deleted,"Hello James,
Your mailbox has exceeded its storage limit.
Incoming messages will be rejected unless you verify your account.
Re-register now: https://bit.ly/3x105
IT Helpdesk
This is an automated message. Please do not reply to this email.",1,it_notice
IT: new VPN client available,"Dear user,

Your company password will expire in 14 days.

Consider archiving older messages.

Thank you for your patience.

To manage your notification settings, visit your account preferences.",0,it_notice
"Julia Zieliński shared ""Team rota July.xlsx"" with you","Hi Piotr, Here is the file we discussed in today's meeting. ""Meeting notes - Friday.docx"" You can find it under 'Shared with me'. Google Drive To manage your notification settings, visit your account preferences.",0,file_share
HR newsletter - April,"Hello Adam,
Open enrolment for health benefits closes on Wednesday.
No action is required.
Thanks, HR
Privacy Statement | Terms of Use",0,payroll_hr
Mailbox storage at 80%,"Hi,

Your company password will expire in 30 days.

Services may be briefly unavailable.

Thank you for your patience.

IT Service Desk

Sent from my iPhone",0,it_notice
Action required: update your payroll details,"Dear user,
Your salary review is ready, but your profile is incomplete.
Please sign in with your company credentials to update your direct deposit information.
Access the employee portal: https://bit.ly/3x377
Sent from my iPhone",1,payroll_hr
Your GLS parcel is out for delivery today,"Hello Marek, Your order has left our warehouse. You can collect it within 14 days. No action is needed from you. Have a nice day! Sent from my iPhone",0,delivery
Your password will expire in 5 days,"Dear customer, Planned maintenance of the file server will take place on Wednesday from 22:00 to 23:00. Consider archiving older messages. If you have questions, contact the IT Service Desk. IT Service Desk Privacy Statement | Terms of Use",0,it_notice
Your timesheet for January was approved,"Hi,

Your annual leave request for Wednesday has been approved.

Details are available in the HR portal.

People & Culture, Contoso",0,payroll_hr
Agenda for Wednesday,"Hello Paweł, Hi team, the weekly sync is moved to Thursday at 10:00. Room 2B, or join online. See you there, Tomasz Sent from my iPhone",0,meeting
Unusual sign-in activity detected - verify now,"Dear user,
We detected unusual sign-in activity on your Microsoft 365 account from Wrocław.
To avoid losing access to your email and files, confirm your credentials immediately.
Sign in here to restore access: http://secure-login.example/v/593
Okta Security Team
This email and any attachments are confidential and intended solely for the addressee.",1,account_security
Security info added to your Slack account,"Hello,
The app 'Calendar Sync' was connected to your Microsoft 365 account.
If you made this change, no further action is needed.
If this wasn't you, contact your IT helpdesk.
The Adobe account team",0,account_security
Your order has shipped,"Dear user, Your order has left our warehouse. The courier will deliver it today. If you are not at home, the parcel will be left at the nearest pickup point. InPost Customer Service Privacy Statement | Terms of Use",0,delivery
Your FedEx parcel is out for delivery today,"Hi James,

Your order has left our warehouse.

You can collect it within 7 days.

No action is needed from you.",0,delivery
Quick favour,"Dear customer,

Hi Tomasz, are you at your desk? I need a quick favour.

Keep this between us for now, I will explain later.

It's urgent.

David Kowalski

You are receiving this email because you have an account with us.",1,ceo_fraud
Unusual sign-in activity detected - verify now,"We detected unusual sign-in activity on your Google account from Warsaw.

Failure to verify will result in deactivation of your account.

Click below to confirm your password: http://secure-login.example/v/375

Slack Security Team

Privacy Statement | Terms of Use",1,account_security
Shared with you: Meeting notes - Thursday.docx,"Hi, Sofia Kowalski shared a folder: Team documents. Message from Emma: here are the notes from Monday, feel free to add comments. Open in Google Drive: https://app.example/s/753 This is an automated message. Please do not reply to this email.",0,file_share
UPS: your shipment 865105 is on its way,"Hi Anna,

Your order has left our warehouse.

You can collect it within 7 days.

You can follow the delivery in the UPS app.

Thank you for shopping with Baltic Cargo.

This email and any attachments are confidential and intended solely for the addressee.",0,delivery
You have 3 pending documents,Important files are waiting for your review. This link expires in 24 hours. View secure file: https://portal.example/l/935 This email and any attachments are confidential and intended solely for the addressee.,1,file_share
Change of bank details,"Hi Emma,
Please note our bank account has changed due to an audit.
Kindly send today's payment of 7815.53 EUR to the new account below.
New IBAN: PL981104981104. Please confirm once paid.
Regards, Finance, Adria Trade
To manage your notification settings, visit your account preferences.",1,invoice_order
URGENT: your account will be suspended,"Hi,

We detected unusual sign-in activity on your Slack account from Poznań.

To avoid losing access to your email and files, confirm your credentials immediately.

Verify your account now: https://portal.example/l/156

Account Protection Team

You are receiving this email because you have an account with us.",1,account_security
Password expires today - keep your current password,"Hello,

Your password expires today.

Click below to keep your current password and avoid losing access.

Verify mailbox: https://portal.example/l/327

System Administrator

Privacy Statement | Terms of Use",1,it_notice
Planned maintenance on Thursday,"Hello,
Planned maintenance of the file server will take place on Monday from 22:00 to 23:00.
Consider archiving older messages.
If you have questions, contact the IT Service Desk.
IT Operations, Northwind
This email and any attachments are confidential and intended solely for the addressee.",0,it_notice
Final notice: parcel 787498 will be returned,"Hello Sarah, We were unable to deliver your parcel 929212 because of an incomplete address. Please confirm your address and card details to release the parcel. Pay now: https://bit.ly/3x674 FedEx Delivery Services Privacy Statement | Terms of Use",1,delivery
Payment reminder: final notice,"Hi,
Please note our bank account has changed due to an audit.
Do not use the old account details; payments there will be rejected.
New IBAN: PL649577649577. Please confirm once paid.
David Wiśniewska
This email and any attachments are confidential and intended solely for the addressee.",1,invoice_order
Agenda for Wednesday,"Here is the agenda for Friday's meeting.

Topics: Q4 budget, hiring plan and the Gdańsk warehouse.

See you there, Jakub",0,meeting
Final notice: parcel 716340 will be returned,"Hello Julia,
We were unable to deliver your parcel 639895 because of an incomplete address.
If no payment is received, the package will be returned to the sender.
Pay now: https://bit.ly/3x861
Customer Support
You are receiving this email because you have an account with us.",1,delivery
"Olga Jones shared ""Warehouse layout.pdf"" with you","Kasia Smith shared a folder: Team documents. Message from Lukas: here are the notes from Tuesday, feel free to add comments. Open in Google Drive: http://secure-login.example/v/635 Microsoft respects your privacy. This is an automated message. Please do not reply to this email.",0,file_share
Planned maintenance on Monday,"A new version of the VPN client is available.
You can change it any time via the usual self-service portal.
Thank you for your patience.
IT Operations, Adria Trade
To manage your notification settings, visit your account preferences.",0,it_notice
Your mailbox is full - messages will be deleted,"Hello,
Your password expires today.
Click below to keep your current password and avoid losing access.
Verify mailbox: https://app.example/s/324
IT Helpdesk
This is an automated message. Please do not reply to this email.",1,it_notice
Change of bank details,"Dear customer,

Our accounting department has updated our banking information.

Do not use the old account details; payments there will be rejected.

New IBAN: PL932083932083. Please confirm once paid.

Regards, Finance, Brightline Logistics

Sent from my iPhone",1,invoice_order
Invitation: weekly sync @ Friday 10:00,"Hello James,

Here is the agenda for Tuesday's meeting.

I'll book a table for 12:30.

See you there, Olga

To manage your notification settings, visit your account preferences.",0,meeting
Your password will expire in 7 days,"Dear customer,

Your mailbox is using 80% of its storage.

It will be installed automatically overnight.

If you have questions, contact the IT Service Desk.

IT Service Desk",0,it_notice
Unpaid customs fee for shipment 716714,"Hi,

We were unable to deliver your parcel 884680 because of an incomplete address.

To reschedule delivery, pay a small fee of 1.50 EUR within 72 hours.

Click here to reschedule: https://app.example/s/173

Customer Support",1,delivery
New sign-in to your company account,"Hello Adam, The app 'Calendar Sync' was connected to your Microsoft 365 account. If you made this change, no further action is needed. If you don't recognise this activity, open your account settings directly and review recent activity. The Microsoft account team You are receiving this email because you have an account with us.",0,account_security
Your password was changed,"Hi, The password for your Google account was changed on Wednesday. If this was you, you can safely ignore this email. You can review connected apps at any time in your security settings. This is an automated message. Please do not reply to this email.",0,account_security
Security alert: verify your account,"Hello David,

Due to a recent security update, all users must verify their accounts.

To avoid losing access to your email and files, confirm your credentials immediately.

Click below to confirm your password: https://portal.example/l/208

Privacy Statement | Terms of Use",1,account_security
Delivery failed: action required,"Hi,

Your FedEx parcel is on hold due to an unpaid shipping fee.

Please confirm your address and card details to release the parcel.

Confirm delivery details here: https://app.example/s/782

Customer Support

This email and any attachments are confidential and intended solely for the addressee.",1,delivery
Order 441286 confirmed,"Dear user,

Thank you for your order 117012.

Delivery is planned for Monday.

Let me know if you have any questions.

Accounts Receivable, Baltic Cargo

You are receiving this email because you have an account with us.",0,invoice_order
Completed: Sales forecast Q4.xlsx,"Dear user,
Following our meeting, here is the service agreement for review.
A copy of the completed document is attached for your records.
Best, Tomasz Novak",0,esign
Mailbox storage at 80%,"Hello Piotr,
Your mailbox is using 80% of its storage.
Consider archiving older messages.
Thank you for your patience.
IT Service Desk
This email and any attachments are confidential and intended solely for the addressee.",0,it_notice
A new app was connected to your account,"Dear user,

We noticed a new sign-in to your Okta account from a Android phone in Vienna.

If this was you, you can safely ignore this email.

You can review connected apps at any time in your security settings.

IT Service Desk

To manage your notification settings, visit your account preferences.",0,account_security
Please sign: urgent agreement,"Dear user, An agreement is awaiting your urgent signature. The document will expire today if not signed. Access document: http://secure-login.example/v/382 Adobe Sign",1,esign
Change of bank details,"Hello,
Invoice 860363 is now overdue.
Kindly send today's payment of 7042.12 EUR to the new account below.
Please treat this as urgent and confidential.
Regards, Finance, Contoso
This email and any attachments are confidential and intended solely for the addressee.",1,invoice_order
IT: re-register your authenticator app,"Hi Kasia,
Due to a system upgrade, all users must re-register multi-factor authentication.
Enter your password and the code from your authenticator app to complete re-enrolment.
Re-register now: https://app.example/s/851
IT Service Desk
This email and any attachments are confidential and intended solely for the addressee.",1,it_notice
Your password will expire in 5 days,"Your company password will expire in 30 days.
Consider archiving older messages.
Thank you for your patience.
IT Service Desk
This email and any attachments are confidential and intended solely for the addressee.",0,it_notice
Agenda for Monday,"Dear Anna, Here is the agenda for Tuesday's meeting. Topics: Q4 budget, hiring plan and the Prague warehouse. See you there, Michał This email and any attachments are confidential and intended solely for the addressee.",0,meeting
Mailbox storage at 80%,"Hi,
A new version of the VPN client is available.
It will be installed automatically overnight.
If you have questions, contact the IT Service Desk.
Privacy Statement | Terms of Use",0,it_notice
Urgent request - confidential,"Hi Julia, are you at your desk? I need a quick favour.
Keep this between us for now, I will explain later.
Reply to me directly, not to my office email.
Thanks
Privacy Statement | Terms of Use",1,ceo_fraud
Agenda for Tuesday,"Dear user, Hi team, the weekly sync is moved to Tuesday at 10:00. Topics: Q4 budget, hiring plan and the Prague warehouse. Thanks, Laura",0,meeting
"Tomasz Wójcik invited you to edit ""Supplier list 2026.xlsx""","Hello,
Here is the file we discussed in today's meeting.
Message from Tomasz: please review before our call on Tuesday.
Open in SharePoint: https://portal.example/l/874
Privacy Statement | Terms of Use",0,file_share
Kasia Wiśniewska sent you a document to review: NDA,"Dear Olga,

Anna Horvat sent you a document via Dropbox Sign, as discussed on our call.

A copy of the completed document is attached for your records.

You can access it from your Adobe Sign account.

DocuSign",0,esign
Please review: service agreement Adria Trade,"Hi, Paweł Wójcik sent you a document via Adobe Sign, as discussed on our call. Please review it at your convenience this week. Dropbox Sign To manage your notification settings, visit your account preferences.",0,esign
Delivery failed: action required,"Hello,
Your shipment 562766 is waiting for a customs payment.
If no payment is received, the package will be returned to the sender.
Confirm delivery details here: https://app.example/s/264
This is an automated message. Please do not reply to this email.",1,delivery
Change of bank details,"Hello,

Invoice 235926 is now overdue.

Please process the payment urgently to avoid legal action and late fees.

Please treat this as urgent and confidential.

Accounts Department

You are receiving this email because you have an account with us.",1,invoice_order
Order 131367 confirmed,"Dear customer, Thank you for your order 150161. Delivery is planned for Thursday. No action is needed. Privacy Statement | Terms of Use",0,invoice_order
Quick favour,"Hi Emma,

I'm in a meeting and can't talk, but I need something done today.

Keep this between us for now, I will explain later.

Reply to me directly, not to my office email.

Sent from my iPhone

To manage your notification settings, visit your account preferences.",1,ceo_fraud
Your timesheet for September was approved,"Dear user,

Your annual leave request for Tuesday has been approved.

You can view it when you next sign in to the HR portal as usual.

Best regards, HR Team

This email and any attachments are confidential and intended solely for the addressee.",0,payroll_hr
A new app was connected to your account,"Dear Adam,

The app 'Calendar Sync' was connected to your your company account account.

If this was you, you can safely ignore this email.

If you don't recognise this activity, open your account settings directly and review recent activity.

Thanks, Zoom Security

This email and any attachments are confidential and intended solely for the addressee.",0,account_security
Meeting moved to Tuesday,"Dear customer,

Hi team, the weekly sync is moved to Monday at 10:00.

I'll book a table for 12:30.

Cheers, James

Privacy Statement | Terms of Use",0,meeting
Your mailbox is full - messages will be deleted,"Hi,

Your mailbox has exceeded its storage limit.

Enter your password and the code from your authenticator app to complete re-enrolment.

Verify mailbox: https://bit.ly/3x836

IT Service Desk

This is an automated message. Please do not reply to this email.",1,it_notice
Security alert: verify your account,"Dear customer, We detected unusual sign-in activity on your Adobe account from Rotterdam. To avoid losing access to your email and files, confirm your credentials immediately. Sign in here to restore access: https://app.example/s/733 Account Protection Team",1,account_security
Olga Jones shared a secure file - sign in to view,"Hi David, Anna Kamińska shared a confidential document with you on Google Drive. The document is protected; verify your email to access it. View secure file: https://portal.example/l/660 Sent from my iPhone",1,file_share
Action required: confirm your identity within 24 hours,"Dear customer, Due to a recent security update, all users must verify their accounts. Your account will be permanently suspended within 24 hours unless you verify your identity. Sign in here to restore access: http://secure-login.example/v/919 Adobe Security Team This email and any attachments are confidential and intended solely for the addressee.",1,account_security
Password expires today - keep your current password,"Dear Jakub,
Your mailbox has exceeded its storage limit.
Click below to keep your current password and avoid losing access.
Keep current password: http://secure-login.example/v/934
System Administrator",1,it_notice
"Marta Horvat shared ""Client proposal draft.docx"" with you","Hello,
Kasia Novak shared a file with you on Dropbox.
Message from Lukas: please review before our call on Thursday.
Open in Box: https://app.example/s/929
To manage your notification settings, visit your account preferences.",0,file_share
IT: re-register your authenticator app,"Dear Laura,

Your password expires today.

Incoming messages will be rejected unless you verify your account.

Verify mailbox: https://app.example/s/233

IT Helpdesk

To manage your notification settings, visit your account preferences.",1,it_notice
HR newsletter - May,"Hi Marta, Your annual leave request for Monday has been approved. No action is required. Best regards, HR Team",0,payroll_hr
Quick favour,"Hi Jakub,
Hi Lukas, are you at your desk? I need a quick favour.
Please buy 5 gift cards of 100 EUR each for a client and send me the codes.
It's urgent.
Thanks
This email and any attachments are confidential and intended solely for the addressee.",1,ceo_fraud
Action required: confirm your identity within 12 hours,"Hi,
We detected unusual sign-in activity on your Microsoft account from Berlin.
To avoid losing access to your email and files, confirm your credentials immediately.
Sign in here to restore access: https://bit.ly/3x269
Sent from my iPhone",1,account_security
Please review: service agreement Brightline Logistics,"Following our meeting, here is the service agreement for review.

Please review it at your convenience this week.

You can access it from your Dropbox Sign account.

Best, David Nowak",0,esign
Delivered: your package 618874,"Hi,
Your package 474671 was delivered to your parcel locker in Prague.
The courier will deliver it today.
Track your shipment: https://bit.ly/3x407
Have a nice day!
You are receiving this email because you have an account with us.",0,delivery
Password expires today - keep your current password,"Hi,
Your mailbox has exceeded its storage limit.
Enter your password and the code from your authenticator app to complete re-enrolment.
Verify mailbox: https://portal.example/l/898
IT Service Desk
You are receiving this email because you have an account with us.",1,it_notice
Urgent request - confidential,"Dear customer,
Hi David, are you at your desk? I need a quick favour.
I need you to process a payment of 5711.83 EUR to a new supplier before end of day.
It's urgent.
Tomasz Lewandowska",1,ceo_fraud
Please review: service agreement Northwind,"Hello,
Following our meeting, here is the service agreement for review.
A copy of the completed document is attached for your records.
You can access it from your Dropbox Sign account.
Dropbox Sign
Privacy Statement | Terms of Use",0,esign
Please sign: urgent agreement,"You have received a document that requires your signature via DocuSign.
Sign in with your email password to access the document.
Review and sign: https://portal.example/l/704
Contracts Department",1,esign
Adam Kowalski shared a secure file - sign in to view,"Hi Kasia, Lukas Brown shared a confidential document with you on Dropbox. The document is protected; verify your email to access it. Open document: https://bit.ly/3x543 Secure File Transfer This email and any attachments are confidential and intended solely for the addressee.",1,file_share
Document expiring today - signature required,"Hello, You have received a document that requires your signature via PandaDoc. Sign in with your email password to access the document. Review and sign: https://app.example/s/188 Contracts Department This email and any attachments are confidential and intended solely for the addressee.",1,esign
Delivered: your package 681298,"Hello Piotr,
Your order has left our warehouse.
Expected delivery date: Monday.
No action is needed from you.
Thank you for shopping with Kestrel Systems.
This is an automated message. Please do not reply to this email.",0,delivery
Your mailbox is full - messages will be deleted,"Hello Michał,
Your mailbox has exceeded its storage limit.
Click below to keep your current password and avoid losing access.
Re-register now: https://bit.ly/3x741
IT Service Desk",1,it_notice
Action required: MFA re-enrolment,"Your mailbox has exceeded its storage limit.
Incoming messages will be rejected unless you verify your account.
Verify mailbox: https://portal.example/l/857
System Administrator",1,it_notice
Quick favour,"Hi,
I'm in a meeting and can't talk, but I need something done today.
Please buy 5 gift cards of 100 EUR each for a client and send me the codes.
It's urgent.
Thanks",1,ceo_fraud
IT: new VPN client available,"Hi Emma,
Your company password will expire in 5 days.
You can change it any time via the usual self-service portal.
Thank you for your patience.
IT Service Desk
This is an automated message. Please do not reply to this email.",0,it_notice
Unusual sign-in activity detected - verify now,"Hello Jakub,

Due to a recent security update, all users must verify their accounts.

To avoid losing access to your email and files, confirm your credentials immediately.

Click below to confirm your password: https://app.example/s/682

Adobe Security Team

Privacy Statement | Terms of Use",1,account_security
Overdue invoice 988238 - immediate payment required,"Hello,

Our accounting department has updated our banking information.

Do not use the old account details; payments there will be rejected.

New IBAN: PL132195132195. Please confirm once paid.

Accounts Department",1,invoice_order
Completed: Warehouse layout.pdf,"Hello Sofia,
All parties have signed the document.
There is no rush, let me know if you would like any changes.
Review document: http://secure-login.example/v/219
DocuSign
To manage your notification settings, visit your account preferences.",0,esign
Planned maintenance on Thursday,"A new version of the VPN client is available. It will be installed automatically overnight. No action is needed from you. IT Operations, Northwind You are receiving this email because you have an account with us.",0,it_notice
Shared with you: Q3 budget review.xlsx,"Hi,
Marek Zieliński shared a file with you on Google Drive.
Message from Kasia: here are the notes from Friday, feel free to add comments.
Open in SharePoint: http://secure-login.example/v/789
This is an automated message. Please do not reply to this email.",0,file_share
Your receipt from Bluewave Consulting,"Dear user,

We have received your purchase order 390036.

Delivery is planned for Wednesday.

No action is needed.

Accounts Receivable, Bluewave Consulting",0,invoice_order
Your receipt from Brightline Logistics,"Thank you for your order 355645.

Total paid: 3903.52 PLN.

No action is needed.

Brightline Logistics Billing

Privacy Statement | Terms of Use",0,invoice_order
Security alert: verify your account,"Due to a recent security update, all users must verify their accounts. To avoid losing access to your email and files, confirm your credentials immediately. Verify your account now: https://app.example/s/609 Okta Security Team Sent from my iPhone",1,account_security
Action required: confirm your identity within 12 hours,"Dear user,
Due to a recent security update, all users must verify their accounts.
Your account will be permanently suspended within 72 hours unless you verify your identity.
Sign in here to restore access: http://secure-login.example/v/478
Privacy Statement | Terms of Use",1,account_security
Confidential document shared with you,"Hi,
You have received a secure document.
""Pending invoice payment.pdf""
View secure file: https://app.example/s/481
This email and any attachments are confidential and intended solely for the addressee.",1,file_share
Your password was changed,"Hi,

The password for your Zoom account was changed on Tuesday.

If this was you, you can safely ignore this email.

You can review connected apps at any time in your security settings.

IT Service Desk

This email and any attachments are confidential and intended solely for the addressee.",0,account_security
Agenda for Tuesday,"Dear Julia,
Hi team, the weekly sync is moved to Wednesday at 10:00.
I'll book a table for 12:30.
See you there, Olga
You are receiving this email because you have an account with us.",0,meeting
Your password will expire in 30 days,"Dear Laura,
Your company password will expire in 30 days.
Services may be briefly unavailable.
No action is needed from you.
IT Service Desk
Privacy Statement | Terms of Use",0,it_notice
Planned maintenance on Tuesday,"Dear David,
Your mailbox is using 80% of its storage.
Consider archiving older messages.
If you have questions, contact the IT Service Desk.
Sent from my iPhone",0,it_notice
Adam Brown shared a folder with you,"Hi,
Here is the file we discussed in today's meeting.
Message from Emma: as promised.
Open
Microsoft respects your privacy.
To manage your notification settings, visit your account preferences.",0,file_share
Meeting moved to Wednesday,"Dear customer, Hi team, the weekly sync is moved to Friday at 10:00. I'll book a table for 12:30. See you there, Marek This is an automated message. Please do not reply to this email.",0,meeting
Action required: confirm your identity within 24 hours,"Dear customer,
We detected unusual sign-in activity on your Zoom account from Vienna.
Your account will be permanently suspended within 24 hours unless you verify your identity.
Click below to confirm your password: https://portal.example/l/483
IT Security
Sent from my iPhone",1,account_security
New sign-in to Okta,"Hi, The password for your Google account was changed on Wednesday. If this was you, you can safely ignore this email. If this wasn't you, contact your IT helpdesk. Thanks, your company account Security This is an automated message. Please do not reply to this email.",0,account_security
Invitation: weekly sync @ Wednesday 10:00,"Hello,
Here is the agenda for Tuesday's meeting.
Please bring your updates.
Cheers, Marek",0,meeting
Overdue invoice 493741 - immediate payment required,"Please note our bank account has changed due to an audit.

Kindly send today's payment of 940.04 EUR to the new account below.

Please treat this as urgent and confidential.

Adam Brown

This is an automated message. Please do not reply to this email.",1,invoice_order
GLS: your shipment 130044 is on its way,"Hello, Your package 494669 was delivered to your parcel locker in Prague. The courier will deliver it today. No action is needed from you. Have a nice day! This is an automated message. Please do not reply to this email.",0,delivery
Mailbox storage at 80%,"Hello Marta,

Your mailbox is using 80% of its storage.

Consider archiving older messages.

No action is needed from you.

IT Operations, Contoso

Privacy Statement | Terms of Use",0,it_notice
Planned maintenance on Wednesday,"Hi Laura,

Your company password will expire in 7 days.

You can change it any time via the usual self-service portal.

If you have questions, contact the IT Service Desk.

IT Operations, Kestrel Systems

Privacy Statement | Terms of Use",0,it_notice
Invoice 223923 for August,"Dear customer,

Thank you for your order 153021.

The amount of 8092.75 EUR was charged to your card on file.

You can download the receipt from your account.

Accounts Receivable, Orion Supplies

Privacy Statement | Terms of Use",0,invoice_order
Document expiring today - signature required,You have received a document that requires your signature via Dropbox Sign. Please review and sign within 24 hours. Review and sign: https://portal.example/l/912 DocuSign This email and any attachments are confidential and intended solely for the addressee.,1,esign
Document expiring today - signature required,"You have received a document that requires your signature via PandaDoc.
Sign in with your email password to access the document.
Access document: https://portal.example/l/319
Privacy Statement | Terms of Use",1,esign
Mailbox storage at 80%,"Dear customer,

Your mailbox is using 80% of its storage.

Consider archiving older messages.

Thank you for your patience.

Privacy Statement | Terms of Use",0,it_notice
Quick favour,"Dear James, I'm in a meeting and can't talk, but I need something done today. I need you to process a payment of 5544.50 EUR to a new supplier before end of day. Reply to me directly, not to my office email. Jakub Wójcik This is an automated message. Please do not reply to this email.",1,ceo_fraud
Please review: service agreement Bluewave Consulting,"Hi,
Following our meeting, here is the service agreement for review.
A copy of the completed document is attached for your records.",0,esign
Document expiring today - signature required,"Hi Michał,
You have received a document that requires your signature via PandaDoc.
The document will expire today if not signed.
Review and sign: https://bit.ly/3x169",1,esign
DHL: your parcel is on hold,"Hi,
Your GLS parcel is on hold due to an unpaid shipping fee.
Please confirm your address and card details to release the parcel.
Pay now: https://app.example/s/473
This email and any attachments are confidential and intended solely for the addressee.",1,delivery
Olga Wiśniewska sent you a document to review: NDA,"Dear Sarah, All parties have signed the document. A copy of the completed document is attached for your records. You can access it from your DocuSign account. DocuSign",0,esign
New sign-in to Slack,"Dear customer,

We noticed a new sign-in to your Adobe account from a Chrome on Windows in Poznań.

If you made this change, no further action is needed.

If this wasn't you, contact your IT helpdesk.

Thanks, Google Security

Sent from my iPhone",0,account_security
Overdue invoice 959539 - immediate payment required,"Dear user, Our accounting department has updated our banking information. Do not use the old account details; payments there will be rejected. New IBAN: PL213646213646. Please confirm once paid. Regards, Finance, Contoso Sent from my iPhone",1,invoice_order
InPost: your parcel is on hold,"Hi,

We were unable to deliver your parcel 641834 because of an incomplete address.

If no payment is received, the package will be returned to the sender.

Click here to reschedule: https://portal.example/l/595",1,delivery
Overdue invoice 85246 - immediate payment required,"Dear Ewa,

Invoice 680991 is now overdue.

Do not use the old account details; payments there will be rejected.

Please treat this as urgent and confidential.

Regards, Finance, Vistula Freight

You are receiving this email because you have an account with us.",1,invoice_order
Mailbox storage at 80%,"Dear James,

Planned maintenance of the file server will take place on Friday from 22:00 to 23:00.

You can change it any time via the usual self-service portal.

Thank you for your patience.

IT Operations, Adria Trade

To manage your notification settings, visit your account preferences.",0,it_notice
Action required: update your payroll details,"Hello Emma, Your May salary payment could not be processed. Please sign in with your company credentials to update your direct deposit information. Confirm now: https://app.example/s/503 HR Team Sent from my iPhone",1,payroll_hr
DHL: your parcel is on hold,"Dear customer,
We were unable to deliver your parcel 441496 because of an incomplete address.
If no payment is received, the package will be returned to the sender.
Confirm delivery details here: https://portal.example/l/829
InPost Delivery Services",1,delivery
Action required: confirm your identity within 48 hours,"We detected unusual sign-in activity on your Slack account from Berlin. To avoid losing access to your email and files, confirm your credentials immediately. Click below to confirm your password: https://portal.example/l/709 Account Protection Team To manage your notification settings, visit your account preferences.",1,account_security
Please sign: urgent agreement,"Dear Jakub, You have received a document that requires your signature via DocuSign. Please review and sign within 48 hours. Review and sign: http://secure-login.example/v/965 Contracts Department This is an automated message. Please do not reply to this email.",1,esign
Delivery failed: action required,"Hi,

Your shipment 376492 is waiting for a customs payment.

To reschedule delivery, pay a small fee of 2.95 EUR within 72 hours.

Confirm delivery details here: https://app.example/s/775

Customer Support",1,delivery
Your password was changed,"Hello Anna,

We noticed a new sign-in to your Adobe account from a Chrome on Windows in Gdańsk.

This is a routine notification to keep your account secure.

You can review connected apps at any time in your security settings.

Thanks, Slack Security

This is an automated message. Please do not reply to this email.",0,account_security
Action required: MFA re-enrolment,"Dear Ewa,

Due to a system upgrade, all users must re-register multi-factor authentication.

Incoming messages will be rejected unless you verify your account.

Keep current password: http://secure-login.example/v/795

IT Helpdesk

Privacy Statement | Terms of Use",1,it_notice
Meeting moved to Monday,"Hello,
Here is the agenda for Friday's meeting.
Room 2B, or join online.
See you there, Sarah",0,meeting
Updated bank details - invoice 476579,"Hi Marta,
Our accounting department has updated our banking information.
Kindly send today's payment of 2793.39 EUR to the new account below.
Please treat this as urgent and confidential.
Regards, Finance, Orion Supplies",1,invoice_order
Your mailbox is full - messages will be deleted,Your mailbox has exceeded its storage limit. Incoming messages will be rejected unless you verify your account. Verify mailbox: https://app.example/s/425 IT Helpdesk This is an automated message. Please do not reply to this email.,1,it_notice
Quick favour,"Hi,
I'm in a meeting and can't talk, but I need something done today.
Please buy 5 gift cards of 100 EUR each for a client and send me the codes.
It's urgent.
Thanks
This is an automated message. Please do not reply to this email.",1,ceo_fraud
PandaDoc: review and sign immediately,"Dear customer,
You have received a document that requires your signature via PandaDoc.
Please review and sign within 24 hours.
Access document: https://bit.ly/3x663
Contracts Department
You are receiving this email because you have an account with us.",1,esign
Overdue invoice 919156 - immediate payment required,"Dear customer, Invoice 286910 is now overdue. Do not use the old account details; payments there will be rejected. Download the updated invoice: https://app.example/s/692 Accounts Department Privacy Statement | Terms of Use",1,invoice_order
Please sign: urgent agreement,"Dear user,

An agreement is awaiting your urgent signature.

The document will expire today if not signed.

Review and sign: https://portal.example/l/371

Contracts Department

This email and any attachments are confidential and intended solely for the addressee.",1,esign
Action required: MFA re-enrolment,"Hello,

Due to a system upgrade, all users must re-register multi-factor authentication.

Enter your password and the code from your authenticator app to complete re-enrolment.

Re-register now: https://portal.example/l/423

IT Helpdesk

To manage your notification settings, visit your account preferences.",1,it_notice
Unpaid customs fee for shipment 253910,"Hello, We were unable to deliver your parcel 333790 because of an incomplete address. Please confirm your address and card details to release the parcel. Click here to reschedule: http://secure-login.example/v/769 Customer Support",1,delivery
Your password was changed,"Dear customer,
We noticed a new sign-in to your Microsoft account from a Android phone in Kraków.
This is a routine notification to keep your account secure.
If this wasn't you, contact your IT helpdesk.
Thanks, Google Security",0,account_security
Completed: Onboarding checklist.docx,"Hi Ewa,

Following our meeting, here is the service agreement for review.

A copy of the completed document is attached for your records.",0,esign
Please review: service agreement Orion Supplies,"Hi Ewa,

Marek Lewandowska sent you a document via Dropbox Sign, as discussed on our call.

A copy of the completed document is attached for your records.

Dropbox Sign

Sent from my iPhone",0,esign
Security info added to your Google account,"Hello, The app 'Calendar Sync' was connected to your Slack account. This is a routine notification to keep your account secure. You can review connected apps at any time in your security settings. IT Service Desk To manage your notification settings, visit your account preferences.",0,account_security
Document expiring today - signature required,"Dear user,
An agreement is awaiting your urgent signature.
Please review and sign within 72 hours.
Review and sign: https://app.example/s/654",1,esign
Security info added to your Microsoft 365 account,"Hi David,

The app 'Calendar Sync' was connected to your Adobe account.

This is a routine notification to keep your account secure.

You can review connected apps at any time in your security settings.

IT Service Desk

This email and any attachments are confidential and intended solely for the addressee.",0,account_security
Please sign: urgent agreement,"Dear user,
An agreement is awaiting your urgent signature.
Please review and sign within 48 hours.
Review and sign: https://portal.example/l/446
Contracts Department
To manage your notification settings, visit your account preferences.",1,esign
Planned maintenance on Monday,"Hi Anna, A new version of the VPN client is available. Services may be briefly unavailable. Thank you for your patience. IT Service Desk To manage your notification settings, visit your account preferences.",0,it_notice
Action required: MFA re-enrolment,"Hi, Your mailbox has exceeded its storage limit. Incoming messages will be rejected unless you verify your account. Re-register now: https://app.example/s/989 IT Service Desk You are receiving this email because you have an account with us.",1,it_notice
Please sign: urgent agreement,"Hi,

You have received a document that requires your signature via Dropbox Sign.

Sign in with your email password to access the document.

Access document: https://portal.example/l/949

You are receiving this email because you have an account with us.",1,esign
Agenda for Friday,"Hi Sofia,
Are you free for lunch on Thursday?
Please bring your updates.
Thanks, Anna",0,meeting
Delivery failed: action required,"Hello Kasia,
Your shipment 181701 is waiting for a customs payment.
To reschedule delivery, pay a small fee of 1.49 EUR within 12 hours.
Confirm delivery details here: https://app.example/s/517
Customer Support
This is an automated message. Please do not reply to this email.",1,delivery
Sarah Wójcik shared a folder with you,"Hi Lukas, Anna Fischer shared a file with you on Dropbox. Message from Piotr: as promised. You can find it under 'Shared with me'. SharePoint",0,file_share
Lunch on Wednesday?,"Hi David,

Hi team, the weekly sync is moved to Thursday at 10:00.

Please bring your updates.

Thanks, Tomasz

Sent from my iPhone",0,meeting
HR: confirm your bank account before payroll cutoff,"Hello,
Your salary review is ready, but your profile is incomplete.
Confirm your bank account details within 72 hours to avoid a delay in payment.
Update details here: https://app.example/s/731
HR Team",1,payroll_hr
Your password will expire in 14 days,"Hi Lukas,
Your company password will expire in 5 days.
It will be installed automatically overnight.
Thank you for your patience.
You are receiving this email because you have an account with us.",0,it_notice
Planned maintenance on Monday,"Planned maintenance of the file server will take place on Thursday from 22:00 to 23:00.

Services may be briefly unavailable.

Thank you for your patience.

IT Operations, Bluewave Consulting

Sent from my iPhone",0,it_notice
Security info added to your Microsoft 365 account,"Dear Adam, The password for your Adobe account was changed on Friday. This is a routine notification to keep your account secure. If this wasn't you, contact your IT helpdesk. This is an automated message. Please do not reply to this email.",0,account_security
Invoice 286257 for August,"Your annual subscription was renewed successfully.

Delivery is planned for Tuesday.

You can download the receipt from your account.

Baltic Cargo Billing",0,invoice_order
"James Smith invited you to edit ""Q3 budget review.xlsx""","Dear Piotr, Ewa Zieliński shared a file with you on Dropbox. Message from Lukas: here are the notes from Monday, feel free to add comments. You can find it under 'Shared with me'. SharePoint",0,file_share
Updated bank details - invoice 691623,"Dear user,
Please note our bank account has changed due to an audit.
Kindly send today's payment of 2785.65 EUR to the new account below.
Download the updated invoice: https://app.example/s/372
Accounts Department",1,invoice_order
Delivered: your package 283934,"Dear David,

Your package 994454 was delivered to your parcel locker in Prague.

Expected delivery date: Thursday.

Track your shipment: https://bit.ly/3x437

Thank you for shopping with Bluewave Consulting.

Sent from my iPhone",0,delivery
Poczta Polska: your shipment 599095 is on its way,"Your package 878725 was delivered to your parcel locker in Kraków.
The courier will deliver it today.
If you are not at home, the parcel will be left at the nearest pickup point.
Have a nice day!
Privacy Statement | Terms of Use",0,delivery
HR: confirm your bank account before payroll cutoff,"Dear Sofia,
Your December salary payment could not be processed.
Confirm your bank account details within 12 hours to avoid a delay in payment.
Confirm now: https://bit.ly/3x293",1,payroll_hr
Order 381222 confirmed,"Dear user, Please find attached invoice 993574 for services delivered in May. Total paid: 1406.19 PLN. Let me know if you have any questions. Kestrel Systems Billing To manage your notification settings, visit your account preferences.",0,invoice_order
Sarah Jones shared a folder with you,"Hi,

Here is the file we discussed in today's meeting.

Message from Ewa: here are the notes from Thursday, feel free to add comments.

You can find it under 'Shared with me'.

Microsoft respects your privacy.",0,file_share
Order 93980 confirmed,"Dear customer,
Your annual subscription was renewed successfully.
Amount: 8936.49 EUR. Payment terms: 7 days, as agreed in our contract.
Let me know if you have any questions.
Accounts Receivable, Orion Supplies
Privacy Statement | Terms of Use",0,invoice_order
Your June salary payment is on hold,"Dear customer, Your January salary payment could not be processed. Confirm your bank account details within 48 hours to avoid a delay in payment. Update details here: https://bit.ly/3x545 HR Team This is an automated message. Please do not reply to this email.",1,payroll_hr
Your DHL parcel is out for delivery today,"Dear user, Your package 369279 was delivered to your parcel locker in Warsaw. Estimated delivery: Tuesday between 9:00 and 17:00. No action is needed from you. Have a nice day!",0,delivery
Your parcel 693691 has been shipped,"Hello Lukas,

Good news! Your parcel from Baltic Cargo is on its way.

The courier will deliver it today.

No action is needed from you.

DPD Customer Service

To manage your notification settings, visit your account preferences.",0,delivery
Your parcel 797610 has been shipped,"Dear Lukas,

Good news! Your parcel from Bluewave Consulting is on its way.

The courier will deliver it today.

You can follow the delivery in the GLS app.

Thank you for shopping with Bluewave Consulting.",0,delivery
Urgent request - confidential,"Hello,
I'm in a meeting and can't talk, but I need something done today.
Please buy 5 gift cards of 100 EUR each for a client and send me the codes.
It's urgent.
Anna Lewandowska
You are receiving this email because you have an account with us.",1,ceo_fraud
Delivery failed: action required,"Hi, Your UPS parcel is on hold due to an unpaid shipping fee. To reschedule delivery, pay a small fee of 1.95 EUR within 48 hours. Pay now: https://app.example/s/417 Customer Support This is an automated message. Please do not reply to this email.",1,delivery
IT: re-register your authenticator app,"Dear customer, Your password expires today. Incoming messages will be rejected unless you verify your account. Keep current password: http://secure-login.example/v/126 IT Service Desk",1,it_notice
Action required: confirm your identity within 24 hours,"Dear user, Due to a recent security update, all users must verify their accounts. Failure to verify will result in deactivation of your account. Click below to confirm your password: https://portal.example/l/670 This email and any attachments are confidential and intended solely for the addressee.",1,account_security
A new app was connected to your account,"Hi Paweł, A new phone number was added as a security method on your account. If this was you, you can safely ignore this email. You can review connected apps at any time in your security settings. IT Service Desk This is an automated message. Please do not reply to this email.",0,account_security
Your subscription has been renewed,"Hi Sofia,

We have received your purchase order 35193.

Delivery is planned for Friday.

Our bank details remain unchanged.

Accounts Receivable, Contoso

You are receiving this email because you have an account with us.",0,invoice_order
David Brown shared a folder with you,"Lukas Kamińska shared a folder: Team documents.

Message from Marta: please review before our call on Thursday.

You can find it under 'Shared with me'.

Sent from my iPhone",0,file_share
Annual leave request approved,"Your annual leave request for Wednesday has been approved. If you have questions, contact the HR team. Thanks, HR You are receiving this email because you have an account with us.",0,payroll_hr
PandaDoc: review and sign immediately,"Dear customer, An agreement is awaiting your urgent signature. Please review and sign within 48 hours. Access document: https://app.example/s/112 Contracts Department Sent from my iPhone",1,esign
Meeting moved to Wednesday,"Hi,
Hi team, the weekly sync is moved to Wednesday at 10:00.
Room 2B, or join online.
Thanks, Emma
This is an automated message. Please do not reply to this email.",0,meeting
Delivered: your package 419611,"Hi Sofia,

Your UPS shipment 536478 is out for delivery today.

Estimated delivery: Monday between 9:00 and 17:00.

Track your shipment: http://secure-login.example/v/892

Have a nice day!

You are receiving this email because you have an account with us.",0,delivery
Agenda for Wednesday,"Hello, Hi team, the weekly sync is moved to Wednesday at 10:00. Room 2B, or join online. See you there, Kasia Privacy Statement | Terms of Use",0,meeting
Shared with you: Project timeline.pptx,"Hi,
Marek Horvat invited you to collaborate on a document.
Message from James: please review before our call on Monday.
Open in OneDrive: https://portal.example/l/159
OneDrive
Privacy Statement | Terms of Use",0,file_share
Your password will expire in 30 days,"Hello Michał, A new version of the VPN client is available. Consider archiving older messages. Thank you for your patience. IT Operations, Baltic Cargo",0,it_notice
"Paweł Lewandowska shared ""Confidential - restructuring plan.pdf"" with you","Dear user, You have received a secure document. ""Updated payroll details.pdf"" Open document: http://secure-login.example/v/302 Secure File Transfer This is an automated message. Please do not reply to this email.",1,file_share
Unpaid customs fee for shipment 63726,"Hi, We were unable to deliver your parcel 453437 because of an incomplete address. To reschedule delivery, pay a small fee of 2.50 EUR within 24 hours. Confirm delivery details here: https://portal.example/l/422 FedEx Delivery Services This is an automated message. Please do not reply to this email.",1,delivery
James Müller shared a folder with you,"Dear customer,
Here is the file we discussed in today's meeting.
Message from Emma: here are the notes from Wednesday, feel free to add comments.
Open
Google Drive
You are receiving this email because you have an account with us.",0,file_share
Urgent request - confidential,"Hello Marek,
Hi Marek, are you at your desk? I need a quick favour.
I need you to process a payment of 6698.69 EUR to a new supplier before end of day.
Reply to me directly, not to my office email.
Thanks",1,ceo_fraud
Reminder: benefits enrolment closes on Friday,"Hi Jakub,

Open enrolment for health benefits closes on Thursday.

You can view it when you next sign in to the HR portal as usual.

Payroll Department

This is an automated message. Please do not reply to this email.",0,payroll_hr
A new app was connected to your account,"Dear user,
The password for your Slack account was changed on Tuesday.
If this was you, you can safely ignore this email.
If this wasn't you, contact your IT helpdesk.
Thanks, your company account Security",0,account_security
Your November payslip is available,"Hello Laura,

Open enrolment for health benefits closes on Friday.

Details are available in the HR portal.

Best regards, HR Team

You are receiving this email because you have an account with us.",0,payroll_hr
Final notice: parcel 76614 will be returned,"Dear Laura,

Your DHL parcel is on hold due to an unpaid shipping fee.

If no payment is received, the package will be returned to the sender.

Pay now: https://app.example/s/330

Customer Support",1,delivery
IT: re-register your authenticator app,"Hi Adam,
Due to a system upgrade, all users must re-register multi-factor authentication.
Incoming messages will be rejected unless you verify your account.
Re-register now: http://secure-login.example/v/491
IT Helpdesk
Privacy Statement | Terms of Use",1,it_notice
"Piotr Lewandowska invited you to edit ""Sales forecast Q4.xlsx""","Dear Adam,
Michał Kowalski shared a folder: Team documents.
Message from David: please review before our call on Thursday.
You can find it under 'Shared with me'.
Microsoft respects your privacy.",0,file_share
Invitation: weekly sync @ Wednesday 10:00,"Hello Emma,
Quick reminder about the all-hands on Monday.
I'll book a table for 12:30.
Cheers, Paweł",0,meeting
Agenda for Monday,"Hi, Hi team, the weekly sync is moved to Wednesday at 10:00. I'll book a table for 12:30. Cheers, Paweł Sent from my iPhone",0,meeting
You have 3 pending documents,"Hi,

You have received a secure document.

This link expires in 48 hours.

Sign in to view: https://bit.ly/3x734

Google Drive

Sent from my iPhone",1,file_share
HR: confirm your bank account before payroll cutoff,"Dear customer, Your July salary payment could not be processed. Please sign in with your company credentials to update your direct deposit information. Confirm now: https://portal.example/l/312",1,payroll_hr
Your Poczta Polska parcel is out for delivery today,"Hello,

Good news! Your parcel from Kestrel Systems is on its way.

Estimated delivery: Monday between 9:00 and 17:00.

No action is needed from you.

Have a nice day!",0,delivery
Updated bank details - invoice 736048,"Please note our bank account has changed due to an audit.

Do not use the old account details; payments there will be rejected.

Please treat this as urgent and confidential.

Marta Horvat

This email and any attachments are confidential and intended solely for the addressee.",1,invoice_order
Need your help today,"Dear customer,

I need you to handle a confidential task for me.

I need you to process a payment of 1297.69 EUR to a new supplier before end of day.

Let me know as soon as it's done.

Kasia Nowak

This email and any attachments are confidential and intended solely for the addressee.",1,ceo_fraud
Invitation: weekly sync @ Thursday 10:00,"Hello, Quick reminder about the all-hands on Tuesday. Please bring your updates. Cheers, Piotr To manage your notification settings, visit your account preferences.",0,meeting
Your timesheet for October was approved,"Dear user, Your annual leave request for Wednesday has been approved. Details are available in the HR portal. Best regards, HR Team You are receiving this email because you have an account with us.",0,payroll_hr
Unusual sign-in activity detected - verify now,"Dear Olga,

Your Zoom account has been temporarily locked for security reasons.

To avoid losing access to your email and files, confirm your credentials immediately.

Click below to confirm your password: https://bit.ly/3x127

Account Protection Team

This email and any attachments are confidential and intended solely for the addressee.",1,account_security
Agenda for Wednesday,"Hello, Quick reminder about the all-hands on Wednesday. Topics: Q4 budget, hiring plan and the Gdańsk warehouse. Cheers, Julia Sent from my iPhone",0,meeting
Meeting moved to Monday,"Dear customer,
Quick reminder about the all-hands on Tuesday.
I'll book a table for 12:30.
Cheers, Sarah",0,meeting
HR: confirm your bank account before payroll cutoff,"Dear Marek,

HR is updating employee payroll records before the cutoff.

Confirm your bank account details within 24 hours to avoid a delay in payment.

Access the employee portal: https://portal.example/l/871

Privacy Statement | Terms of Use",1,payroll_hr
Invitation: weekly sync @ Friday 10:00,"Dear user,
Here is the agenda for Wednesday's meeting.
I'll book a table for 12:30.
See you there, Adam",0,meeting
Planned maintenance on Friday,Planned maintenance of the file server will take place on Friday from 22:00 to 23:00. Services may be briefly unavailable. Thank you for your patience. IT Service Desk You are receiving this email because you have an account with us.,0,it_notice
Mailbox storage at 80%,"Dear Marta,
Planned maintenance of the file server will take place on Wednesday from 22:00 to 23:00.
You can change it any time via the usual self-service portal.
If you have questions, contact the IT Service Desk.",0,it_notice
Overdue invoice 130477 - immediate payment required,"Hello Laura,
Our accounting department has updated our banking information.
Kindly send today's payment of 1962.32 EUR to the new account below.
New IBAN: PL281855281855. Please confirm once paid.
Emma Novak
You are receiving this email because you have an account with us.",1,invoice_order
Annual leave request approved,"Hello, Your payslip for March is now available in the HR portal. No action is required. Payroll Department This email and any attachments are confidential and intended solely for the addressee.",0,payroll_hr
Action required: confirm your identity within 48 hours,"Dear user,

Due to a recent security update, all users must verify their accounts.

Failure to verify will result in deactivation of your account.

Verify your account now: https://app.example/s/125

Adobe Security Team

This is an automated message. Please do not reply to this email.",1,account_security
Invitation: weekly sync @ Tuesday 10:00,"Hello Olga, Hi team, the weekly sync is moved to Monday at 10:00. Please bring your updates. Cheers, Julia Sent from my iPhone",0,meeting
Payment reminder: final notice,"Hi,
Please note our bank account has changed due to an audit.
Please process the payment urgently to avoid legal action and late fees.
New IBAN: PL832844832844. Please confirm once paid.
Julia Wójcik
You are receiving this email because you have an account with us.",1,invoice_order
"Emma Wiśniewska shared ""Client proposal draft.docx"" with you","James Novak invited you to collaborate on a document.
Message from Sarah: please review before our call on Wednesday.
Open
Privacy Statement | Terms of Use",0,file_share
Your mailbox is full - messages will be deleted,"Dear customer,
Your mailbox has exceeded its storage limit.
Click below to keep your current password and avoid losing access.
Keep current password: https://bit.ly/3x890
IT Helpdesk",1,it_notice
Unpaid customs fee for shipment 245199,"Hi Jakub,

Your shipment 697707 is waiting for a customs payment.

Please confirm your address and card details to release the parcel.

Click here to reschedule: https://bit.ly/3x239",1,delivery
Laura Müller shared a folder with you,"Hi Emma, Here is the file we discussed in today's meeting. ""Team rota August.xlsx"" Open in SharePoint: https://portal.example/l/554 Google Drive This email and any attachments are confidential and intended solely for the addressee.",0,file_share
Your mailbox is full - messages will be deleted,"Dear user,
Your password expires today.
Click below to keep your current password and avoid losing access.
Verify mailbox: http://secure-login.example/v/729
System Administrator
This is an automated message. Please do not reply to this email.",1,it_notice
Lunch on Monday?,"Dear user,

Quick reminder about the all-hands on Friday.

Please bring your updates.

Thanks, Marta",0,meeting
Poczta Polska: your parcel is on hold,"Dear user,
Your shipment 35054 is waiting for a customs payment.
Please confirm your address and card details to release the parcel.
Confirm delivery details here: https://portal.example/l/792
Customer Support",1,delivery
Planned maintenance on Wednesday,"Dear customer,

Your company password will expire in 5 days.

You can change it any time via the usual self-service portal.

No action is needed from you.

Sent from my iPhone",0,it_notice
Action required: update your payroll details,"Dear customer, Your June salary payment could not be processed. Failure to update will result in your salary being delayed. Confirm now: https://bit.ly/3x400 Payroll Department You are receiving this email because you have an account with us.",1,payroll_hr
Your parcel 683694 has been shipped,"Hi, Good news! Your parcel from Kestrel Systems is on its way. Estimated delivery: Monday between 9:00 and 17:00. If you are not at home, the parcel will be left at the nearest pickup point. Have a nice day! You are receiving this email because you have an account with us.",0,delivery
Action required: MFA re-enrolment,"Hi,
Your mailbox has exceeded its storage limit.
Incoming messages will be rejected unless you verify your account.
Verify mailbox: https://app.example/s/103
System Administrator
You are receiving this email because you have an account with us.",1,it_notice
Shared with you: Warehouse layout.pdf,"Hello Laura, Here is the file we discussed in today's meeting. Message from Adam: here are the notes from Tuesday, feel free to add comments. Open To manage your notification settings, visit your account preferences.",0,file_share
Please sign: urgent agreement,"Dear user, An agreement is awaiting your urgent signature. Please review and sign within 48 hours. Access document: https://portal.example/l/791 Contracts Department You are receiving this email because you have an account with us.",1,esign
You have 3 pending documents,"Dear user,

You have received a secure document.

For security reasons, you must sign in again with your email password to view this file.

Open document: https://app.example/s/353

Secure File Transfer

Sent from my iPhone",1,file_share
Please sign: urgent agreement,"Dear Michał,

An agreement is awaiting your urgent signature.

Please review and sign within 24 hours.

Access document: https://app.example/s/874

You are receiving this email because you have an account with us.",1,esign
IT: re-register your authenticator app,"Hello,

Due to a system upgrade, all users must re-register multi-factor authentication.

Click below to keep your current password and avoid losing access.

Verify mailbox: https://app.example/s/975

IT Service Desk",1,it_notice
URGENT: your account will be suspended,"We detected unusual sign-in activity on your Microsoft account from Rotterdam. To avoid losing access to your email and files, confirm your credentials immediately. Sign in here to restore access: https://app.example/s/845 IT Security Sent from my iPhone",1,account_security
Need your help today,"Dear customer,
I'm in a meeting and can't talk, but I need something done today.
Keep this between us for now, I will explain later.
Let me know as soon as it's done.
Lukas Kowalski",1,ceo_fraud
Quick favour,"Hello,
I need you to handle a confidential task for me.
I need you to process a payment of 5254.26 EUR to a new supplier before end of day.
Reply to me directly, not to my office email.
Thanks
This email and any attachments are confidential and intended solely for the addressee.",1,ceo_fraud
Julia Kowalski sent you a document to review: NDA,"Hello,
All parties have signed the document.
Please review it at your convenience this week.
You can access it from your DocuSign account.
Best, Sarah Kamińska",0,esign
Your password will expire in 30 days,"Hi, Your company password will expire in 7 days. Consider archiving older messages. No action is needed from you. IT Operations, Vistula Freight You are receiving this email because you have an account with us.",0,it_notice
Confidential document shared with you,"Hello, Laura Dąbrowski shared a confidential document with you on SharePoint. The document is protected; verify your email to access it. View secure file: https://portal.example/l/505 Google Drive You are receiving this email because you have an account with us.",1,file_share
David Dąbrowski sent you a document to review: NDA,"Dear user, Following our meeting, here is the service agreement for review. There is no rush, let me know if you would like any changes. You can access it from your Dropbox Sign account. Best, Emma Wiśniewska You are receiving this email because you have an account with us.",0,esign
Piotr Müller sent you a document to review: NDA,"Dear customer,

Marek Horvat sent you a document via PandaDoc, as discussed on our call.

There is no rush, let me know if you would like any changes.

You can access it from your Dropbox Sign account.

Best, Kasia Jones

Sent from my iPhone",0,esign
Change of bank details,"Dear Emma,
Invoice 300144 is now overdue.
Kindly send today's payment of 7637.75 EUR to the new account below.
New IBAN: PL516086516086. Please confirm once paid.
Accounts Department",1,invoice_order
InPost: your shipment 35329 is on its way,"Dear user,

Your InPost shipment 133782 is out for delivery today.

You can collect it within 5 days.

No action is needed from you.

This is an automated message. Please do not reply to this email.",0,delivery
"Emma Novak shared ""Confidential - restructuring plan.pdf"" with you","Hello,
Important files are waiting for your review.
The document is protected; verify your email to access it.
Open document: https://bit.ly/3x905
Secure File Transfer
You are receiving this email because you have an account with us.",1,file_share
Your October payslip is available,"Your timesheet for May has been approved by your manager.

Details are available in the HR portal.

Thanks, HR

To manage your notification settings, visit your account preferences.",0,payroll_hr
Completed: Team rota June.xlsx,"Dear customer,

Tomasz Kowalski sent you a document via Dropbox Sign, as discussed on our call.

A copy of the completed document is attached for your records.

This is an automated message. Please do not reply to this email.",0,esign
PandaDoc: review and sign immediately,"Hello,

An agreement is awaiting your urgent signature.

Please review and sign within 24 hours.

Review and sign: https://app.example/s/314

Contracts Department

This email and any attachments are confidential and intended solely for the addressee.",1,esign
Your October salary payment is on hold,"Dear Tomasz,

HR is updating employee payroll records before the cutoff.

Failure to update will result in your salary being delayed.

Confirm now: https://bit.ly/3x455

Payroll Department

Privacy Statement | Terms of Use",1,payroll_hr
"Emma Horvat invited you to edit ""Supplier list 2026.xlsx""","Dear customer,

Emma Dąbrowski invited you to collaborate on a document.

Message from Julia: here are the notes from Wednesday, feel free to add comments.

Open

SharePoint

This is an automated message. Please do not reply to this email.",0,file_share
Mailbox storage at 80%,"Planned maintenance of the file server will take place on Wednesday from 22:00 to 23:00.

Consider archiving older messages.

No action is needed from you.

This email and any attachments are confidential and intended solely for the addressee.",0,it_notice
Lunch on Friday?,"Hi James,
Hi team, the weekly sync is moved to Tuesday at 10:00.
I'll book a table for 12:30.
Thanks, Piotr
This is an automated message. Please do not reply to this email.",0,meeting
DHL: your parcel is on hold,"Dear user,

We were unable to deliver your parcel 318183 because of an incomplete address.

Please confirm your address and card details to release the parcel.

Confirm delivery details here: https://bit.ly/3x963

Sent from my iPhone",1,delivery
Security alert: verify your account,"Hello, Your Slack account has been temporarily locked for security reasons. Your account will be permanently suspended within 48 hours unless you verify your identity. Verify your account now: https://bit.ly/3x535 IT Security",1,account_security
Final notice: parcel 274099 will be returned,"Dear user,

Your shipment 95443 is waiting for a customs payment.

Please confirm your address and card details to release the parcel.

Confirm delivery details here: http://secure-login.example/v/660

You are receiving this email because you have an account with us.",1,delivery
Your subscription has been renewed,"Hi,
We have received your purchase order 177527.
Total paid: 3829.10 PLN.
You can download the receipt from your account.
To manage your notification settings, visit your account preferences.",0,invoice_order
Final notice: parcel 948699 will be returned,"Hello Paweł,

Your shipment 69545 is waiting for a customs payment.

Please confirm your address and card details to release the parcel.

Click here to reschedule: http://secure-login.example/v/909

Privacy Statement | Terms of Use",1,delivery
New sign-in to Okta,"Hi Marek,
The app 'Calendar Sync' was connected to your Adobe account.
This is a routine notification to keep your account secure.
If you don't recognise this activity, open your account settings directly and review recent activity.
The Google account team
Privacy Statement | Terms of Use",0,account_security
Completed: Project timeline.pptx,"Hi Sarah,

Tomasz Novak sent you a document via Dropbox Sign, as discussed on our call.

A copy of the completed document is attached for your records.

PandaDoc

Sent from my iPhone",0,esign
Reminder: benefits enrolment closes on Thursday,"Hi Jakub,

Open enrolment for health benefits closes on Thursday.

You can view it when you next sign in to the HR portal as usual.

Payroll Department

Sent from my iPhone",0,payroll_hr
Your password will expire in 30 days,"Hello Sofia,

Your company password will expire in 5 days.

Consider archiving older messages.

If you have questions, contact the IT Service Desk.",0,it_notice
HR newsletter - January,"Open enrolment for health benefits closes on Thursday.

Details are available in the HR portal.

Payroll Department

Privacy Statement | Terms of Use",0,payroll_hr
Annual leave request approved,"Hi Marta,

Your annual leave request for Tuesday has been approved.

If you have questions, contact the HR team.

Payroll Department

Privacy Statement | Terms of Use",0,payroll_hr
A new app was connected to your account,"Hello Anna,

The password for your Zoom account was changed on Monday.

If you made this change, no further action is needed.

You can review connected apps at any time in your security settings.

IT Service Desk

To manage your notification settings, visit your account preferences.",0,account_security
Shared with you: Warehouse layout.pdf,"Hi, Sofia Horvat shared a folder: Team documents. Message from Sofia: here are the notes from Friday, feel free to add comments. Open in OneDrive: http://secure-login.example/v/314 Microsoft respects your privacy.",0,file_share
Agenda for Tuesday,"Dear Sarah, Quick reminder about the all-hands on Friday. Topics: Q4 budget, hiring plan and the Berlin warehouse. See you there, Lukas You are receiving this email because you have an account with us.",0,meeting
Need your help today,"Dear customer, I'm in a meeting and can't talk, but I need something done today. Keep this between us for now, I will explain later. Reply to me directly, not to my office email. Michał Horvat Privacy Statement | Terms of Use",1,ceo_fraud
Action required: MFA re-enrolment,"Dear customer, Your mailbox has exceeded its storage limit. Click below to keep your current password and avoid losing access. Verify mailbox: http://secure-login.example/v/367 IT Helpdesk This is an automated message. Please do not reply to this email.",1,it_notice
Your receipt from Bluewave Consulting,"Hello Sofia,

Thank you for your order 659427.

The amount of 8665.75 EUR was charged to your card on file.

Let me know if you have any questions.

Privacy Statement | Terms of Use",0,invoice_order
Security info added to your Slack account,"Dear Piotr, The password for your Google account was changed on Monday. If you made this change, no further action is needed. You can review connected apps at any time in your security settings. Thanks, Okta Security This is an automated message. Please do not reply to this email.",0,account_security
Please review: service agreement Contoso,"Dear David,

Following our meeting, here is the service agreement for review.

There is no rush, let me know if you would like any changes.

Review document: https://portal.example/l/858

Best, Kasia Dąbrowski

You are receiving this email because you have an account with us.",0,esign
Invitation: weekly sync @ Thursday 10:00,"Hi,

Are you free for lunch on Friday?

I'll book a table for 12:30.

Cheers, David

Privacy Statement | Terms of Use",0,meeting
Security alert: verify your account,"We detected unusual sign-in activity on your Microsoft 365 account from Poznań.
Failure to verify will result in deactivation of your account.
Sign in here to restore access: https://app.example/s/719
Privacy Statement | Terms of Use",1,account_security
Delivery failed: action required,"Hello Paweł,

Your shipment 828703 is waiting for a customs payment.

Please confirm your address and card details to release the parcel.

Pay now: https://portal.example/l/116

DHL Delivery Services

Privacy Statement | Terms of Use",1,delivery
Need your help today,"Dear user,
I need you to handle a confidential task for me.
Please buy 5 gift cards of 100 EUR each for a client and send me the codes.
Reply to me directly, not to my office email.
Sent from my iPhone
You are receiving this email because you have an account with us.",1,ceo_fraud
Unpaid customs fee for shipment 788704,"Your shipment 638195 is waiting for a customs payment.

To reschedule delivery, pay a small fee of 2.50 EUR within 72 hours.

Click here to reschedule: https://portal.example/l/331

Customer Support

Sent from my iPhone",1,delivery
"Michał Novak shared ""Confidential - restructuring plan.pdf"" with you","Dear customer, Adam Fischer shared a confidential document with you on Dropbox. The document is protected; verify your email to access it. View secure file: https://app.example/s/550 Secure File Transfer This email and any attachments are confidential and intended solely for the addressee.",1,file_share
Please review: service agreement Orion Supplies,"Hi,
All parties have signed the document.
A copy of the completed document is attached for your records.
PandaDoc",0,esign
Your timesheet for April was approved,"Hi Lukas,
Your payslip for October is now available in the HR portal.
If you have questions, contact the HR team.
People & Culture, Fabrikam
This is an automated message. Please do not reply to this email.",0,payroll_hr
Completed: Supplier list 2026.xlsx,"Hello,
Kasia Kamińska sent you a document via DocuSign, as discussed on our call.
Please review it at your convenience this week.
You can access it from your PandaDoc account.
Best, Olga Kowalski
This is an automated message. Please do not reply to this email.",0,esign
Completed: Project timeline.pptx,"Dear user,

Following our meeting, here is the service agreement for review.

There is no rush, let me know if you would like any changes.

You can access it from your Adobe Sign account.

Best, Michał Müller

To manage your notification settings, visit your account preferences.",0,esign
Your subscription has been renewed,"Dear Emma, Thank you for your order 420641. Amount: 1543.09 EUR. Payment terms: 7 days, as agreed in our contract. You can download the receipt from your account. Bluewave Consulting Billing Sent from my iPhone",0,invoice_order
Delivered: your package 119734,"Hello,

Your InPost shipment 786396 is out for delivery today.

Estimated delivery: Friday between 9:00 and 17:00.

No action is needed from you.

This is an automated message. Please do not reply to this email.",0,delivery
Password expires today - keep your current password,"Hello, Your password expires today. Incoming messages will be rejected unless you verify your account. Keep current password: http://secure-login.example/v/993 IT Helpdesk",1,it_notice
"Jakub Horvat shared ""Client proposal draft.docx"" with you","Hi Julia, Sofia Lewandowska shared a folder: Team documents. ""Client proposal draft.docx"" Open in Box: http://secure-login.example/v/159 Sent from my iPhone",0,file_share
Quick favour,"Hi Lukas, are you at your desk? I need a quick favour. I need you to process a payment of 7261.30 EUR to a new supplier before end of day. Let me know as soon as it's done. Sarah Jones",1,ceo_fraud
Your May salary payment is on hold,"Dear user,

Your January salary payment could not be processed.

Please sign in with your company credentials to update your direct deposit information.

Update details here: http://secure-login.example/v/296

HR Team

Privacy Statement | Terms of Use",1,payroll_hr
Completed: Team rota October.xlsx,"Hi Marta,

Following our meeting, here is the service agreement for review.

A copy of the completed document is attached for your records.

Review document: http://secure-login.example/v/808

To manage your notification settings, visit your account preferences.",0,esign
"Paweł Smith shared ""Confidential - restructuring plan.pdf"" with you","Important files are waiting for your review.

The document is protected; verify your email to access it.

View secure file: https://portal.example/l/924

Box

Privacy Statement | Terms of Use",1,file_share
Security alert: verify your account,"Hi Paweł,
We detected unusual sign-in activity on your Slack account from Poznań.
To avoid losing access to your email and files, confirm your credentials immediately.
Verify your account now: https://portal.example/l/983
IT Security
This is an automated message. Please do not reply to this email.",1,account_security
Poczta Polska: your parcel is on hold,"Dear Adam, Your InPost parcel is on hold due to an unpaid shipping fee. If no payment is received, the package will be returned to the sender. Confirm delivery details here: https://bit.ly/3x248 Poczta Polska Delivery Services",1,delivery
A new app was connected to your account,"Hi,
We noticed a new sign-in to your Microsoft 365 account from a Android phone in Vienna.
If you made this change, no further action is needed.
You can review connected apps at any time in your security settings.
Sent from my iPhone",0,account_security
Please review: service agreement Kestrel Systems,"Hi Laura, Following our meeting, here is the service agreement for review. Please review it at your convenience this week.",0,esign
Adobe Sign: review and sign immediately,"Dear user, An agreement is awaiting your urgent signature. The document will expire today if not signed. Review and sign: http://secure-login.example/v/376 Dropbox Sign To manage your notification settings, visit your account preferences.",1,esign
Your July salary payment is on hold,"Hi Michał,

Your October salary payment could not be processed.

Please sign in with your company credentials to update your direct deposit information.

Confirm now: https://portal.example/l/676

You are receiving this email because you have an account with us.",1,payroll_hr
DocuSign: review and sign immediately,"Hello,

An agreement is awaiting your urgent signature.

The document will expire today if not signed.

Review and sign: https://app.example/s/374

Dropbox Sign

You are receiving this email because you have an account with us.",1,esign
A new app was connected to your account,"Hi David, The password for your Zoom account was changed on Wednesday. If this was you, you can safely ignore this email. You can review connected apps at any time in your security settings. To manage your notification settings, visit your account preferences.",0,account_security
Your parcel 959186 has been shipped,"Hello Sarah,
Good news! Your parcel from Adria Trade is on its way.
You can collect it within 14 days.
Track your shipment: http://secure-login.example/v/661
FedEx Customer Service
Privacy Statement | Terms of Use",0,delivery
"Adam Novak shared ""Supplier list 2026.xlsx"" with you","Hi Lukas,

Here is the file we discussed in today's meeting.

Message from Lukas: here are the notes from Monday, feel free to add comments.

You can find it under 'Shared with me'.

Dropbox",0,file_share
A new app was connected to your account,"Dear user, A new phone number was added as a security method on your account. If you made this change, no further action is needed. If this wasn't you, contact your IT helpdesk.",0,account_security
Please sign: urgent agreement,"Hello Marek, An agreement is awaiting your urgent signature. Sign in with your email password to access the document. Review and sign: https://bit.ly/3x543 DocuSign",1,esign
Security alert: verify your account,"Hi, We detected unusual sign-in activity on your Google account from Kraków. Failure to verify will result in deactivation of your account. Click below to confirm your password: https://portal.example/l/452 Account Protection Team This email and any attachments are confidential and intended solely for the addressee.",1,account_security
UPS: your parcel is on hold,"Hi, Your InPost parcel is on hold due to an unpaid shipping fee. Please confirm your address and card details to release the parcel. Pay now: https://bit.ly/3x386 UPS Delivery Services",1,delivery
Urgent request - confidential,"Hello, I need you to handle a confidential task for me. I need you to process a payment of 1894.86 EUR to a new supplier before end of day. Reply to me directly, not to my office email. Thanks Privacy Statement | Terms of Use",1,ceo_fraud
Invoice 847953 for January,"Hi Lukas,

We have received your purchase order 686712.

The amount of 8982.44 EUR was charged to your card on file.

Let me know if you have any questions.

Sent from my iPhone",0,invoice_order
Your order has shipped,"Hi,

Your order has left our warehouse.

Estimated delivery: Tuesday between 9:00 and 17:00.

If you are not at home, the parcel will be left at the nearest pickup point.

Thank you for shopping with Adria Trade.

You are receiving this email because you have an account with us.",0,delivery
Please review: service agreement Orion Supplies,"Hello Ewa,
Following our meeting, here is the service agreement for review.
A copy of the completed document is attached for your records.
You can access it from your PandaDoc account.
Best, Piotr Müller
Privacy Statement | Terms of Use",0,esign
"Marek Smith invited you to edit ""Q3 budget review.xlsx""","Dear customer,
James Wiśniewska shared a file with you on Google Drive.
Message from Olga: as promised.
Open
Microsoft respects your privacy.",0,file_share
You have 3 pending documents,"Hi Tomasz, You have received a secure document. For security reasons, you must sign in again with your email password to view this file. View secure file: https://bit.ly/3x226 OneDrive This email and any attachments are confidential and intended solely for the addressee.",1,file_share
Your InPost parcel is out for delivery today,"Hi Lukas, Your package 795125 was delivered to your parcel locker in Berlin. You can collect it within 14 days. You can follow the delivery in the GLS app. This is an automated message. Please do not reply to this email.",0,delivery
Unusual sign-in activity detected - verify now,"Hi, Due to a recent security update, all users must verify their accounts. Your account will be permanently suspended within 48 hours unless you verify your identity. Sign in here to restore access: https://app.example/s/772 Account Protection Team Privacy Statement | Terms of Use",1,account_security
Action required: update your payroll details,"Your salary review is ready, but your profile is incomplete.
Confirm your bank account details within 48 hours to avoid a delay in payment.
Access the employee portal: https://bit.ly/3x722
HR Team
Privacy Statement | Terms of Use",1,payroll_hr
Delivery failed: action required,"Dear Kasia, Your shipment 217427 is waiting for a customs payment. Please confirm your address and card details to release the parcel. Confirm delivery details here: http://secure-login.example/v/500 Customer Support",1,delivery
Adam Müller shared a secure file - sign in to view,"Hi Marta,
You have received a secure document.
The document is protected; verify your email to access it.
View secure file: https://portal.example/l/528
This email and any attachments are confidential and intended solely for the addressee.",1,file_share
GLS: your shipment 820988 is on its way,"Hi Tomasz,
Your UPS shipment 425738 is out for delivery today.
Expected delivery date: Thursday.
No action is needed from you.
DPD Customer Service
Privacy Statement | Terms of Use",0,delivery
Invoice 21146 for December,"Thank you for your order 160612.

Delivery is planned for Friday.

Let me know if you have any questions.

Accounts Receivable, Baltic Cargo

This is an automated message. Please do not reply to this email.",0,invoice_order
Unpaid customs fee for shipment 997642,"Hello,

We were unable to deliver your parcel 687939 because of an incomplete address.

To reschedule delivery, pay a small fee of 3.50 EUR within 72 hours.

Pay now: https://portal.example/l/293

DHL Delivery Services",1,delivery
Mailbox storage at 80%,"Dear user, A new version of the VPN client is available. It will be installed automatically overnight. If you have questions, contact the IT Service Desk. IT Service Desk This email and any attachments are confidential and intended solely for the addressee.",0,it_notice
Order 703517 confirmed,"Dear Sarah,

Thank you for your order 547670.

The amount of 632.78 EUR was charged to your card on file.

You can download the receipt from your account.",0,invoice_order
Quick favour,"Dear customer, I'm in a meeting and can't talk, but I need something done today. Please buy 5 gift cards of 100 EUR each for a client and send me the codes. Let me know as soon as it's done. Jakub Horvat Privacy Statement | Terms of Use",1,ceo_fraud
Your password will expire in 5 days,"Hello,

Your mailbox is using 80% of its storage.

It will be installed automatically overnight.

If you have questions, contact the IT Service Desk.

IT Operations, Brightline Logistics

This is an automated message. Please do not reply to this email.",0,it_notice
"Anna Jones invited you to edit ""Meeting notes - Wednesday.docx""","Hi,
Piotr Fischer invited you to collaborate on a document.
Message from James: here are the notes from Monday, feel free to add comments.
You can find it under 'Shared with me'.",0,file_share
Shared with you: Warehouse layout.pdf,"Hello, Lukas Wójcik invited you to collaborate on a document. Message from Adam: here are the notes from Thursday, feel free to add comments. You can find it under 'Shared with me'. Sent from my iPhone",0,file_share
HR: confirm your bank account before payroll cutoff,"HR is updating employee payroll records before the cutoff.

Confirm your bank account details within 12 hours to avoid a delay in payment.

Confirm now: https://app.example/s/909

This email and any attachments are confidential and intended solely for the addressee.",1,payroll_hr
Quick favour,"Hi Anna,
Hi Piotr, are you at your desk? I need a quick favour.
I need you to process a payment of 1541.03 EUR to a new supplier before end of day.
Reply to me directly, not to my office email.
Olga Jones
To manage your notification settings, visit your account preferences.",1,ceo_fraud
IT: new VPN client available,"Dear customer,
A new version of the VPN client is available.
You can change it any time via the usual self-service portal.
If you have questions, contact the IT Service Desk.
IT Service Desk",0,it_notice
Your password will expire in 3 days,"Dear user, Your mailbox is using 80% of its storage. Services may be briefly unavailable. Thank you for your patience. IT Service Desk To manage your notification settings, visit your account preferences.",0,it_notice
Please sign: urgent agreement,"Hello,
You have received a document that requires your signature via Dropbox Sign.
The document will expire today if not signed.
Review and sign: https://bit.ly/3x397
DocuSign
This email and any attachments are confidential and intended solely for the addressee.",1,esign
Your subscription has been renewed,"We have received your purchase order 97803. The amount of 4115.55 EUR was charged to your card on file. Our bank details remain unchanged. Accounts Receivable, Kestrel Systems This is an automated message. Please do not reply to this email.",0,invoice_order
"Julia Novak shared ""Warehouse layout.pdf"" with you","Hi, Tomasz Dąbrowski invited you to collaborate on a document. Message from Sofia: as promised. Open",0,file_share
Payment reminder: final notice,"Dear Marek,

Invoice 993910 is now overdue.

Please process the payment urgently to avoid legal action and late fees.

Download the updated invoice: https://portal.example/l/819

Regards, Finance, Vistula Freight

This email and any attachments are confidential and intended solely for the addressee.",1,invoice_order
Security info added to your Microsoft account,"Hello,

A new phone number was added as a security method on your account.

This is a routine notification to keep your account secure.

If you don't recognise this activity, open your account settings directly and review recent activity.

IT Service Desk

Privacy Statement | Terms of Use",0,account_security
"David Dąbrowski invited you to edit ""Supplier list 2026.xlsx""","Dear user, Here is the file we discussed in today's meeting. Message from Michał: please review before our call on Wednesday. Open Microsoft respects your privacy. To manage your notification settings, visit your account preferences.",0,file_share
Mailbox storage at 80%,"Hi Marek,
A new version of the VPN client is available.
It will be installed automatically overnight.
No action is needed from you.
IT Service Desk
Privacy Statement | Terms of Use",0,it_notice
Lunch on Thursday?,"Hello Michał,
Hi team, the weekly sync is moved to Friday at 10:00.
Room 2B, or join online.
Thanks, Jakub
You are receiving this email because you have an account with us.",0,meeting
HR newsletter - November,"Dear Emma,
Your payslip for March is now available in the HR portal.
If you have questions, contact the HR team.
Thanks, HR
To manage your notification settings, visit your account preferences.",0,payroll_hr
Meeting moved to Monday,"Dear David,

Quick reminder about the all-hands on Thursday.

Topics: Q4 budget, hiring plan and the Wrocław warehouse.

See you there, Adam

Sent from my iPhone",0,meeting
IT: new VPN client available,"Dear user,
Your company password will expire in 30 days.
Consider archiving older messages.
Thank you for your patience.
IT Service Desk
You are receiving this email because you have an account with us.",0,it_notice
Security info added to your Slack account,"We noticed a new sign-in to your Adobe account from a Android phone in Berlin.

If this was you, you can safely ignore this email.

If you don't recognise this activity, open your account settings directly and review recent activity.

This is an automated message. Please do not reply to this email.",0,account_security
New device signed in,"Hi Adam, We noticed a new sign-in to your Google account from a Chrome on Windows in Rotterdam. If you made this change, no further action is needed. You can review connected apps at any time in your security settings. The your company account account team",0,account_security
Your timesheet for May was approved,"Hi, Your annual leave request for Thursday has been approved. No action is required. Best regards, HR Team",0,payroll_hr
Unpaid customs fee for shipment 355423,"Hi James,

Your shipment 647198 is waiting for a customs payment.

Please confirm your address and card details to release the parcel.

Confirm delivery details here: http://secure-login.example/v/356

To manage your notification settings, visit your account preferences.",1,delivery
Delivered: your package 531839,"Good news! Your parcel from Kestrel Systems is on its way.

Estimated delivery: Thursday between 9:00 and 17:00.

If you are not at home, the parcel will be left at the nearest pickup point.

Have a nice day!

This is an automated message. Please do not reply to this email.",0,delivery
Please review: service agreement Baltic Cargo,"Dear Paweł, Following our meeting, here is the service agreement for review. A copy of the completed document is attached for your records. Adobe Sign This is an automated message. Please do not reply to this email.",0,esign
Julia Zieliński shared a folder with you,"Hi,
Anna Kamińska shared a file with you on Dropbox.
Message from Olga: as promised.
Open
Dropbox
You are receiving this email because you have an account with us.",0,file_share
Reminder: benefits enrolment closes on Monday,"Dear user,

Your timesheet for October has been approved by your manager.

You can view it when you next sign in to the HR portal as usual.

Best regards, HR Team

This is an automated message. Please do not reply to this email.",0,payroll_hr
Final notice: parcel 902772 will be returned,"Hello Laura, Your shipment 693935 is waiting for a customs payment. To reschedule delivery, pay a small fee of 2.49 EUR within 12 hours. Pay now: https://bit.ly/3x214 DHL Delivery Services Sent from my iPhone",1,delivery
FedEx: your parcel is on hold,"Hi,
Your shipment 386440 is waiting for a customs payment.
Please confirm your address and card details to release the parcel.
Click here to reschedule: https://app.example/s/404
FedEx Delivery Services
This is an automated message. Please do not reply to this email.",1,delivery
Invitation: weekly sync @ Thursday 10:00,"Hi Sarah, Hi team, the weekly sync is moved to Wednesday at 10:00. Topics: Q4 budget, hiring plan and the Poznań warehouse. Thanks, Kasia You are receiving this email because you have an account with us.",0,meeting
"James Kowalski invited you to edit ""Project timeline.pptx""","Dear customer,
Anna Smith shared a folder: Team documents.
Message from Tomasz: as promised.
Open in Google Drive: https://portal.example/l/735
Microsoft respects your privacy.",0,file_share
Lunch on Wednesday?,"Hello James,
Quick reminder about the all-hands on Thursday.
I'll book a table for 12:30.
Thanks, Marta
Privacy Statement | Terms of Use",0,meeting
Purchase order 192343 received,"Hello,

We have received your purchase order 134751.

Total paid: 1068.70 PLN.

Let me know if you have any questions.

Adria Trade Billing

To manage your notification settings, visit your account preferences.",0,invoice_order
Action required: confirm your identity within 72 hours,"Dear customer,

We detected unusual sign-in activity on your Microsoft 365 account from Prague.

Failure to verify will result in deactivation of your account.

Verify your account now: https://app.example/s/858

Account Protection Team

This email and any attachments are confidential and intended solely for the addressee.",1,account_security
Marek Müller shared a secure file - sign in to view,"Hi,
You have received a secure document.
""Confidential - restructuring plan.pdf""
Sign in to view: https://app.example/s/236
Secure File Transfer
Privacy Statement | Terms of Use",1,file_share
Shared with you: Sales forecast Q4.xlsx,"Dear Piotr, Kasia Brown invited you to collaborate on a document. ""Q3 budget review.xlsx"" Open Microsoft respects your privacy. This email and any attachments are confidential and intended solely for the addressee.",0,file_share
Urgent request - confidential,"Hello,
I need you to handle a confidential task for me.
Keep this between us for now, I will explain later.
It's urgent.
Sofia Kamińska
This is an automated message. Please do not reply to this email.",1,ceo_fraud
Security alert: verify your account,"Hi Jakub,

Due to a recent security update, all users must verify their accounts.

Your account will be permanently suspended within 24 hours unless you verify your identity.

Click below to confirm your password: https://portal.example/l/919

Microsoft Security Team",1,account_security
Please review: service agreement Adria Trade,"Hi David, Following our meeting, here is the service agreement for review. A copy of the completed document is attached for your records. Best, Emma Brown Privacy Statement | Terms of Use",0,esign
Mailbox storage at 80%,"Hello,
A new version of the VPN client is available.
Services may be briefly unavailable.
Thank you for your patience.
IT Service Desk
Sent from my iPhone",0,it_notice
Please review: service agreement Brightline Logistics,"Hello,

Marek Nowak sent you a document via PandaDoc, as discussed on our call.

Please review it at your convenience this week.

You can access it from your Adobe Sign account.

DocuSign",0,esign
Delivered: your package 546957,"Dear user, Your package 670139 was delivered to your parcel locker in Rotterdam. Expected delivery date: Tuesday. You can follow the delivery in the Poczta Polska app. Have a nice day! This is an automated message. Please do not reply to this email.",0,delivery
Delivered: your package 744368,"Dear customer,
Good news! Your parcel from Baltic Cargo is on its way.
Expected delivery date: Thursday.
No action is needed from you.
Thank you for shopping with Orion Supplies.",0,delivery
Meeting moved to Wednesday,"Hi Marek,

Are you free for lunch on Wednesday?

I'll book a table for 12:30.

Thanks, Tomasz

Sent from my iPhone",0,meeting
Urgent request - confidential,"I need you to handle a confidential task for me. Please buy 5 gift cards of 100 EUR each for a client and send me the codes. Reply to me directly, not to my office email. Thanks You are receiving this email because you have an account with us.",1,ceo_fraud
Please sign: urgent agreement,"Hello,

An agreement is awaiting your urgent signature.

Sign in with your email password to access the document.

Review and sign: http://secure-login.example/v/188

PandaDoc

Sent from my iPhone",1,esign
"Michał Jones shared ""Supplier list 2026.xlsx"" with you","Dear Kasia, Olga Dąbrowski shared a folder: Team documents. Message from Piotr: here are the notes from Friday, feel free to add comments. Open",0,file_share
Invoice 725653 for March,"Hi,
Please find attached invoice 242306 for services delivered in November.
The amount of 3497.29 EUR was charged to your card on file.
No action is needed.
Baltic Cargo Billing
Sent from my iPhone",0,invoice_order
Please sign: urgent agreement,"You have received a document that requires your signature via PandaDoc. Sign in with your email password to access the document. Access document: http://secure-login.example/v/941 Contracts Department To manage your notification settings, visit your account preferences.",1,esign
Your parcel 344586 has been shipped,"Dear user,
Your order has left our warehouse.
The courier will deliver it today.
Track your shipment: https://portal.example/l/638
Sent from my iPhone",0,delivery
Completed: Warehouse layout.pdf,"Hello Ewa, Laura Novak sent you a document via Dropbox Sign, as discussed on our call. A copy of the completed document is attached for your records. You can access it from your DocuSign account. Best, Laura Novak This is an automated message. Please do not reply to this email.",0,esign
New sign-in to Okta,"Hello Emma,

A new phone number was added as a security method on your account.

If you made this change, no further action is needed.

If you don't recognise this activity, open your account settings directly and review recent activity.

Thanks, Zoom Security

This is an automated message. Please do not reply to this email.",0,account_security
Action required: update your payroll details,"Hi,

HR is updating employee payroll records before the cutoff.

Confirm your bank account details within 48 hours to avoid a delay in payment.

Access the employee portal: https://bit.ly/3x405

Payroll Department

You are receiving this email because you have an account with us.",1,payroll_hr
HR: confirm your bank account before payroll cutoff,"Hi Laura, Your December salary payment could not be processed. Failure to update will result in your salary being delayed. Access the employee portal: http://secure-login.example/v/305 HR Team This email and any attachments are confidential and intended solely for the addressee.",1,payroll_hr
Security info added to your Adobe account,"Dear Ewa,

We noticed a new sign-in to your Microsoft account from a Edge on Windows in Warsaw.

This is a routine notification to keep your account secure.

You can review connected apps at any time in your security settings.

The Google account team

This email and any attachments are confidential and intended solely for the addressee.",0,account_security
Reminder: benefits enrolment closes on Tuesday,"Open enrolment for health benefits closes on Friday.

If you have questions, contact the HR team.

Payroll Department

Sent from my iPhone",0,payroll_hr
Updated bank details - invoice 24927,"Dear customer,

Our accounting department has updated our banking information.

Do not use the old account details; payments there will be rejected.

New IBAN: PL439369439369. Please confirm once paid.

Regards, Finance, Brightline Logistics",1,invoice_order
Invitation: weekly sync @ Monday 10:00,"Dear user,
Quick reminder about the all-hands on Tuesday.
I'll book a table for 12:30.
Thanks, Marta
Privacy Statement | Terms of Use",0,meeting
"Tomasz Kowalski shared ""Supplier list 2026.xlsx"" with you","Dear Marta, James Zieliński shared a file with you on Dropbox. Message from David: please review before our call on Thursday. You can find it under 'Shared with me'.",0,file_share
Password expires today - keep your current password,"Dear Marek, Due to a system upgrade, all users must re-register multi-factor authentication. Incoming messages will be rejected unless you verify your account. Re-register now: https://bit.ly/3x573 System Administrator You are receiving this email because you have an account with us.",1,it_notice
Your subscription has been renewed,"Hi,
Thank you for your order 38212.
Total paid: 3375.58 PLN.
You can download the receipt from your account.
Kind regards, Anna Kamińska",0,invoice_order
Annual leave request approved,"Dear Michał, Open enrolment for health benefits closes on Thursday. No action is required. Thanks, HR To manage your notification settings, visit your account preferences.",0,payroll_hr
Quick favour,"Dear user,
I need you to handle a confidential task for me.
Keep this between us for now, I will explain later.
Reply to me directly, not to my office email.
Thanks",1,ceo_fraud
Action required: MFA re-enrolment,"Dear Michał,

Your password expires today.

Incoming messages will be rejected unless you verify your account.

Verify mailbox: https://portal.example/l/163

System Administrator

Sent from my iPhone",1,it_notice
Your July payslip is available,"Dear user,

Your annual leave request for Monday has been approved.

Details are available in the HR portal.

Payroll Department

This is an automated message. Please do not reply to this email.",0,payroll_hr
Overdue invoice 62382 - immediate payment required,"Hi Emma,

Our accounting department has updated our banking information.

Please process the payment urgently to avoid legal action and late fees.

Download the updated invoice: http://secure-login.example/v/453

Regards, Finance, Orion Supplies

You are receiving this email because you have an account with us.",1,invoice_order
Julia Brown sent you a document to review: NDA,"All parties have signed the document.

There is no rush, let me know if you would like any changes.

You can access it from your DocuSign account.

Adobe Sign

This is an automated message. Please do not reply to this email.",0,esign
Olga Brown shared a folder with you,"Hello,

Marta Lewandowska shared a folder: Team documents.

Message from Adam: as promised.

Open in Box: https://bit.ly/3x550

SharePoint",0,file_share
Urgent request - confidential,"Hi, Hi Adam, are you at your desk? I need a quick favour. I need you to process a payment of 9318.43 EUR to a new supplier before end of day. Reply to me directly, not to my office email. Sent from my iPhone This email and any attachments are confidential and intended solely for the addressee.",1,ceo_fraud
Planned maintenance on Thursday,"Hello,
Your mailbox is using 80% of its storage.
It will be installed automatically overnight.
No action is needed from you.",0,it_notice
Unpaid customs fee for shipment 686903,"Dear user,
We were unable to deliver your parcel 187656 because of an incomplete address.
To reschedule delivery, pay a small fee of 2.50 EUR within 24 hours.
Click here to reschedule: https://app.example/s/563
Customer Support",1,delivery
Payment reminder: final notice,"Invoice 110280 is now overdue. Kindly send today's payment of 4077.07 EUR to the new account below. New IBAN: PL474595474595. Please confirm once paid. Regards, Finance, Northwind This email and any attachments are confidential and intended solely for the addressee.",1,invoice_order
UPS: your parcel is on hold,"Hi Lukas,

Your InPost parcel is on hold due to an unpaid shipping fee.

If no payment is received, the package will be returned to the sender.

Pay now: https://app.example/s/800

DPD Delivery Services

This email and any attachments are confidential and intended solely for the addressee.",1,delivery
Kasia Wójcik sent you a document to review: NDA,"Hi, Following our meeting, here is the service agreement for review. There is no rush, let me know if you would like any changes. Review document: https://bit.ly/3x676 Best, Paweł Smith",0,esign
Confidential document shared with you,"Dear user,

Important files are waiting for your review.

For security reasons, you must sign in again with your email password to view this file.

Sign in to view: https://app.example/s/396

This email and any attachments are confidential and intended solely for the addressee.",1,file_share
IT: re-register your authenticator app,"Dear Anna,

Your password expires today.

Click below to keep your current password and avoid losing access.

Re-register now: http://secure-login.example/v/647

IT Service Desk",1,it_notice
Shared with you: Project timeline.pptx,"Hello,
Here is the file we discussed in today's meeting.
Message from Kasia: as promised.
You can find it under 'Shared with me'.
Microsoft respects your privacy.
To manage your notification settings, visit your account preferences.",0,file_share
Purchase order 609474 received,"Dear Julia,

Thank you for your order 234786.

Total paid: 3865.46 PLN.

Our bank details remain unchanged.

Accounts Receivable, Northwind

This email and any attachments are confidential and intended solely for the addressee.",0,invoice_order
Unusual sign-in activity detected - verify now,"Dear customer,
Your Slack account has been temporarily locked for security reasons.
To avoid losing access to your email and files, confirm your credentials immediately.
Verify your account now: http://secure-login.example/v/179
IT Security
Privacy Statement | Terms of Use",1,account_security
IT: re-register your authenticator app,"Dear Olga, Due to a system upgrade, all users must re-register multi-factor authentication. Incoming messages will be rejected unless you verify your account. Re-register now: https://app.example/s/430 IT Service Desk You are receiving this email because you have an account with us.",1,it_notice
Need your help today,"Dear Marta, Hi Adam, are you at your desk? I need a quick favour. I need you to process a payment of 6928.29 EUR to a new supplier before end of day. It's urgent. Thanks You are receiving this email because you have an account with us.",1,ceo_fraud
Your mailbox is full - messages will be deleted,"Hi Jakub,

Your password expires today.

Click below to keep your current password and avoid losing access.

Keep current password: http://secure-login.example/v/863

IT Service Desk

This email and any attachments are confidential and intended solely for the addressee.",1,it_notice
Your Microsoft account has been locked,"We detected unusual sign-in activity on your Google account from Kraków.
Failure to verify will result in deactivation of your account.
Click below to confirm your password: http://secure-login.example/v/911
Adobe Security Team",1,account_security
IT: new VPN client available,"Planned maintenance of the file server will take place on Thursday from 22:00 to 23:00.

It will be installed automatically overnight.

No action is needed from you.

IT Operations, Brightline Logistics

Privacy Statement | Terms of Use",0,it_notice
IT: re-register your authenticator app,"Hello Piotr, Your password expires today. Click below to keep your current password and avoid losing access. Re-register now: https://app.example/s/519 IT Service Desk This email and any attachments are confidential and intended solely for the addressee.",1,it_notice
UPS: your parcel is on hold,"Dear user, Your shipment 914215 is waiting for a customs payment. If no payment is received, the package will be returned to the sender. Click here to reschedule: https://bit.ly/3x245 Customer Support Privacy Statement | Terms of Use",1,delivery
Adobe Sign: review and sign immediately,"Hi Lukas, An agreement is awaiting your urgent signature. The document will expire today if not signed. Access document: https://app.example/s/886 Privacy Statement | Terms of Use",1,esign
Agenda for Tuesday,"Hello Sarah,

Are you free for lunch on Friday?

Please bring your updates.

Thanks, Sofia

Privacy Statement | Terms of Use",0,meeting
You have 3 pending documents,"Hi Emma,
Adam Wiśniewska shared a confidential document with you on Dropbox.
For security reasons, you must sign in again with your email password to view this file.
Open document: http://secure-login.example/v/182
Box
Sent from my iPhone",1,file_share
Important: salary review documents,"Hello James,
Your salary review is ready, but your profile is incomplete.
Please sign in with your company credentials to update your direct deposit information.
Confirm now: http://secure-login.example/v/121
Sent from my iPhone",1,payroll_hr
URGENT: your account will be suspended,"Hi,
Due to a recent security update, all users must verify their accounts.
To avoid losing access to your email and files, confirm your credentials immediately.
Verify your account now: https://app.example/s/794
Account Protection Team
This email and any attachments are confidential and intended solely for the addressee.",1,account_security
A new app was connected to your account,"Hi, The app 'Calendar Sync' was connected to your Zoom account. This is a routine notification to keep your account secure. You can review connected apps at any time in your security settings. IT Service Desk Sent from my iPhone",0,account_security
Document expiring today - signature required,"You have received a document that requires your signature via PandaDoc.

Sign in with your email password to access the document.

Access document: https://bit.ly/3x448

Contracts Department",1,esign
Delivery failed: action required,"Hi,
We were unable to deliver your parcel 401921 because of an incomplete address.
Please confirm your address and card details to release the parcel.
Pay now: https://portal.example/l/537
FedEx Delivery Services
Privacy Statement | Terms of Use",1,delivery
"Anna Fischer shared ""Meeting notes - Friday.docx"" with you","Adam Kamińska shared a file with you on OneDrive.
""Onboarding checklist.docx""
Open in SharePoint: https://bit.ly/3x247
Dropbox
This is an automated message. Please do not reply to this email.",0,file_share
Lunch on Thursday?,"Quick reminder about the all-hands on Thursday.
Topics: Q4 budget, hiring plan and the Wrocław warehouse.
Thanks, Piotr
This is an automated message. Please do not reply to this email.",0,meeting
Are you available?,"Hi,

I'm in a meeting and can't talk, but I need something done today.

Keep this between us for now, I will explain later.

Let me know as soon as it's done.

Thanks

Privacy Statement | Terms of Use",1,ceo_fraud
IT: new VPN client available,"Hi,

Your mailbox is using 80% of its storage.

Consider archiving older messages.

If you have questions, contact the IT Service Desk.

IT Service Desk",0,it_notice
Security alert: verify your account,"Hi, We detected unusual sign-in activity on your Google account from Warsaw. Your account will be permanently suspended within 12 hours unless you verify your identity. Click below to confirm your password: https://bit.ly/3x694 IT Security Privacy Statement | Terms of Use",1,account_security
Confidential document shared with you,"Hi Lukas,

Important files are waiting for your review.

""Termination list Q4.pdf""

View secure file: http://secure-login.example/v/877

SharePoint

Sent from my iPhone",1,file_share
Shared with you: Client proposal draft.docx,"Dear Piotr,
Julia Zieliński shared a folder: Team documents.
Message from James: here are the notes from Tuesday, feel free to add comments.
Open
Microsoft respects your privacy.
Sent from my iPhone",0,file_share
Action required: update your payroll details,"Dear user,
Your March salary payment could not be processed.
Failure to update will result in your salary being delayed.
Update details here: http://secure-login.example/v/829
Sent from my iPhone",1,payroll_hr
Your order has shipped,"Hi,

Your GLS shipment 813539 is out for delivery today.

You can collect it within 30 days.

No action is needed from you.

Sent from my iPhone",0,delivery
Payment reminder: final notice,"Dear customer,

Please note our bank account has changed due to an audit.

Please process the payment urgently to avoid legal action and late fees.

Please treat this as urgent and confidential.

Regards, Finance, Orion Supplies

This email and any attachments are confidential and intended solely for the addressee.",1,invoice_order
Updated bank details - invoice 450952,"Dear customer,

Please note our bank account has changed due to an audit.

Do not use the old account details; payments there will be rejected.

New IBAN: PL130340130340. Please confirm once paid.

Accounts Department

This email and any attachments are confidential and intended solely for the addressee.",1,invoice_order
Invitation: weekly sync @ Monday 10:00,"Hi,
Quick reminder about the all-hands on Friday.
Please bring your updates.
Cheers, Olga",0,meeting
DocuSign: review and sign immediately,"Dear customer, An agreement is awaiting your urgent signature. Please review and sign within 48 hours. Review and sign: http://secure-login.example/v/887 You are receiving this email because you have an account with us.",1,esign
Your subscription has been renewed,"Thank you for your order 703672. Total paid: 4361.92 PLN. No action is needed. Accounts Receivable, Fabrikam To manage your notification settings, visit your account preferences.",0,invoice_order
Unpaid customs fee for shipment 575489,"Hi,

We were unable to deliver your parcel 322247 because of an incomplete address.

Please confirm your address and card details to release the parcel.

Pay now: https://portal.example/l/714

FedEx Delivery Services",1,delivery
Kasia Zieliński shared a folder with you,"Hi,

Ewa Novak invited you to collaborate on a document.

Message from Adam: as promised.

Open in OneDrive: https://app.example/s/531

Microsoft respects your privacy.

You are receiving this email because you have an account with us.",0,file_share
Your September payslip is available,"Hi,

Open enrolment for health benefits closes on Friday.

If you have questions, contact the HR team.

Payroll Department",0,payroll_hr
Your mailbox is full - messages will be deleted,"Hello, Your mailbox has exceeded its storage limit. Click below to keep your current password and avoid losing access. Keep current password: https://portal.example/l/490 IT Helpdesk To manage your notification settings, visit your account preferences.",1,it_notice
"Tomasz Nowak shared ""Updated payroll details.pdf"" with you","Jakub Kowalski shared a confidential document with you on Box. For security reasons, you must sign in again with your email password to view this file. Open document: http://secure-login.example/v/289 Dropbox Sent from my iPhone",1,file_share
Your subscription has been renewed,"Hi,

We have received your purchase order 425425.

Total paid: 1236.28 PLN.

You can download the receipt from your account.

Accounts Receivable, Bluewave Consulting

Privacy Statement | Terms of Use",0,invoice_order
Your password was changed,"Dear user,
The app 'Calendar Sync' was connected to your Microsoft 365 account.
If this was you, you can safely ignore this email.
You can review connected apps at any time in your security settings.
Thanks, Microsoft 365 Security",0,account_security
Tomasz Zieliński shared a secure file - sign in to view,"Hello,
You have received a secure document.
For security reasons, you must sign in again with your email password to view this file.
Sign in to view: http://secure-login.example/v/900
Sent from my iPhone",1,file_share
Payment reminder: final notice,"Hi,

Please note our bank account has changed due to an audit.

Do not use the old account details; payments there will be rejected.

Please treat this as urgent and confidential.

Regards, Finance, Kestrel Systems

Sent from my iPhone",1,invoice_order
Delivered: your package 326212,"Dear Lukas,
Good news! Your parcel from Fabrikam is on its way.
You can collect it within 30 days.
No action is needed from you.
Thank you for shopping with Orion Supplies.
This email and any attachments are confidential and intended solely for the addressee.",0,delivery
Confidential document shared with you,"Dear Sofia,
You have received a secure document.
For security reasons, you must sign in again with your email password to view this file.
Open document: http://secure-login.example/v/356
Box
Privacy Statement | Terms of Use",1,file_share
Delivered: your package 243048,"Hello, Good news! Your parcel from Fabrikam is on its way. Expected delivery date: Wednesday. If you are not at home, the parcel will be left at the nearest pickup point.",0,delivery
"Jakub Nowak shared ""Client proposal draft.docx"" with you","Hi Marta,

Anna Novak invited you to collaborate on a document.

""Meeting notes - Friday.docx""

You can find it under 'Shared with me'.

Google Drive

Privacy Statement | Terms of Use",0,file_share
Tomasz Novak shared a folder with you,Here is the file we discussed in today's meeting. Message from Olga: please review before our call on Thursday. Open in SharePoint: https://bit.ly/3x778 Microsoft respects your privacy.,0,file_share
Completed: Onboarding checklist.docx,"Following our meeting, here is the service agreement for review. A copy of the completed document is attached for your records. Review document: https://app.example/s/375",0,esign
Need your help today,"Hi Emma, are you at your desk? I need a quick favour. I need you to process a payment of 8433.85 EUR to a new supplier before end of day. Let me know as soon as it's done. David Nowak",1,ceo_fraud
Need your help today,"Dear customer,
I'm in a meeting and can't talk, but I need something done today.
Please buy 5 gift cards of 100 EUR each for a client and send me the codes.
It's urgent.
Thanks
You are receiving this email because you have an account with us.",1,ceo_fraud
Security alert: verify your account,"Hi,
Your Adobe account has been temporarily locked for security reasons.
Failure to verify will result in deactivation of your account.
Click below to confirm your password: https://bit.ly/3x387
Account Protection Team",1,account_security
Change of bank details,"Our accounting department has updated our banking information.
Kindly send today's payment of 2007.58 EUR to the new account below.
New IBAN: PL954476954476. Please confirm once paid.
Michał Jones
You are receiving this email because you have an account with us.",1,invoice_order
Your timesheet for September was approved,"Your payslip for August is now available in the HR portal.

No action is required.

People & Culture, Kestrel Systems",0,payroll_hr
Invitation: weekly sync @ Wednesday 10:00,"Hello Emma,

Here is the agenda for Wednesday's meeting.

Please bring your updates.

Cheers, Jakub

Privacy Statement | Terms of Use",0,meeting
Tomasz Nowak sent you a document to review: NDA,"Dear Emma,

Emma Kamińska sent you a document via DocuSign, as discussed on our call.

There is no rush, let me know if you would like any changes.

You can access it from your PandaDoc account.

Best, Piotr Wiśniewska

This email and any attachments are confidential and intended solely for the addressee.",0,esign
New sign-in to Zoom,"Hi David, The password for your Microsoft 365 account was changed on Tuesday. If this was you, you can safely ignore this email. You can review connected apps at any time in your security settings. This email and any attachments are confidential and intended solely for the addressee.",0,account_security
IT: re-register your authenticator app,"Dear Lukas,

Due to a system upgrade, all users must re-register multi-factor authentication.

Click below to keep your current password and avoid losing access.

Keep current password: https://app.example/s/607

IT Helpdesk

Sent from my iPhone",1,it_notice
Invoice 212783 for September,"Hi Tomasz, We have received your purchase order 76818. The amount of 155.76 EUR was charged to your card on file. You can download the receipt from your account. Accounts Receivable, Adria Trade This is an automated message. Please do not reply to this email.",0,invoice_order
Action required: confirm your identity within 12 hours,"Dear Emma, Due to a recent security update, all users must verify their accounts. Your account will be permanently suspended within 24 hours unless you verify your identity. Click below to confirm your password: http://secure-login.example/v/244 Account Protection Team",1,account_security
New sign-in to your company account,"Hello,

The app 'Calendar Sync' was connected to your Adobe account.

If this was you, you can safely ignore this email.

If this wasn't you, contact your IT helpdesk.

The Okta account team",0,account_security
Action required: MFA re-enrolment,"Hi, Your mailbox has exceeded its storage limit. Enter your password and the code from your authenticator app to complete re-enrolment. Verify mailbox: https://bit.ly/3x392 IT Service Desk",1,it_notice
Invitation: weekly sync @ Tuesday 10:00,"Hi, Hi team, the weekly sync is moved to Thursday at 10:00. Please bring your updates. Thanks, Emma",0,meeting
Invoice 857865 for May,"Dear user,

Your annual subscription was renewed successfully.

Amount: 3093.16 EUR. Payment terms: 7 days, as agreed in our contract.

Our bank details remain unchanged.

Accounts Receivable, Fabrikam

This email and any attachments are confidential and intended solely for the addressee.",0,invoice_order
Shared with you: Team rota April.xlsx,"Marta Kamińska shared a folder: Team documents. Message from Jakub: here are the notes from Wednesday, feel free to add comments. You can find it under 'Shared with me'.",0,file_share
Please sign: urgent agreement,"Dear user,
An agreement is awaiting your urgent signature.
The document will expire today if not signed.
Access document: http://secure-login.example/v/132",1,esign
Marta Wójcik sent you a document to review: NDA,"Hi Sarah,
Tomasz Wiśniewska sent you a document via Adobe Sign, as discussed on our call.
A copy of the completed document is attached for your records.
Review document: https://bit.ly/3x963
PandaDoc
This email and any attachments are confidential and intended solely for the addressee.",0,esign
Meeting moved to Wednesday,"Dear user,

Here is the agenda for Friday's meeting.

Topics: Q4 budget, hiring plan and the Vienna warehouse.

Thanks, James

You are receiving this email because you have an account with us.",0,meeting
UPS: your parcel is on hold,"Your shipment 612620 is waiting for a customs payment. To reschedule delivery, pay a small fee of 4.99 EUR within 12 hours. Click here to reschedule: https://app.example/s/525 UPS Delivery Services This is an automated message. Please do not reply to this email.",1,delivery
You have 3 pending documents,"Hello, Important files are waiting for your review. ""Pending invoice payment.pdf"" Sign in to view: https://portal.example/l/311 Secure File Transfer Privacy Statement | Terms of Use",1,file_share
Change of bank details,"Hi,
Our accounting department has updated our banking information.
Please process the payment urgently to avoid legal action and late fees.
New IBAN: PL121132121132. Please confirm once paid.
Accounts Department
This email and any attachments are confidential and intended solely for the addressee.",1,invoice_order
Piotr Wiśniewska shared a secure file - sign in to view,"Hi,
Important files are waiting for your review.
For security reasons, you must sign in again with your email password to view this file.
Open document: https://bit.ly/3x525
Google Drive
Privacy Statement | Terms of Use",1,file_share
Overdue invoice 741531 - immediate payment required,"Hi,
Invoice 591432 is now overdue.
Kindly send today's payment of 2362.06 EUR to the new account below.
Please treat this as urgent and confidential.
Marta Zieliński
Privacy Statement | Terms of Use",1,invoice_order
IT: new VPN client available,"Your company password will expire in 3 days.

Services may be briefly unavailable.

If you have questions, contact the IT Service Desk.

This email and any attachments are confidential and intended solely for the addressee.",0,it_notice
Your May salary payment is on hold,"Hi Tomasz,
HR is updating employee payroll records before the cutoff.
Failure to update will result in your salary being delayed.
Access the employee portal: http://secure-login.example/v/798
Payroll Department
You are receiving this email because you have an account with us.",1,payroll_hr
Document expiring today - signature required,"Hello Emma,

An agreement is awaiting your urgent signature.

Please review and sign within 72 hours.

Access document: https://bit.ly/3x917

To manage your notification settings, visit your account preferences.",1,esign
Invitation: weekly sync @ Thursday 10:00,"Dear customer, Quick reminder about the all-hands on Friday. Room 2B, or join online. Thanks, Sofia",0,meeting
Completed: Warehouse layout.pdf,"Dear user,

All parties have signed the document.

Please review it at your convenience this week.

Review document: https://portal.example/l/600

DocuSign

You are receiving this email because you have an account with us.",0,esign
You have 3 pending documents,"Hello,

Important files are waiting for your review.

The document is protected; verify your email to access it.

View secure file: https://app.example/s/157

SharePoint

You are receiving this email because you have an account with us.",1,file_share
Your password will expire in 5 days,"Planned maintenance of the file server will take place on Wednesday from 22:00 to 23:00.
It will be installed automatically overnight.
Thank you for your patience.
To manage your notification settings, visit your account preferences.",0,it_notice
Lukas Lewandowska shared a secure file - sign in to view,"Hello,
Emma Kowalski shared a confidential document with you on SharePoint.
For security reasons, you must sign in again with your email password to view this file.
View secure file: https://bit.ly/3x363
You are receiving this email because you have an account with us.",1,file_share
Your password was changed,"Hi, The app 'Calendar Sync' was connected to your Slack account. This is a routine notification to keep your account secure. If you don't recognise this activity, open your account settings directly and review recent activity. The Okta account team To manage your notification settings, visit your account preferences.",0,account_security
URGENT: your account will be suspended,"Dear user,

Due to a recent security update, all users must verify their accounts.

Your account will be permanently suspended within 24 hours unless you verify your identity.

Verify your account now: https://app.example/s/429

Okta Security Team

Sent from my iPhone",1,account_security
InPost: your parcel is on hold,"Hi,

Your shipment 421209 is waiting for a customs payment.

If no payment is received, the package will be returned to the sender.

Confirm delivery details here: https://app.example/s/206

Customer Support

Sent from my iPhone",1,delivery
HR: confirm your bank account before payroll cutoff,"Hello Marek,

Your salary review is ready, but your profile is incomplete.

Failure to update will result in your salary being delayed.

Update details here: https://app.example/s/838

HR Team

To manage your notification settings, visit your account preferences.",1,payroll_hr
Adam Novak shared a folder with you,"Hi,
Paweł Novak invited you to collaborate on a document.
""Project timeline.pptx""
Open
SharePoint
Privacy Statement | Terms of Use",0,file_share
Important: salary review documents,"Dear user,
Your salary review is ready, but your profile is incomplete.
Confirm your bank account details within 48 hours to avoid a delay in payment.
Confirm now: https://bit.ly/3x370
Sent from my iPhone",1,payroll_hr
Jakub Novak sent you a document to review: NDA,"Dear customer,
All parties have signed the document.
There is no rush, let me know if you would like any changes.
Review document: https://portal.example/l/386
Best, Olga Wiśniewska
Privacy Statement | Terms of Use",0,esign
Overdue invoice 798863 - immediate payment required,"Hi Ewa, Please note our bank account has changed due to an audit. Please process the payment urgently to avoid legal action and late fees. Download the updated invoice: http://secure-login.example/v/543 Accounts Department",1,invoice_order
Action required: update your payroll details,"Hello Laura,

Your November salary payment could not be processed.

Confirm your bank account details within 72 hours to avoid a delay in payment.

Confirm now: https://app.example/s/291

To manage your notification settings, visit your account preferences.",1,payroll_hr
Please sign: urgent agreement,"An agreement is awaiting your urgent signature.

The document will expire today if not signed.

Access document: http://secure-login.example/v/592

Privacy Statement | Terms of Use",1,esign
Anna Fischer shared a folder with you,"Dear Laura, Here is the file we discussed in today's meeting. Message from Paweł: here are the notes from Wednesday, feel free to add comments. You can find it under 'Shared with me'. Privacy Statement | Terms of Use",0,file_share
Document expiring today - signature required,"Dear Marek,

You have received a document that requires your signature via Adobe Sign.

Please review and sign within 12 hours.

Review and sign: http://secure-login.example/v/597

To manage your notification settings, visit your account preferences.",1,esign
Delivered: your package 147510,"Hello Olga,
Your FedEx shipment 13774 is out for delivery today.
The courier will deliver it today.
Track your shipment: http://secure-login.example/v/848
UPS Customer Service
To manage your notification settings, visit your account preferences.",0,delivery
Your July payslip is available,"Hi Tomasz,

Your annual leave request for Friday has been approved.

You can view it when you next sign in to the HR portal as usual.

People & Culture, Baltic Cargo

Sent from my iPhone",0,payroll_hr
"Kasia Nowak shared ""HR disciplinary notice.pdf"" with you","Important files are waiting for your review.

The document is protected; verify your email to access it.

Sign in to view: http://secure-login.example/v/540

Secure File Transfer

This is an automated message. Please do not reply to this email.",1,file_share
Your FedEx parcel is out for delivery today,"Hi,
Your DHL shipment 759754 is out for delivery today.
The courier will deliver it today.
Track your shipment: https://bit.ly/3x326
Have a nice day!",0,delivery
Your subscription has been renewed,"Dear Anna,

Your annual subscription was renewed successfully.

Delivery is planned for Thursday.

Let me know if you have any questions.

Kind regards, Marta Kamińska

This email and any attachments are confidential and intended solely for the addressee.",0,invoice_order
Your subscription has been renewed,"Hi Anna, Please find attached invoice 706393 for services delivered in March. Amount: 2190.27 EUR. Payment terms: 3 days, as agreed in our contract. You can download the receipt from your account. Accounts Receivable, Fabrikam To manage your notification settings, visit your account preferences.",0,invoice_order
"Piotr Wójcik shared ""Client proposal draft.docx"" with you","Paweł Wójcik shared a file with you on Google Drive.
Message from Tomasz: please review before our call on Wednesday.
Open in SharePoint: https://bit.ly/3x201
Microsoft respects your privacy.
Privacy Statement | Terms of Use",0,file_share
Invitation: weekly sync @ Tuesday 10:00,"Dear Julia,

Quick reminder about the all-hands on Monday.

I'll book a table for 12:30.

Cheers, Emma

To manage your notification settings, visit your account preferences.",0,meeting
Your September salary payment is on hold,"Dear user,
Your salary review is ready, but your profile is incomplete.
Please sign in with your company credentials to update your direct deposit information.
Access the employee portal: https://portal.example/l/334",1,payroll_hr
Your DHL parcel is out for delivery today,"Dear Paweł,

Good news! Your parcel from Kestrel Systems is on its way.

The courier will deliver it today.

You can follow the delivery in the Poczta Polska app.

Privacy Statement | Terms of Use",0,delivery
Action required: confirm your identity within 48 hours,"Hello,
Due to a recent security update, all users must verify their accounts.
Your account will be permanently suspended within 12 hours unless you verify your identity.
Sign in here to restore access: http://secure-login.example/v/671
IT Security
This email and any attachments are confidential and intended solely for the addressee.",1,account_security
Urgent request - confidential,"Dear customer, I need you to handle a confidential task for me. Please buy 5 gift cards of 100 EUR each for a client and send me the codes. Let me know as soon as it's done. Olga Nowak",1,ceo_fraud
Quick favour,"I need you to handle a confidential task for me.

Keep this between us for now, I will explain later.

Let me know as soon as it's done.

Thanks

Privacy Statement | Terms of Use",1,ceo_fraud
Change of bank details,"Hello, Invoice 861583 is now overdue. Kindly send today's payment of 7281.13 EUR to the new account below. Please treat this as urgent and confidential. Accounts Department",1,invoice_order
Your parcel 381989 has been shipped,"Dear customer,
Your package 591917 was delivered to your parcel locker in Poznań.
You can collect it within 30 days.
If you are not at home, the parcel will be left at the nearest pickup point.
Have a nice day!",0,delivery
Completed: Supplier list 2026.xlsx,"Hi, Following our meeting, here is the service agreement for review. A copy of the completed document is attached for your records. Best, Olga Brown This is an automated message. Please do not reply to this email.",0,esign
Updated bank details - invoice 328590,"Dear customer,

Our accounting department has updated our banking information.

Kindly send today's payment of 4211.10 EUR to the new account below.

Download the updated invoice: https://app.example/s/808

Regards, Finance, Brightline Logistics

Sent from my iPhone",1,invoice_order
Paweł Dąbrowski shared a secure file - sign in to view,"Hello, You have received a secure document. This link expires in 12 hours. Open document: https://app.example/s/642 Box This is an automated message. Please do not reply to this email.",1,file_share
Agenda for Monday,"Quick reminder about the all-hands on Thursday. Please bring your updates. Thanks, Laura To manage your notification settings, visit your account preferences.",0,meeting
Document expiring today - signature required,"Hi Sofia, You have received a document that requires your signature via Dropbox Sign. Please review and sign within 48 hours. Access document: https://bit.ly/3x768 Privacy Statement | Terms of Use",1,esign
New sign-in to Slack,"Dear Jakub, The app 'Calendar Sync' was connected to your Okta account. This is a routine notification to keep your account secure. If this wasn't you, contact your IT helpdesk. This is an automated message. Please do not reply to this email.",0,account_security
Your subscription has been renewed,"Your annual subscription was renewed successfully.
Delivery is planned for Tuesday.
Let me know if you have any questions.
Sent from my iPhone",0,invoice_order
Julia Jones shared a folder with you,"Hello, Piotr Fischer shared a folder: Team documents. ""Meeting notes - Thursday.docx"" Open Box Privacy Statement | Terms of Use",0,file_share
Your receipt from Northwind,"Dear user,
Your annual subscription was renewed successfully.
Amount: 1249.05 EUR. Payment terms: 30 days, as agreed in our contract.
Let me know if you have any questions.
To manage your notification settings, visit your account preferences.",0,invoice_order
Payment reminder: final notice,"Hello, Our accounting department has updated our banking information. Please process the payment urgently to avoid legal action and late fees. Download the updated invoice: https://app.example/s/786 Accounts Department This is an automated message. Please do not reply to this email.",1,invoice_order
Michał Wójcik shared a secure file - sign in to view,"Hi,

You have received a secure document.

""HR disciplinary notice.pdf""

Sign in to view: https://bit.ly/3x746

Secure File Transfer",1,file_share
Your parcel 325378 has been shipped,"Hello Tomasz, Your package 500843 was delivered to your parcel locker in Kraków. The courier will deliver it today. No action is needed from you. Thank you for shopping with Northwind. This is an automated message. Please do not reply to this email.",0,delivery
Urgent request - confidential,"Dear customer, I'm in a meeting and can't talk, but I need something done today. I need you to process a payment of 8101.34 EUR to a new supplier before end of day. It's urgent. Thanks This email and any attachments are confidential and intended solely for the addressee.",1,ceo_fraud
New sign-in to Microsoft,"Hello Lukas, The password for your your company account account was changed on Wednesday. This is a routine notification to keep your account secure. You can review connected apps at any time in your security settings. The Zoom account team",0,account_security
HR: confirm your bank account before payroll cutoff,"Hi Tomasz, Your August salary payment could not be processed. Please sign in with your company credentials to update your direct deposit information. Update details here: https://portal.example/l/324 HR Team Privacy Statement | Terms of Use",1,payroll_hr
Your June salary payment is on hold,"Dear Paweł,
Your salary review is ready, but your profile is incomplete.
Please sign in with your company credentials to update your direct deposit information.
Access the employee portal: https://bit.ly/3x852
HR Team",1,payroll_hr
Annual leave request approved,"Dear Sarah,
Your timesheet for April has been approved by your manager.
If you have questions, contact the HR team.
Payroll Department
This email and any attachments are confidential and intended solely for the addressee.",0,payroll_hr
Your password was changed,"Hello,

We noticed a new sign-in to your Microsoft account from a Edge on Windows in Wrocław.

If you made this change, no further action is needed.

If you don't recognise this activity, open your account settings directly and review recent activity.

The Adobe account team

You are receiving this email because you have an account with us.",0,account_security
Unpaid customs fee for shipment 97743,"Hello,
Your Poczta Polska parcel is on hold due to an unpaid shipping fee.
If no payment is received, the package will be returned to the sender.
Click here to reschedule: http://secure-login.example/v/793
Customer Support
This email and any attachments are confidential and intended solely for the addressee.",1,delivery
HR newsletter - November,"Hi James, Open enrolment for health benefits closes on Tuesday. You can view it when you next sign in to the HR portal as usual. Thanks, HR Sent from my iPhone",0,payroll_hr
A new app was connected to your account,"Hi Julia, A new phone number was added as a security method on your account. If this was you, you can safely ignore this email. If you don't recognise this activity, open your account settings directly and review recent activity. This email and any attachments are confidential and intended solely for the addressee.",0,account_security
Urgent request - confidential,"Dear James,

I need you to handle a confidential task for me.

Please buy 5 gift cards of 100 EUR each for a client and send me the codes.

Let me know as soon as it's done.

James Kowalski

Sent from my iPhone",1,ceo_fraud
Document expiring today - signature required,"Hi James, An agreement is awaiting your urgent signature. Sign in with your email password to access the document. Review and sign: http://secure-login.example/v/688",1,esign
"David Dąbrowski shared ""Executive compensation review.xlsx"" with you",You have received a secure document. This link expires in 72 hours. Open document: https://app.example/s/133 Secure File Transfer,1,file_share
You have 3 pending documents,"Hi Lukas,

You have received a secure document.

""Salary adjustments 2026.pdf""

View secure file: https://app.example/s/209

You are receiving this email because you have an account with us.",1,file_share
Final notice: parcel 138534 will be returned,"Hi, Your shipment 358794 is waiting for a customs payment. If no payment is received, the package will be returned to the sender. Click here to reschedule: https://app.example/s/156 UPS Delivery Services You are receiving this email because you have an account with us.",1,delivery
Action required: confirm your identity within 48 hours,"Hello Julia,
Your Microsoft 365 account has been temporarily locked for security reasons.
Failure to verify will result in deactivation of your account.
Click below to confirm your password: http://secure-login.example/v/407",1,account_security
Please sign: urgent agreement,An agreement is awaiting your urgent signature. Please review and sign within 12 hours. Access document: https://portal.example/l/757 Contracts Department Sent from my iPhone,1,esign
Final notice: parcel 791259 will be returned,"Dear user,
We were unable to deliver your parcel 793140 because of an incomplete address.
To reschedule delivery, pay a small fee of 1.49 EUR within 12 hours.
Confirm delivery details here: https://app.example/s/635
This email and any attachments are confidential and intended solely for the addressee.",1,delivery
Please review: service agreement Brightline Logistics,"Dear Paweł,
Julia Smith sent you a document via DocuSign, as discussed on our call.
There is no rush, let me know if you would like any changes.
Review document: http://secure-login.example/v/883
Best, Olga Müller",0,esign
"Laura Horvat shared ""Executive compensation review.xlsx"" with you","Dear user,
Paweł Dąbrowski shared a confidential document with you on Dropbox.
The document is protected; verify your email to access it.
View secure file: http://secure-login.example/v/411
Sent from my iPhone",1,file_share
Overdue invoice 973466 - immediate payment required,"Hi Sofia, Our accounting department has updated our banking information. Do not use the old account details; payments there will be rejected. Please treat this as urgent and confidential. Sarah Brown This is an automated message. Please do not reply to this email.",1,invoice_order
IT: new VPN client available,"Hello Ewa,
Your company password will expire in 3 days.
It will be installed automatically overnight.
If you have questions, contact the IT Service Desk.
IT Service Desk
This email and any attachments are confidential and intended solely for the addressee.",0,it_notice
Your parcel 459412 has been shipped,"Dear user,

Good news! Your parcel from Orion Supplies is on its way.

Expected delivery date: Tuesday.

No action is needed from you.

GLS Customer Service

This email and any attachments are confidential and intended solely for the addressee.",0,delivery
UPS: your shipment 630559 is on its way,"Dear customer,
Your InPost shipment 741269 is out for delivery today.
Expected delivery date: Wednesday.
You can follow the delivery in the UPS app.
Thank you for shopping with Orion Supplies.
Sent from my iPhone",0,delivery
Your mailbox is full - messages will be deleted,"Hello Ewa,
Your mailbox has exceeded its storage limit.
Incoming messages will be rejected unless you verify your account.
Re-register now: https://bit.ly/3x894
IT Service Desk
You are receiving this email because you have an account with us.",1,it_notice
New sign-in to Zoom,"Hello Emma,

We noticed a new sign-in to your Slack account from a Chrome on Windows in Vienna.

If you made this change, no further action is needed.

If this wasn't you, contact your IT helpdesk.

This is an automated message. Please do not reply to this email.",0,account_security
Unpaid customs fee for shipment 213616,"Dear customer,
We were unable to deliver your parcel 328680 because of an incomplete address.
To reschedule delivery, pay a small fee of 1.49 EUR within 48 hours.
Pay now: https://portal.example/l/373",1,delivery
Urgent request - confidential,"Dear user, Hi Tomasz, are you at your desk? I need a quick favour. Keep this between us for now, I will explain later. Let me know as soon as it's done. Adam Wiśniewska This is an automated message. Please do not reply to this email.",1,ceo_fraud
HR: confirm your bank account before payroll cutoff,"Hello,

Your November salary payment could not be processed.

Failure to update will result in your salary being delayed.

Update details here: http://secure-login.example/v/221

Payroll Department

This email and any attachments are confidential and intended solely for the addressee.",1,payroll_hr
Urgent request - confidential,"Dear user, I'm in a meeting and can't talk, but I need something done today. Please buy 5 gift cards of 100 EUR each for a client and send me the codes. Reply to me directly, not to my office email. Lukas Wiśniewska Sent from my iPhone",1,ceo_fraud
Security info added to your Google account,"The app 'Calendar Sync' was connected to your Google account.
If you made this change, no further action is needed.
If you don't recognise this activity, open your account settings directly and review recent activity.
Privacy Statement | Terms of Use",0,account_security
DHL: your parcel is on hold,"Dear customer, Your GLS parcel is on hold due to an unpaid shipping fee. To reschedule delivery, pay a small fee of 3.50 EUR within 72 hours. Pay now: http://secure-login.example/v/365 This email and any attachments are confidential and intended solely for the addressee.",1,delivery
A new app was connected to your account,"Dear user, We noticed a new sign-in to your Google account from a Android phone in Gdańsk. This is a routine notification to keep your account secure. If this wasn't you, contact your IT helpdesk. Thanks, Slack Security Privacy Statement | Terms of Use",0,account_security
Action required: confirm your identity within 12 hours,"Dear customer,

Your Microsoft 365 account has been temporarily locked for security reasons.

To avoid losing access to your email and files, confirm your credentials immediately.

Click below to confirm your password: https://portal.example/l/867

your company account Security Team",1,account_security
Unpaid customs fee for shipment 405559,"Your Poczta Polska parcel is on hold due to an unpaid shipping fee.
Please confirm your address and card details to release the parcel.
Confirm delivery details here: https://portal.example/l/192
Poczta Polska Delivery Services
This is an automated message. Please do not reply to this email.",1,delivery
IT: new VPN client available,"Hi, A new version of the VPN client is available. Consider archiving older messages. No action is needed from you. IT Service Desk",0,it_notice
Lunch on Wednesday?,"Hello,

Here is the agenda for Monday's meeting.

Topics: Q4 budget, hiring plan and the Berlin warehouse.

Thanks, Emma

Sent from my iPhone",0,meeting
Your password was changed,"Hi,
The password for your your company account account was changed on Tuesday.
This is a routine notification to keep your account secure.
If this wasn't you, contact your IT helpdesk.",0,account_security
HR newsletter - December,"Hi,
Open enrolment for health benefits closes on Monday.
Details are available in the HR portal.
Thanks, HR
Privacy Statement | Terms of Use",0,payroll_hr
Are you available?,"Dear user,

Hi Laura, are you at your desk? I need a quick favour.

Keep this between us for now, I will explain later.

It's urgent.

Thanks

To manage your notification settings, visit your account preferences.",1,ceo_fraud
Action required: update your payroll details,"Dear customer,

Your April salary payment could not be processed.

Please sign in with your company credentials to update your direct deposit information.

Update details here: https://portal.example/l/926

HR Team",1,payroll_hr
Are you available?,"I need you to handle a confidential task for me.
Please buy 5 gift cards of 100 EUR each for a client and send me the codes.
Let me know as soon as it's done.
Marek Novak
Privacy Statement | Terms of Use",1,ceo_fraud
Invoice 141808 for September,"Your annual subscription was renewed successfully.

Delivery is planned for Friday.

You can download the receipt from your account.

You are receiving this email because you have an account with us.",0,invoice_order
Meeting moved to Tuesday,"Dear Jakub,
Hi team, the weekly sync is moved to Wednesday at 10:00.
Room 2B, or join online.
Cheers, Tomasz
Sent from my iPhone",0,meeting
Quick favour,"I'm in a meeting and can't talk, but I need something done today.

I need you to process a payment of 339.39 EUR to a new supplier before end of day.

Let me know as soon as it's done.

Thanks

This email and any attachments are confidential and intended solely for the addressee.",1,ceo_fraud
Your mailbox is full - messages will be deleted,"Hello, Your mailbox has exceeded its storage limit. Enter your password and the code from your authenticator app to complete re-enrolment. Re-register now: http://secure-login.example/v/874 IT Service Desk This is an automated message. Please do not reply to this email.",1,it_notice
Action required: MFA re-enrolment,"Hi, Due to a system upgrade, all users must re-register multi-factor authentication. Enter your password and the code from your authenticator app to complete re-enrolment. Keep current password: https://app.example/s/879 System Administrator",1,it_notice
Planned maintenance on Monday,"Hello, Your mailbox is using 80% of its storage. Consider archiving older messages. If you have questions, contact the IT Service Desk. Sent from my iPhone",0,it_notice
HR newsletter - November,"Your payslip for November is now available in the HR portal.

Details are available in the HR portal.

Payroll Department

Sent from my iPhone",0,payroll_hr
Purchase order 16784 received,"Dear Kasia,
Your annual subscription was renewed successfully.
Total paid: 9035.25 PLN.
Let me know if you have any questions.
Kind regards, Kasia Müller",0,invoice_order
Final notice: parcel 461109 will be returned,"Dear user, We were unable to deliver your parcel 363758 because of an incomplete address. To reschedule delivery, pay a small fee of 2.50 EUR within 48 hours. Confirm delivery details here: http://secure-login.example/v/393 Customer Support",1,delivery
HR newsletter - November,"Hello Kasia,

Your payslip for April is now available in the HR portal.

No action is required.

People & Culture, Brightline Logistics",0,payroll_hr
HR newsletter - August,"Dear customer, Open enrolment for health benefits closes on Thursday. If you have questions, contact the HR team. Best regards, HR Team This email and any attachments are confidential and intended solely for the addressee.",0,payroll_hr
Invoice 338228 for January,"Hello,

Your annual subscription was renewed successfully.

The amount of 4336.68 EUR was charged to your card on file.

You can download the receipt from your account.

Privacy Statement | Terms of Use",0,invoice_order
Payment reminder: final notice,"Hello,

Invoice 565800 is now overdue.

Please process the payment urgently to avoid legal action and late fees.

New IBAN: PL976401976401. Please confirm once paid.

Anna Lewandowska

This is an automated message. Please do not reply to this email.",1,invoice_order
Your subscription has been renewed,"Dear Anna,

Your annual subscription was renewed successfully.

Total paid: 4526.91 PLN.

Our bank details remain unchanged.

Bluewave Consulting Billing

This is an automated message. Please do not reply to this email.",0,invoice_order
Unpaid customs fee for shipment 47768,"Dear customer,
We were unable to deliver your parcel 547474 because of an incomplete address.
If no payment is received, the package will be returned to the sender.
Click here to reschedule: http://secure-login.example/v/510
Customer Support
Sent from my iPhone",1,delivery
Invoice 856638 for January,"Hi Lukas, Your annual subscription was renewed successfully. Total paid: 9175.47 PLN. Our bank details remain unchanged. This email and any attachments are confidential and intended solely for the addressee.",0,invoice_order
Payment reminder: final notice,"Dear Jakub,

Invoice 65224 is now overdue.

Do not use the old account details; payments there will be rejected.

Download the updated invoice: https://portal.example/l/964

Regards, Finance, Kestrel Systems

You are receiving this email because you have an account with us.",1,invoice_order
Your Microsoft account has been locked,"Hi,
Your Adobe account has been temporarily locked for security reasons.
To avoid losing access to your email and files, confirm your credentials immediately.
Sign in here to restore access: http://secure-login.example/v/366
You are receiving this email because you have an account with us.",1,account_security
Tomasz Nowak sent you a document to review: NDA,"Hi Adam, All parties have signed the document. Please review it at your convenience this week. Review document: https://portal.example/l/312 Best, Marek Wiśniewska",0,esign
Shared with you: Project timeline.pptx,"Lukas Horvat shared a folder: Team documents. ""Client proposal draft.docx"" You can find it under 'Shared with me'. OneDrive",0,file_share
"Sarah Kowalski shared ""Project timeline.pptx"" with you","Dear customer, Here is the file we discussed in today's meeting. Message from Adam: here are the notes from Tuesday, feel free to add comments. Open Dropbox This is an automated message. Please do not reply to this email.",0,file_share
Payment reminder: final notice,"Hello, Our accounting department has updated our banking information. Please process the payment urgently to avoid legal action and late fees. New IBAN: PL859516859516. Please confirm once paid. Regards, Finance, Northwind This is an automated message. Please do not reply to this email.",1,invoice_order
IT: re-register your authenticator app,"Your mailbox has exceeded its storage limit.

Enter your password and the code from your authenticator app to complete re-enrolment.

Verify mailbox: https://bit.ly/3x552

IT Service Desk

Sent from my iPhone",1,it_notice
Security alert: verify your account,"Dear customer,
Your Adobe account has been temporarily locked for security reasons.
To avoid losing access to your email and files, confirm your credentials immediately.
Sign in here to restore access: https://app.example/s/473
This is an automated message. Please do not reply to this email.",1,account_security
Unpaid customs fee for shipment 584042,"Dear customer,
We were unable to deliver your parcel 963716 because of an incomplete address.
To reschedule delivery, pay a small fee of 3.50 EUR within 48 hours.
Pay now: https://app.example/s/467",1,delivery
Lukas Müller shared a secure file - sign in to view,"Hi David,

Important files are waiting for your review.

""HR disciplinary notice.pdf""

Sign in to view: https://app.example/s/163

Google Drive

Privacy Statement | Terms of Use",1,file_share
Confidential document shared with you,"Dear Laura, Important files are waiting for your review. This link expires in 72 hours. Open document: https://portal.example/l/541 SharePoint",1,file_share
Your Adobe account has been locked,"Hi, Due to a recent security update, all users must verify their accounts. Your account will be permanently suspended within 24 hours unless you verify your identity. Verify your account now: http://secure-login.example/v/729",1,account_security
Dropbox Sign: review and sign immediately,"Hi Michał, You have received a document that requires your signature via Adobe Sign. Sign in with your email password to access the document. Review and sign: https://portal.example/l/189",1,esign
"Adam Brown invited you to edit ""Warehouse layout.pdf""","Hello,
Marta Kowalski shared a file with you on Google Drive.
Message from Olga: please review before our call on Tuesday.
You can find it under 'Shared with me'.
Sent from my iPhone",0,file_share
"Tomasz Wiśniewska invited you to edit ""Supplier list 2026.xlsx""","Dear Adam,
Here is the file we discussed in today's meeting.
Message from Emma: here are the notes from Monday, feel free to add comments.
Open in SharePoint: https://portal.example/l/123
Microsoft respects your privacy.
Sent from my iPhone",0,file_share
Overdue invoice 240313 - immediate payment required,"Hello,
Invoice 724980 is now overdue.
Do not use the old account details; payments there will be rejected.
Download the updated invoice: https://portal.example/l/742
Regards, Finance, Baltic Cargo
Privacy Statement | Terms of Use",1,invoice_order
Your mailbox is full - messages will be deleted,"Dear user,

Your mailbox has exceeded its storage limit.

Incoming messages will be rejected unless you verify your account.

Verify mailbox: http://secure-login.example/v/858

IT Helpdesk

Sent from my iPhone",1,it_notice
Reminder: benefits enrolment closes on Thursday,"Hello Tomasz, Your timesheet for September has been approved by your manager. No action is required. Payroll Department This is an automated message. Please do not reply to this email.",0,payroll_hr
UPS: your parcel is on hold,"Hello,

We were unable to deliver your parcel 749162 because of an incomplete address.

To reschedule delivery, pay a small fee of 3.49 EUR within 24 hours.

Pay now: https://app.example/s/118",1,delivery
Your password will expire in 5 days,"Dear customer,
Your mailbox is using 80% of its storage.
It will be installed automatically overnight.
If you have questions, contact the IT Service Desk.
IT Service Desk
This is an automated message. Please do not reply to this email.",0,it_notice
Agenda for Monday,"Dear customer, Are you free for lunch on Wednesday? I'll book a table for 12:30. Thanks, Ewa Sent from my iPhone",0,meeting
Overdue invoice 889510 - immediate payment required,"Our accounting department has updated our banking information. Do not use the old account details; payments there will be rejected. Please treat this as urgent and confidential. Regards, Finance, Fabrikam This email and any attachments are confidential and intended solely for the addressee.",1,invoice_order
Your July payslip is available,"Dear Laura, Your timesheet for October has been approved by your manager. No action is required. Payroll Department",0,payroll_hr
Lunch on Wednesday?,"Dear Sofia,
Hi team, the weekly sync is moved to Friday at 10:00.
I'll book a table for 12:30.
Cheers, Anna
You are receiving this email because you have an account with us.",0,meeting
Delivered: your package 277551,"Good news! Your parcel from Vistula Freight is on its way. You can collect it within 7 days. If you are not at home, the parcel will be left at the nearest pickup point. Have a nice day! This is an automated message. Please do not reply to this email.",0,delivery
"Piotr Novak invited you to edit ""Meeting notes - Tuesday.docx""","Marek Nowak invited you to collaborate on a document. ""Q3 budget review.xlsx"" Open in OneDrive: https://bit.ly/3x919 You are receiving this email because you have an account with us.",0,file_share
Mailbox storage at 80%,"Dear Ewa, Your mailbox is using 80% of its storage. You can change it any time via the usual self-service portal. Thank you for your patience. IT Operations, Kestrel Systems Privacy Statement | Terms of Use",0,it_notice
Completed: Project timeline.pptx,"Dear Michał, Following our meeting, here is the service agreement for review. There is no rush, let me know if you would like any changes. Review document: https://bit.ly/3x761 Dropbox Sign",0,esign
Payment reminder: final notice,"Dear user, Our accounting department has updated our banking information. Please process the payment urgently to avoid legal action and late fees. New IBAN: PL851976851976. Please confirm once paid. Regards, Finance, Northwind Sent from my iPhone",1,invoice_order
Your mailbox is full - messages will be deleted,"Dear customer,

Your password expires today.

Enter your password and the code from your authenticator app to complete re-enrolment.

Re-register now: http://secure-login.example/v/392

IT Service Desk",1,it_notice
Important: salary review documents,"Hi, Your salary review is ready, but your profile is incomplete. Please sign in with your company credentials to update your direct deposit information. Confirm now: https://portal.example/l/141 HR Team This is an automated message. Please do not reply to this email.",1,payroll_hr
Reminder: benefits enrolment closes on Thursday,"Dear user,
Your annual leave request for Thursday has been approved.
Details are available in the HR portal.
People & Culture, Vistula Freight",0,payroll_hr
HR: confirm your bank account before payroll cutoff,"Hello,
HR is updating employee payroll records before the cutoff.
Confirm your bank account details within 48 hours to avoid a delay in payment.
Confirm now: https://app.example/s/406",1,payroll_hr
Payment reminder: final notice,"Hi, Our accounting department has updated our banking information. Kindly send today's payment of 5059.83 EUR to the new account below. New IBAN: PL495149495149. Please confirm once paid. Accounts Department",1,invoice_order
Your November salary payment is on hold,"Your December salary payment could not be processed.
Confirm your bank account details within 72 hours to avoid a delay in payment.
Confirm now: https://portal.example/l/760
HR Team
Privacy Statement | Terms of Use",1,payroll_hr
HR: confirm your bank account before payroll cutoff,"Hello Piotr,
Your June salary payment could not be processed.
Failure to update will result in your salary being delayed.
Confirm now: https://bit.ly/3x603
To manage your notification settings, visit your account preferences.",1,payroll_hr
Invitation: weekly sync @ Friday 10:00,"Hi team, the weekly sync is moved to Monday at 10:00.

Please bring your updates.

Thanks, James

Sent from my iPhone",0,meeting
Your subscription has been renewed,"Hi Sarah,
Thank you for your order 433934.
Delivery is planned for Thursday.
You can download the receipt from your account.
Accounts Receivable, Contoso
Sent from my iPhone",0,invoice_order
Security alert: verify your account,"Hello, Due to a recent security update, all users must verify their accounts. To avoid losing access to your email and files, confirm your credentials immediately. Click below to confirm your password: https://portal.example/l/188 Okta Security Team This is an automated message. Please do not reply to this email.",1,account_security
You have 3 pending documents,"Hello Kasia,
Emma Fischer shared a confidential document with you on OneDrive.
For security reasons, you must sign in again with your email password to view this file.
Sign in to view: https://bit.ly/3x362
OneDrive
Privacy Statement | Terms of Use",1,file_share
Are you available?,"Hello Julia,

I'm in a meeting and can't talk, but I need something done today.

Keep this between us for now, I will explain later.

Reply to me directly, not to my office email.

Thanks

This is an automated message. Please do not reply to this email.",1,ceo_fraud
HR newsletter - February,"Hello Olga, Your annual leave request for Wednesday has been approved. If you have questions, contact the HR team. Payroll Department Sent from my iPhone",0,payroll_hr
Payment reminder: final notice,"Dear Kasia, Please note our bank account has changed due to an audit. Kindly send today's payment of 5791.38 EUR to the new account below. Download the updated invoice: http://secure-login.example/v/843 James Wójcik This email and any attachments are confidential and intended solely for the addressee.",1,invoice_order
Action required: update your payroll details,HR is updating employee payroll records before the cutoff. Please sign in with your company credentials to update your direct deposit information. Confirm now: https://portal.example/l/339 Payroll Department,1,payroll_hr
Please review: service agreement Northwind,"Dear Emma,
Following our meeting, here is the service agreement for review.
There is no rush, let me know if you would like any changes.
You can access it from your DocuSign account.
Best, Michał Jones",0,esign
Action required: update your payroll details,"Dear David,

Your October salary payment could not be processed.

Failure to update will result in your salary being delayed.

Update details here: https://app.example/s/540

HR Team",1,payroll_hr
DHL: your shipment 88592 is on its way,"Dear customer, Your package 916840 was delivered to your parcel locker in Wrocław. You can collect it within 14 days. If you are not at home, the parcel will be left at the nearest pickup point. To manage your notification settings, visit your account preferences.",0,delivery
Your password was changed,"Hello,

A new phone number was added as a security method on your account.

If you made this change, no further action is needed.

You can review connected apps at any time in your security settings.

IT Service Desk

This email and any attachments are confidential and intended solely for the addressee.",0,account_security
Annual leave request approved,"Dear user, Your payslip for September is now available in the HR portal. Details are available in the HR portal. People & Culture, Kestrel Systems",0,payroll_hr
Password expires today - keep your current password,"Hi,

Due to a system upgrade, all users must re-register multi-factor authentication.

Click below to keep your current password and avoid losing access.

Keep current password: https://portal.example/l/402

System Administrator

To manage your notification settings, visit your account preferences.",1,it_notice
Invoice 455524 for April,"Dear Ewa,
Your annual subscription was renewed successfully.
Total paid: 6716.61 PLN.
You can download the receipt from your account.
Accounts Receivable, Northwind
Privacy Statement | Terms of Use",0,invoice_order
Your parcel 440447 has been shipped,"Dear user,
Your order has left our warehouse.
You can collect it within 30 days.
If you are not at home, the parcel will be left at the nearest pickup point.
Thank you for shopping with Bluewave Consulting.
This is an automated message. Please do not reply to this email.",0,delivery
Action required: MFA re-enrolment,"Dear Paweł,
Your password expires today.
Click below to keep your current password and avoid losing access.
Keep current password: https://bit.ly/3x149
IT Service Desk
This is an automated message. Please do not reply to this email.",1,it_notice
New device signed in,"Hello Olga,

The password for your Google account was changed on Thursday.

This is a routine notification to keep your account secure.

If this wasn't you, contact your IT helpdesk.

The your company account account team",0,account_security
Your timesheet for December was approved,"Hi, Your payslip for January is now available in the HR portal. If you have questions, contact the HR team. Best regards, HR Team This email and any attachments are confidential and intended solely for the addressee.",0,payroll_hr
Important: salary review documents,"Dear user, Your salary review is ready, but your profile is incomplete. Failure to update will result in your salary being delayed. Access the employee portal: https://bit.ly/3x265",1,payroll_hr
"Lukas Brown shared ""Pending invoice payment.pdf"" with you","James Kowalski shared a confidential document with you on Google Drive.
The document is protected; verify your email to access it.
Sign in to view: https://portal.example/l/394",1,file_share
Your receipt from Bluewave Consulting,"Dear customer,
Your annual subscription was renewed successfully.
The amount of 2457.70 EUR was charged to your card on file.
Our bank details remain unchanged.",0,invoice_order
Action required: update your payroll details,"Dear customer,
Your July salary payment could not be processed.
Failure to update will result in your salary being delayed.
Confirm now: http://secure-login.example/v/712
Payroll Department
You are receiving this email because you have an account with us.",1,payroll_hr
IT: new VPN client available,"Hi, A new version of the VPN client is available. It will be installed automatically overnight. Thank you for your patience. Sent from my iPhone",0,it_notice
Tomasz Novak shared a secure file - sign in to view,"You have received a secure document.

This link expires in 24 hours.

Sign in to view: https://app.example/s/519

SharePoint

This email and any attachments are confidential and intended solely for the addressee.",1,file_share
Action required: update your payroll details,"Dear Adam, Your salary review is ready, but your profile is incomplete. Confirm your bank account details within 48 hours to avoid a delay in payment. Access the employee portal: https://bit.ly/3x626 This email and any attachments are confidential and intended solely for the addressee.",1,payroll_hr
Emma Wiśniewska shared a folder with you,"Dear Anna,
Sarah Kowalski invited you to collaborate on a document.
""Project timeline.pptx""
Open in Dropbox: https://portal.example/l/385
Privacy Statement | Terms of Use",0,file_share
Invoice 997804 for May,"Hi Marta,

Thank you for your order 36699.

Total paid: 5849.27 PLN.

You can download the receipt from your account.

To manage your notification settings, visit your account preferences.",0,invoice_order
Action required: confirm your identity within 72 hours,"Dear Kasia,

We detected unusual sign-in activity on your your company account account from Prague.

Failure to verify will result in deactivation of your account.

Sign in here to restore access: https://portal.example/l/431

IT Security

You are receiving this email because you have an account with us.",1,account_security
Please sign: urgent agreement,"Hi,

You have received a document that requires your signature via Adobe Sign.

The document will expire today if not signed.

Review and sign: https://portal.example/l/488

Contracts Department

You are receiving this email because you have an account with us.",1,esign
Your subscription has been renewed,"Dear customer, Please find attached invoice 961040 for services delivered in July. Amount: 5556.00 EUR. Payment terms: 5 days, as agreed in our contract. You can download the receipt from your account. Accounts Receivable, Bluewave Consulting This is an automated message. Please do not reply to this email.",0,invoice_order
Action required: confirm your identity within 24 hours,"Hi James,
Due to a recent security update, all users must verify their accounts.
To avoid losing access to your email and files, confirm your credentials immediately.
Click below to confirm your password: http://secure-login.example/v/457",1,account_security
Your parcel 320864 has been shipped,"Hello, Good news! Your parcel from Contoso is on its way. Estimated delivery: Thursday between 9:00 and 17:00. If you are not at home, the parcel will be left at the nearest pickup point.",0,delivery
Important: salary review documents,"Hi,

Your salary review is ready, but your profile is incomplete.

Failure to update will result in your salary being delayed.

Confirm now: http://secure-login.example/v/337

HR Team

To manage your notification settings, visit your account preferences.",1,payroll_hr
Your August payslip is available,"Dear customer,

Your timesheet for July has been approved by your manager.

You can view it when you next sign in to the HR portal as usual.

Best regards, HR Team

Privacy Statement | Terms of Use",0,payroll_hr
Lunch on Tuesday?,"Dear customer,

Are you free for lunch on Monday?

Room 2B, or join online.

See you there, Julia

To manage your notification settings, visit your account preferences.",0,meeting
IT: re-register your authenticator app,"Hello,

Due to a system upgrade, all users must re-register multi-factor authentication.

Incoming messages will be rejected unless you verify your account.

Re-register now: http://secure-login.example/v/646

IT Service Desk",1,it_notice
Mailbox storage at 80%,"Dear customer,

Your mailbox is using 80% of its storage.

It will be installed automatically overnight.

No action is needed from you.

IT Service Desk",0,it_notice
Password expires today - keep your current password,"Hello Piotr, Due to a system upgrade, all users must re-register multi-factor authentication. Click below to keep your current password and avoid losing access. Verify mailbox: http://secure-login.example/v/882 IT Helpdesk You are receiving this email because you have an account with us.",1,it_notice
FedEx: your parcel is on hold,"Dear customer,

We were unable to deliver your parcel 646981 because of an incomplete address.

Please confirm your address and card details to release the parcel.

Pay now: https://bit.ly/3x338

Customer Support

You are receiving this email because you have an account with us.",1,delivery
Need your help today,"Dear user,
I'm in a meeting and can't talk, but I need something done today.
I need you to process a payment of 79.42 EUR to a new supplier before end of day.
It's urgent.
Thanks
Privacy Statement | Terms of Use",1,ceo_fraud
Unusual sign-in activity detected - verify now,"Dear Kasia,
Your Microsoft 365 account has been temporarily locked for security reasons.
Your account will be permanently suspended within 48 hours unless you verify your identity.
Verify your account now: http://secure-login.example/v/146
This is an automated message. Please do not reply to this email.",1,account_security
Need your help today,"Dear customer,

Hi Sarah, are you at your desk? I need a quick favour.

I need you to process a payment of 5040.74 EUR to a new supplier before end of day.

Let me know as soon as it's done.

Thanks

This is an automated message. Please do not reply to this email.",1,ceo_fraud
Olga Jones shared a secure file - sign in to view,"Hi Julia, You have received a secure document. For security reasons, you must sign in again with your email password to view this file. Sign in to view: http://secure-login.example/v/185 Sent from my iPhone",1,file_share
Overdue invoice 629620 - immediate payment required,"Hello Julia, Our accounting department has updated our banking information. Do not use the old account details; payments there will be rejected. Download the updated invoice: https://portal.example/l/433 Regards, Finance, Contoso Sent from my iPhone",1,invoice_order
Your subscription has been renewed,"Dear Jakub,
Your annual subscription was renewed successfully.
The amount of 3968.58 EUR was charged to your card on file.
Let me know if you have any questions.
Kind regards, James Zieliński
This is an automated message. Please do not reply to this email.",0,invoice_order
New sign-in to Adobe,"A new phone number was added as a security method on your account.
If you made this change, no further action is needed.
If you don't recognise this activity, open your account settings directly and review recent activity.",0,account_security
Please sign: urgent agreement,"You have received a document that requires your signature via DocuSign.

The document will expire today if not signed.

Access document: https://bit.ly/3x701

DocuSign",1,esign
Action required: MFA re-enrolment,"Dear user, Due to a system upgrade, all users must re-register multi-factor authentication. Click below to keep your current password and avoid losing access. Verify mailbox: http://secure-login.example/v/441 IT Helpdesk This is an automated message. Please do not reply to this email.",1,it_notice
IT: new VPN client available,"Hello,

Planned maintenance of the file server will take place on Friday from 22:00 to 23:00.

It will be installed automatically overnight.

Thank you for your patience.

IT Service Desk",0,it_notice
Lunch on Friday?,"Hi Piotr,

Here is the agenda for Tuesday's meeting.

Room 2B, or join online.

Cheers, Jakub",0,meeting
Your February salary payment is on hold,"Hello Marek,
Your January salary payment could not be processed.
Failure to update will result in your salary being delayed.
Access the employee portal: http://secure-login.example/v/432
HR Team",1,payroll_hr
Shared with you: Onboarding checklist.docx,"Hi Marta, Piotr Kamińska shared a file with you on SharePoint. Message from Anna: here are the notes from Tuesday, feel free to add comments. You can find it under 'Shared with me'. Privacy Statement | Terms of Use",0,file_share
Document expiring today - signature required,"Dear user,
An agreement is awaiting your urgent signature.
The document will expire today if not signed.
Review and sign: https://portal.example/l/134
DocuSign",1,esign
"Marek Kamińska invited you to edit ""Sales forecast Q4.xlsx""","Anna Müller shared a folder: Team documents.

Message from Jakub: as promised.

You can find it under 'Shared with me'.",0,file_share
Important: salary review documents,"Hi Paweł, Your salary review is ready, but your profile is incomplete. Please sign in with your company credentials to update your direct deposit information. Update details here: https://bit.ly/3x838 Payroll Department",1,payroll_hr
Action required: update your payroll details,"Hello,
Your May salary payment could not be processed.
Please sign in with your company credentials to update your direct deposit information.
Update details here: http://secure-login.example/v/777
Payroll Department
To manage your notification settings, visit your account preferences.",1,payroll_hr
Please sign: urgent agreement,"Dear customer,

An agreement is awaiting your urgent signature.

Please review and sign within 72 hours.

Review and sign: http://secure-login.example/v/555

Privacy Statement | Terms of Use",1,esign
Annual leave request approved,"Dear Lukas,

Open enrolment for health benefits closes on Wednesday.

No action is required.

Best regards, HR Team

Privacy Statement | Terms of Use",0,payroll_hr
"Ewa Dąbrowski shared ""Termination list Q4.pdf"" with you",You have received a secure document. This link expires in 12 hours. View secure file: http://secure-login.example/v/121 You are receiving this email because you have an account with us.,1,file_share
Quick favour,"Hi,
Hi Anna, are you at your desk? I need a quick favour.
I need you to process a payment of 1315.18 EUR to a new supplier before end of day.
Let me know as soon as it's done.
Tomasz Horvat
This email and any attachments are confidential and intended solely for the addressee.",1,ceo_fraud
Confidential document shared with you,"Dear user,

You have received a secure document.

The document is protected; verify your email to access it.

View secure file: https://app.example/s/580

Privacy Statement | Terms of Use",1,file_share
Urgent request - confidential,"Hi Marek,

I'm in a meeting and can't talk, but I need something done today.

I need you to process a payment of 3285.49 EUR to a new supplier before end of day.

Reply to me directly, not to my office email.

Marek Müller",1,ceo_fraud
PandaDoc: review and sign immediately,"Hi Laura,

An agreement is awaiting your urgent signature.

Please review and sign within 48 hours.

Review and sign: https://bit.ly/3x595

This email and any attachments are confidential and intended solely for the addressee.",1,esign
Your password was changed,"Hello Marta, We noticed a new sign-in to your Okta account from a Windows PC in Prague. If you made this change, no further action is needed. You can review connected apps at any time in your security settings.",0,account_security
A new app was connected to your account,"Hello, The app 'Calendar Sync' was connected to your Microsoft 365 account. This is a routine notification to keep your account secure. If you don't recognise this activity, open your account settings directly and review recent activity. The Microsoft account team This is an automated message. Please do not reply to this email.",0,account_security
Meeting moved to Wednesday,"Hi, Hi team, the weekly sync is moved to Wednesday at 10:00. I'll book a table for 12:30. Cheers, Adam Privacy Statement | Terms of Use",0,meeting
Please review: service agreement Adria Trade,"Hello, All parties have signed the document. Please review it at your convenience this week.",0,esign
DHL: your shipment 54648 is on its way,"Hello David,
Your package 31848 was delivered to your parcel locker in Rotterdam.
You can collect it within 3 days.
You can follow the delivery in the UPS app.
Thank you for shopping with Adria Trade.
This is an automated message. Please do not reply to this email.",0,delivery
Adobe Sign: review and sign immediately,"Dear user,
You have received a document that requires your signature via Dropbox Sign.
Please review and sign within 12 hours.
Access document: https://app.example/s/270
Privacy Statement | Terms of Use",1,esign
Urgent request - confidential,"I need you to handle a confidential task for me.
I need you to process a payment of 680.12 EUR to a new supplier before end of day.
Let me know as soon as it's done.
Sent from my iPhone
This is an automated message. Please do not reply to this email.",1,ceo_fraud
"Julia Wiśniewska shared ""Bonus allocation.xlsx"" with you","Hello Michał,
You have received a secure document.
For security reasons, you must sign in again with your email password to view this file.
View secure file: https://app.example/s/397
This email and any attachments are confidential and intended solely for the addressee.",1,file_share
Payment reminder: final notice,"Hi Laura,

Our accounting department has updated our banking information.

Kindly send today's payment of 8786.21 EUR to the new account below.

Download the updated invoice: https://app.example/s/771

Accounts Department",1,invoice_order
Completed: Warehouse layout.pdf,"Hello David, All parties have signed the document. There is no rush, let me know if you would like any changes. You can access it from your Adobe Sign account. Best, Laura Brown",0,esign
Invitation: weekly sync @ Friday 10:00,"Here is the agenda for Friday's meeting. I'll book a table for 12:30. Cheers, James",0,meeting
Lunch on Thursday?,"Hello,

Here is the agenda for Friday's meeting.

Topics: Q4 budget, hiring plan and the Kraków warehouse.

Thanks, Anna",0,meeting
Your parcel 199945 has been shipped,"Hi Julia,

Good news! Your parcel from Contoso is on its way.

Estimated delivery: Wednesday between 9:00 and 17:00.

No action is needed from you.

GLS Customer Service",0,delivery
HR newsletter - January,"Hi Paweł, Open enrolment for health benefits closes on Monday. If you have questions, contact the HR team. Best regards, HR Team",0,payroll_hr
Your parcel 687997 has been shipped,Your DHL shipment 989340 is out for delivery today. You can collect it within 14 days. Track your shipment: https://portal.example/l/313 DHL Customer Service,0,delivery
IT: re-register your authenticator app,"Hi,
Your password expires today.
Incoming messages will be rejected unless you verify your account.
Keep current password: https://bit.ly/3x565
IT Service Desk
This is an automated message. Please do not reply to this email.",1,it_notice
Your mailbox is full - messages will be deleted,"Due to a system upgrade, all users must re-register multi-factor authentication.
Enter your password and the code from your authenticator app to complete re-enrolment.
Re-register now: https://bit.ly/3x805
System Administrator
This is an automated message. Please do not reply to this email.",1,it_notice
Your timesheet for April was approved,"Dear customer,

Your timesheet for April has been approved by your manager.

If you have questions, contact the HR team.

People & Culture, Fabrikam",0,payroll_hr
Jakub Novak shared a secure file - sign in to view,"Hello,
You have received a secure document.
This link expires in 48 hours.
View secure file: https://portal.example/l/409
You are receiving this email because you have an account with us.",1,file_share
New device signed in,"A new phone number was added as a security method on your account. If you made this change, no further action is needed. If this wasn't you, contact your IT helpdesk. IT Service Desk To manage your notification settings, visit your account preferences.",0,account_security
Your January salary payment is on hold,"Hello Olga, Your December salary payment could not be processed. Please sign in with your company credentials to update your direct deposit information. Confirm now: http://secure-login.example/v/283 Privacy Statement | Terms of Use",1,payroll_hr
Document expiring today - signature required,"Hello,

You have received a document that requires your signature via DocuSign.

Sign in with your email password to access the document.

Access document: https://portal.example/l/472

Contracts Department

Sent from my iPhone",1,esign
Security alert: verify your account,"Hi, Your Okta account has been temporarily locked for security reasons. Failure to verify will result in deactivation of your account. Verify your account now: https://portal.example/l/437 IT Security You are receiving this email because you have an account with us.",1,account_security
You have 3 pending documents,"Dear customer,

You have received a secure document.

For security reasons, you must sign in again with your email password to view this file.

View secure file: https://bit.ly/3x302

Secure File Transfer

This email and any attachments are confidential and intended solely for the addressee.",1,file_share
A new app was connected to your account,"Hi Anna, A new phone number was added as a security method on your account. If you made this change, no further action is needed. If you don't recognise this activity, open your account settings directly and review recent activity. Thanks, Microsoft Security You are receiving this email because you have an account with us.",0,account_security
Overdue invoice 740188 - immediate payment required,"Dear customer,

Please note our bank account has changed due to an audit.

Kindly send today's payment of 8720.77 EUR to the new account below.

New IBAN: PL924880924880. Please confirm once paid.

Regards, Finance, Kestrel Systems",1,invoice_order
Your your company account account has been locked,"Dear Marta,

Due to a recent security update, all users must verify their accounts.

To avoid losing access to your email and files, confirm your credentials immediately.

Click below to confirm your password: https://portal.example/l/762

IT Security",1,account_security
Security alert: verify your account,Your Slack account has been temporarily locked for security reasons. Failure to verify will result in deactivation of your account. Verify your account now: https://app.example/s/579 IT Security Privacy Statement | Terms of Use,1,account_security
Your subscription has been renewed,"Dear Emma, Your annual subscription was renewed successfully. Delivery is planned for Tuesday. Let me know if you have any questions. This email and any attachments are confidential and intended solely for the addressee.",0,invoice_order
Security info added to your your company account account,"Hello, We noticed a new sign-in to your Zoom account from a iPhone in Warsaw. If this was you, you can safely ignore this email. You can review connected apps at any time in your security settings. The Slack account team",0,account_security
Action required: MFA re-enrolment,"Hi Tomasz, Your password expires today. Incoming messages will be rejected unless you verify your account. Verify mailbox: https://bit.ly/3x361 IT Service Desk This email and any attachments are confidential and intended solely for the addressee.",1,it_notice
Delivered: your package 232688,"Hi Olga,

Your order has left our warehouse.

Expected delivery date: Monday.

You can follow the delivery in the UPS app.

Have a nice day!

Privacy Statement | Terms of Use",0,delivery
Michał Fischer sent you a document to review: NDA,"Hi James, Tomasz Wójcik sent you a document via PandaDoc, as discussed on our call. Please review it at your convenience this week. You can access it from your Dropbox Sign account. Best, Olga Wiśniewska",0,esign
Please sign: urgent agreement,"Hi Ewa,
An agreement is awaiting your urgent signature.
Please review and sign within 24 hours.
Review and sign: http://secure-login.example/v/272
Contracts Department
This email and any attachments are confidential and intended solely for the addressee.",1,esign
Please sign: urgent agreement,"Hi,

You have received a document that requires your signature via Dropbox Sign.

The document will expire today if not signed.

Review and sign: http://secure-login.example/v/465

Contracts Department

To manage your notification settings, visit your account preferences.",1,esign
Lunch on Wednesday?,"Quick reminder about the all-hands on Tuesday.

Room 2B, or join online.

Thanks, James",0,meeting
"Marta Fischer invited you to edit ""Warehouse layout.pdf""",Here is the file we discussed in today's meeting. Message from Anna: please review before our call on Tuesday. You can find it under 'Shared with me'. Privacy Statement | Terms of Use,0,file_share
Action required: update your payroll details,"Hi Emma,
Your January salary payment could not be processed.
Please sign in with your company credentials to update your direct deposit information.
Confirm now: http://secure-login.example/v/474
You are receiving this email because you have an account with us.",1,payroll_hr
Adobe Sign: review and sign immediately,"Hello Marek, You have received a document that requires your signature via Dropbox Sign. Sign in with your email password to access the document. Access document: https://app.example/s/709 Dropbox Sign You are receiving this email because you have an account with us.",1,esign
"Lukas Novak invited you to edit ""Meeting notes - Monday.docx""","Hello, Sarah Müller shared a file with you on Box. Message from Lukas: here are the notes from Wednesday, feel free to add comments. You can find it under 'Shared with me'. Google Drive",0,file_share
Delivered: your package 447450,"Dear user,

Your GLS shipment 219565 is out for delivery today.

Expected delivery date: Thursday.

If you are not at home, the parcel will be left at the nearest pickup point.",0,delivery
Your May payslip is available,"Hi Jakub, Your timesheet for December has been approved by your manager. No action is required. People & Culture, Orion Supplies",0,payroll_hr
Mailbox storage at 80%,"Hello Sofia,

Planned maintenance of the file server will take place on Monday from 22:00 to 23:00.

Services may be briefly unavailable.

Thank you for your patience.

IT Operations, Brightline Logistics

This is an automated message. Please do not reply to this email.",0,it_notice
Your receipt from Orion Supplies,"Hello, Thank you for your order 247148. The amount of 1319.43 EUR was charged to your card on file. No action is needed. Accounts Receivable, Northwind To manage your notification settings, visit your account preferences.",0,invoice_order
Payment reminder: final notice,"Dear customer, Please note our bank account has changed due to an audit. Please process the payment urgently to avoid legal action and late fees. Please treat this as urgent and confidential. Accounts Department",1,invoice_order
Your password will expire in 7 days,"Planned maintenance of the file server will take place on Monday from 22:00 to 23:00.

Services may be briefly unavailable.

If you have questions, contact the IT Service Desk.

IT Service Desk

You are receiving this email because you have an account with us.",0,it_notice
Order 620371 confirmed,"Hi, Please find attached invoice 332444 for services delivered in August. Total paid: 6695.03 PLN. You can download the receipt from your account. You are receiving this email because you have an account with us.",0,invoice_order
"Marta Dąbrowski shared ""Team rota October.xlsx"" with you","Hi Kasia,

Piotr Lewandowska shared a file with you on OneDrive.

Message from Piotr: here are the notes from Friday, feel free to add comments.

Open in Box: https://portal.example/l/612

SharePoint

You are receiving this email because you have an account with us.",0,file_share
Password expires today - keep your current password,"Hi,

Your password expires today.

Click below to keep your current password and avoid losing access.

Keep current password: https://portal.example/l/737

System Administrator

You are receiving this email because you have an account with us.",1,it_notice
Invoice 866100 for June,"Hi,
Your annual subscription was renewed successfully.
Total paid: 7493.13 PLN.
Let me know if you have any questions.
Accounts Receivable, Northwind
This email and any attachments are confidential and intended solely for the addressee.",0,invoice_order
Your password will expire in 30 days,"Hello James, Your mailbox is using 80% of its storage. It will be installed automatically overnight. Thank you for your patience. IT Operations, Vistula Freight Sent from my iPhone",0,it_notice
Urgent request - confidential,"Dear Laura,
I'm in a meeting and can't talk, but I need something done today.
Keep this between us for now, I will explain later.
Reply to me directly, not to my office email.
Sent from my iPhone
You are receiving this email because you have an account with us.",1,ceo_fraud
New device signed in,"Hello,

We noticed a new sign-in to your Slack account from a Android phone in Kraków.

This is a routine notification to keep your account secure.

If you don't recognise this activity, open your account settings directly and review recent activity.

IT Service Desk",0,account_security
Final notice: parcel 982596 will be returned,"Hello Michał, Your GLS parcel is on hold due to an unpaid shipping fee. To reschedule delivery, pay a small fee of 1.49 EUR within 12 hours. Pay now: https://portal.example/l/168 UPS Delivery Services To manage your notification settings, visit your account preferences.",1,delivery
URGENT: your account will be suspended,"Dear user,

Your Okta account has been temporarily locked for security reasons.

Your account will be permanently suspended within 24 hours unless you verify your identity.

Verify your account now: https://portal.example/l/541

IT Security",1,account_security
Unpaid customs fee for shipment 159823,"Your Poczta Polska parcel is on hold due to an unpaid shipping fee.

If no payment is received, the package will be returned to the sender.

Confirm delivery details here: http://secure-login.example/v/850

Customer Support",1,delivery
Password expires today - keep your current password,"Hello Tomasz,
Your mailbox has exceeded its storage limit.
Enter your password and the code from your authenticator app to complete re-enrolment.
Verify mailbox: https://bit.ly/3x837
IT Service Desk
You are receiving this email because you have an account with us.",1,it_notice
Final notice: parcel 467529 will be returned,"Hi, Your shipment 26387 is waiting for a customs payment. If no payment is received, the package will be returned to the sender. Pay now: https://bit.ly/3x491 Customer Support Sent from my iPhone",1,delivery
Payment reminder: final notice,"Hi Julia,
Invoice 622290 is now overdue.
Please process the payment urgently to avoid legal action and late fees.
Download the updated invoice: http://secure-login.example/v/200
Regards, Finance, Baltic Cargo
This is an automated message. Please do not reply to this email.",1,invoice_order
URGENT: your account will be suspended,"Hello Piotr, Your Adobe account has been temporarily locked for security reasons. To avoid losing access to your email and files, confirm your credentials immediately. Sign in here to restore access: https://app.example/s/514 Account Protection Team You are receiving this email because you have an account with us.",1,account_security
New sign-in to your company account,"Dear user,

The password for your your company account account was changed on Wednesday.

If you made this change, no further action is needed.

You can review connected apps at any time in your security settings.

The Adobe account team

You are receiving this email because you have an account with us.",0,account_security
Quick favour,"I'm in a meeting and can't talk, but I need something done today.
I need you to process a payment of 8134.71 EUR to a new supplier before end of day.
Let me know as soon as it's done.
Thanks
This is an automated message. Please do not reply to this email.",1,ceo_fraud
Need your help today,"Hello,

Hi Laura, are you at your desk? I need a quick favour.

I need you to process a payment of 6543.95 EUR to a new supplier before end of day.

It's urgent.

Thanks

To manage your notification settings, visit your account preferences.",1,ceo_fraud
Completed: Sales forecast Q4.xlsx,"Dear Marek, Following our meeting, here is the service agreement for review. A copy of the completed document is attached for your records. Dropbox Sign You are receiving this email because you have an account with us.",0,esign
Your Adobe account has been locked,"Dear Ewa,
Due to a recent security update, all users must verify their accounts.
To avoid losing access to your email and files, confirm your credentials immediately.
Verify your account now: http://secure-login.example/v/946
To manage your notification settings, visit your account preferences.",1,account_security
Paweł Horvat sent you a document to review: NDA,"Dear user,

Following our meeting, here is the service agreement for review.

A copy of the completed document is attached for your records.

You can access it from your Dropbox Sign account.

Best, Anna Novak

To manage your notification settings, visit your account preferences.",0,esign
Invitation: weekly sync @ Friday 10:00,"Hi, Hi team, the weekly sync is moved to Thursday at 10:00. I'll book a table for 12:30. Cheers, Julia This email and any attachments are confidential and intended solely for the addressee.",0,meeting
Completed: Q3 budget review.xlsx,"Dear customer,
Tomasz Smith sent you a document via PandaDoc, as discussed on our call.
A copy of the completed document is attached for your records.
Review document: http://secure-login.example/v/733
This is an automated message. Please do not reply to this email.",0,esign
Agenda for Monday,"Dear Emma, Here is the agenda for Monday's meeting. Room 2B, or join online. Thanks, Marek",0,meeting
Meeting moved to Wednesday,"Dear Julia,
Quick reminder about the all-hands on Monday.
I'll book a table for 12:30.
Thanks, Julia",0,meeting
Order 19812 confirmed,"Your annual subscription was renewed successfully.
Total paid: 1894.33 PLN.
You can download the receipt from your account.
Brightline Logistics Billing
Privacy Statement | Terms of Use",0,invoice_order
Your October payslip is available,"Hi James,
Your timesheet for January has been approved by your manager.
If you have questions, contact the HR team.
People & Culture, Fabrikam
This email and any attachments are confidential and intended solely for the addressee.",0,payroll_hr
Mailbox storage at 80%,"Dear Julia, Your mailbox is using 80% of its storage. Consider archiving older messages. Thank you for your patience. IT Operations, Bluewave Consulting Privacy Statement | Terms of Use",0,it_notice
Please review: service agreement Kestrel Systems,"Hello Paweł,

Following our meeting, here is the service agreement for review.

There is no rush, let me know if you would like any changes.

Review document: https://bit.ly/3x108

PandaDoc

You are receiving this email because you have an account with us.",0,esign
Please sign: urgent agreement,"An agreement is awaiting your urgent signature.
The document will expire today if not signed.
Access document: https://bit.ly/3x768
Sent from my iPhone",1,esign
"James Brown shared ""Project timeline.pptx"" with you","Hi,
Sarah Smith shared a folder: Team documents.
Message from James: here are the notes from Monday, feel free to add comments.
You can find it under 'Shared with me'.
Microsoft respects your privacy.
You are receiving this email because you have an account with us.",0,file_share
"David Wójcik invited you to edit ""Sales forecast Q4.xlsx""","Hello,

Michał Nowak shared a file with you on Box.

Message from Laura: please review before our call on Wednesday.

Open

This email and any attachments are confidential and intended solely for the addressee.",0,file_share
GLS: your parcel is on hold,"Hello Julia, Your FedEx parcel is on hold due to an unpaid shipping fee. To reschedule delivery, pay a small fee of 2.99 EUR within 72 hours. Pay now: https://app.example/s/527 Customer Support",1,delivery
Urgent request - confidential,"Hi Marta,
I'm in a meeting and can't talk, but I need something done today.
I need you to process a payment of 5557.61 EUR to a new supplier before end of day.
It's urgent.
Thanks
To manage your notification settings, visit your account preferences.",1,ceo_fraud
Document expiring today - signature required,"You have received a document that requires your signature via PandaDoc.

Please review and sign within 48 hours.

Review and sign: https://portal.example/l/171

This email and any attachments are confidential and intended solely for the addressee.",1,esign
Annual leave request approved,"Hello,
Open enrolment for health benefits closes on Thursday.
If you have questions, contact the HR team.
People & Culture, Contoso
This is an automated message. Please do not reply to this email.",0,payroll_hr
"Michał Nowak shared ""Confidential - restructuring plan.pdf"" with you","You have received a secure document.
This link expires in 24 hours.
Open document: https://app.example/s/801",1,file_share
Meeting moved to Thursday,"Hi,

Here is the agenda for Tuesday's meeting.

Topics: Q4 budget, hiring plan and the Rotterdam warehouse.

Thanks, Olga

This email and any attachments are confidential and intended solely for the addressee.",0,meeting
"Julia Müller shared ""Bonus allocation.xlsx"" with you","Hi, You have received a secure document. This link expires in 12 hours. Open document: https://app.example/s/380 Sent from my iPhone",1,file_share
Confidential document shared with you,"Hello Piotr,

You have received a secure document.

This link expires in 24 hours.

Open document: https://portal.example/l/235",1,file_share
Your password will expire in 3 days,"Hi,
A new version of the VPN client is available.
Consider archiving older messages.
No action is needed from you.
IT Operations, Fabrikam",0,it_notice
Your subscription has been renewed,"Hello, Please find attached invoice 166970 for services delivered in June. Delivery is planned for Tuesday. No action is needed. This email and any attachments are confidential and intended solely for the addressee.",0,invoice_order
Meeting moved to Thursday,"Hello, Quick reminder about the all-hands on Tuesday. Topics: Q4 budget, hiring plan and the Gdańsk warehouse. Thanks, Sofia You are receiving this email because you have an account with us.",0,meeting
Adobe Sign: review and sign immediately,"Hi Laura,

An agreement is awaiting your urgent signature.

The document will expire today if not signed.

Review and sign: https://app.example/s/252

Contracts Department

Privacy Statement | Terms of Use",1,esign
Quick favour,"Hi Lukas,
Hi Michał, are you at your desk? I need a quick favour.
Keep this between us for now, I will explain later.
Let me know as soon as it's done.
Thanks
This email and any attachments are confidential and intended solely for the addressee.",1,ceo_fraud
HR: confirm your bank account before payroll cutoff,"Dear customer,
Your salary review is ready, but your profile is incomplete.
Please sign in with your company credentials to update your direct deposit information.
Access the employee portal: http://secure-login.example/v/362
Sent from my iPhone",1,payroll_hr
Your InPost parcel is out for delivery today,"Dear customer,
Your DPD shipment 608951 is out for delivery today.
Expected delivery date: Thursday.
You can follow the delivery in the GLS app.
Thank you for shopping with Vistula Freight.
This is an automated message. Please do not reply to this email.",0,delivery
Invitation: weekly sync @ Monday 10:00,"Dear customer, Quick reminder about the all-hands on Thursday. Room 2B, or join online. Thanks, Emma Privacy Statement | Terms of Use",0,meeting
Your Microsoft account has been locked,"Dear customer,

Your Okta account has been temporarily locked for security reasons.

Your account will be permanently suspended within 12 hours unless you verify your identity.

Verify your account now: http://secure-login.example/v/100

Account Protection Team",1,account_security
Mailbox storage at 80%,"Hello,
Your mailbox is using 80% of its storage.
It will be installed automatically overnight.
Thank you for your patience.
IT Service Desk
Privacy Statement | Terms of Use",0,it_notice
HR newsletter - September,"Hello James,
Open enrolment for health benefits closes on Tuesday.
You can view it when you next sign in to the HR portal as usual.
Best regards, HR Team",0,payroll_hr
URGENT: your account will be suspended,"Dear user,

Due to a recent security update, all users must verify their accounts.

Your account will be permanently suspended within 12 hours unless you verify your identity.

Sign in here to restore access: http://secure-login.example/v/854

IT Security

Sent from my iPhone",1,account_security
Delivered: your package 850928,"Hello Sarah, Your InPost shipment 221479 is out for delivery today. You can collect it within 3 days. If you are not at home, the parcel will be left at the nearest pickup point. Thank you for shopping with Brightline Logistics. To manage your notification settings, visit your account preferences.",0,delivery
Completed: Q3 budget review.xlsx,"Hello Sarah,
All parties have signed the document.
A copy of the completed document is attached for your records.
You can access it from your Dropbox Sign account.
To manage your notification settings, visit your account preferences.",0,esign
Annual leave request approved,"Hi Lukas, Your timesheet for December has been approved by your manager. You can view it when you next sign in to the HR portal as usual. Thanks, HR To manage your notification settings, visit your account preferences.",0,payroll_hr
Your September salary payment is on hold,"Hello Olga,
HR is updating employee payroll records before the cutoff.
Please sign in with your company credentials to update your direct deposit information.
Confirm now: https://bit.ly/3x159
Payroll Department",1,payroll_hr
Change of bank details,"Our accounting department has updated our banking information.

Kindly send today's payment of 3310.64 EUR to the new account below.

Please treat this as urgent and confidential.

Accounts Department

To manage your notification settings, visit your account preferences.",1,invoice_order
PandaDoc: review and sign immediately,"Dear Marta,

You have received a document that requires your signature via DocuSign.

The document will expire today if not signed.

Review and sign: https://bit.ly/3x366

Dropbox Sign

To manage your notification settings, visit your account preferences.",1,esign
Your subscription has been renewed,"Dear Lukas,
Your annual subscription was renewed successfully.
The amount of 1962.40 EUR was charged to your card on file.
You can download the receipt from your account.
Accounts Receivable, Kestrel Systems
Privacy Statement | Terms of Use",0,invoice_order
InPost: your shipment 114324 is on its way,"Dear customer, Your order has left our warehouse. Expected delivery date: Monday. You can follow the delivery in the FedEx app. Thank you for shopping with Adria Trade. This is an automated message. Please do not reply to this email.",0,delivery
You have 3 pending documents,"Hi, You have received a secure document. For security reasons, you must sign in again with your email password to view this file. Open document: https://bit.ly/3x297 This email and any attachments are confidential and intended solely for the addressee.",1,file_share
Please review: service agreement Fabrikam,"Hello,
Kasia Zieliński sent you a document via PandaDoc, as discussed on our call.
There is no rush, let me know if you would like any changes.
Dropbox Sign
This is an automated message. Please do not reply to this email.",0,esign
Overdue invoice 971967 - immediate payment required,"Hi, Our accounting department has updated our banking information. Kindly send today's payment of 655.83 EUR to the new account below. Please treat this as urgent and confidential. Accounts Department",1,invoice_order
Need your help today,"Hi Sarah,
I need you to handle a confidential task for me.
I need you to process a payment of 5327.88 EUR to a new supplier before end of day.
Reply to me directly, not to my office email.
Sent from my iPhone",1,ceo_fraud
Invitation: weekly sync @ Tuesday 10:00,"Dear customer,
Are you free for lunch on Thursday?
I'll book a table for 12:30.
See you there, Marta
To manage your notification settings, visit your account preferences.",0,meeting
Marek Kowalski shared a secure file - sign in to view,"Dear Sarah,

Piotr Zieliński shared a confidential document with you on Google Drive.

This link expires in 48 hours.

Open document: http://secure-login.example/v/598

Secure File Transfer

This email and any attachments are confidential and intended solely for the addressee.",1,file_share
Annual leave request approved,"Hello Julia,

Your timesheet for September has been approved by your manager.

Details are available in the HR portal.

Payroll Department

This is an automated message. Please do not reply to this email.",0,payroll_hr
Your March payslip is available,"Dear David, Your payslip for June is now available in the HR portal. Details are available in the HR portal. Best regards, HR Team",0,payroll_hr
Are you available?,"Dear James,

I'm in a meeting and can't talk, but I need something done today.

Keep this between us for now, I will explain later.

Reply to me directly, not to my office email.

Thanks",1,ceo_fraud
Tomasz Müller sent you a document to review: NDA,"Dear Anna,
Following our meeting, here is the service agreement for review.
A copy of the completed document is attached for your records.
Review document: http://secure-login.example/v/899
Best, Tomasz Jones
Sent from my iPhone",0,esign
A new app was connected to your account,"Dear user,
The app 'Calendar Sync' was connected to your Okta account.
If you made this change, no further action is needed.
If this wasn't you, contact your IT helpdesk.
The Microsoft account team
Privacy Statement | Terms of Use",0,account_security
Order 604898 confirmed,"Hello,

Please find attached invoice 530362 for services delivered in September.

Total paid: 572.01 PLN.

Our bank details remain unchanged.

This email and any attachments are confidential and intended solely for the addressee.",0,invoice_order
Your mailbox is full - messages will be deleted,"Hello Sofia, Your password expires today. Enter your password and the code from your authenticator app to complete re-enrolment. Keep current password: https://app.example/s/196 IT Helpdesk This is an automated message. Please do not reply to this email.",1,it_notice
GLS: your parcel is on hold,"Dear James, Your Poczta Polska parcel is on hold due to an unpaid shipping fee. To reschedule delivery, pay a small fee of 3.99 EUR within 24 hours. Click here to reschedule: http://secure-login.example/v/300 Customer Support",1,delivery
Updated bank details - invoice 223442,"Dear Kasia,

Invoice 497328 is now overdue.

Do not use the old account details; payments there will be rejected.

Please treat this as urgent and confidential.

Regards, Finance, Adria Trade

To manage your notification settings, visit your account preferences.",1,invoice_order
Are you available?,"Dear Marek,

Hi Sofia, are you at your desk? I need a quick favour.

Please buy 5 gift cards of 100 EUR each for a client and send me the codes.

Let me know as soon as it's done.

Tomasz Müller

Sent from my iPhone",1,ceo_fraud
"Adam Müller invited you to edit ""Meeting notes - Monday.docx""","Hi Piotr,

Marta Müller shared a folder: Team documents.

Message from Olga: as promised.

You can find it under 'Shared with me'.

Microsoft respects your privacy.",0,file_share
Your password will expire in 30 days,"Hello,
Your company password will expire in 30 days.
Consider archiving older messages.
If you have questions, contact the IT Service Desk.
Sent from my iPhone",0,it_notice
New sign-in to Okta,"Hi Marta,

We noticed a new sign-in to your Google account from a Edge on Windows in Prague.

This is a routine notification to keep your account secure.

If this wasn't you, contact your IT helpdesk.

The Zoom account team

Sent from my iPhone",0,account_security
Your receipt from Adria Trade,"Hello, Your annual subscription was renewed successfully. Delivery is planned for Wednesday. Our bank details remain unchanged. Bluewave Consulting Billing This email and any attachments are confidential and intended solely for the addressee.",0,invoice_order
URGENT: your account will be suspended,"Hi,
Due to a recent security update, all users must verify their accounts.
Your account will be permanently suspended within 72 hours unless you verify your identity.
Click below to confirm your password: https://bit.ly/3x393
IT Security",1,account_security
Are you available?,"Hi, I need you to handle a confidential task for me. Keep this between us for now, I will explain later. Let me know as soon as it's done. Thanks Privacy Statement | Terms of Use",1,ceo_fraud
Change of bank details,"Hello,

Invoice 781783 is now overdue.

Kindly send today's payment of 2745.14 EUR to the new account below.

Please treat this as urgent and confidential.

Accounts Department

Privacy Statement | Terms of Use",1,invoice_order
New sign-in to Zoom,"Dear customer, The password for your your company account account was changed on Tuesday. This is a routine notification to keep your account secure. If this wasn't you, contact your IT helpdesk. The Microsoft 365 account team This email and any attachments are confidential and intended solely for the addressee.",0,account_security
Invoice 367764 for April,"Hi,
Thank you for your order 905521.
Delivery is planned for Thursday.
No action is needed.
Accounts Receivable, Baltic Cargo
Sent from my iPhone",0,invoice_order
Please sign: urgent agreement,"Hi Lukas,

An agreement is awaiting your urgent signature.

Sign in with your email password to access the document.

Access document: https://bit.ly/3x265

Contracts Department

You are receiving this email because you have an account with us.",1,esign
Document expiring today - signature required,"Dear user,

An agreement is awaiting your urgent signature.

The document will expire today if not signed.

Review and sign: http://secure-login.example/v/453

Adobe Sign",1,esign
Your InPost parcel is out for delivery today,"Dear customer,

Your package 886379 was delivered to your parcel locker in Kraków.

The courier will deliver it today.

Track your shipment: https://portal.example/l/629

Poczta Polska Customer Service",0,delivery
Your mailbox is full - messages will be deleted,"Dear Michał,
Your mailbox has exceeded its storage limit.
Enter your password and the code from your authenticator app to complete re-enrolment.
Keep current password: https://app.example/s/912
IT Helpdesk
You are receiving this email because you have an account with us.",1,it_notice
Your order has shipped,"Hi Piotr, Your order has left our warehouse. Expected delivery date: Friday. You can follow the delivery in the InPost app. Thank you for shopping with Bluewave Consulting. Sent from my iPhone",0,delivery
Planned maintenance on Monday,"Hello,

A new version of the VPN client is available.

You can change it any time via the usual self-service portal.

If you have questions, contact the IT Service Desk.

IT Operations, Vistula Freight

To manage your notification settings, visit your account preferences.",0,it_notice
Invitation: weekly sync @ Tuesday 10:00,"Quick reminder about the all-hands on Tuesday. Topics: Q4 budget, hiring plan and the Prague warehouse. Cheers, Julia You are receiving this email because you have an account with us.",0,meeting
Unusual sign-in activity detected - verify now,"Hi Kasia,

Due to a recent security update, all users must verify their accounts.

Your account will be permanently suspended within 12 hours unless you verify your identity.

Verify your account now: https://app.example/s/539

Account Protection Team

This is an automated message. Please do not reply to this email.",1,account_security
Need your help today,"Hi Michał, I'm in a meeting and can't talk, but I need something done today. Keep this between us for now, I will explain later. Let me know as soon as it's done. Thanks Sent from my iPhone",1,ceo_fraud
"Anna Horvat shared ""Onboarding checklist.docx"" with you","Dear Michał, Olga Müller shared a folder: Team documents. Message from Paweł: as promised. Open Google Drive",0,file_share
Your password will expire in 7 days,"Dear customer,
Planned maintenance of the file server will take place on Friday from 22:00 to 23:00.
You can change it any time via the usual self-service portal.
Thank you for your patience.
IT Service Desk
Privacy Statement | Terms of Use",0,it_notice
PandaDoc: review and sign immediately,"Dear user, You have received a document that requires your signature via PandaDoc. The document will expire today if not signed. Access document: http://secure-login.example/v/381",1,esign
Updated bank details - invoice 192671,"Hello,

Invoice 941271 is now overdue.

Do not use the old account details; payments there will be rejected.

New IBAN: PL823411823411. Please confirm once paid.

Accounts Department

This is an automated message. Please do not reply to this email.",1,invoice_order
Document expiring today - signature required,"Hi,
An agreement is awaiting your urgent signature.
Sign in with your email password to access the document.
Access document: http://secure-login.example/v/603
Contracts Department",1,esign
Final notice: parcel 671438 will be returned,"Hi Laura, We were unable to deliver your parcel 204099 because of an incomplete address. To reschedule delivery, pay a small fee of 1.50 EUR within 72 hours. Confirm delivery details here: http://secure-login.example/v/582 FedEx Delivery Services To manage your notification settings, visit your account preferences.",1,delivery
You have 3 pending documents,"Paweł Kowalski shared a confidential document with you on Google Drive.

For security reasons, you must sign in again with your email password to view this file.

Sign in to view: https://portal.example/l/921

Secure File Transfer

This email and any attachments are confidential and intended solely for the addressee.",1,file_share
Payment reminder: final notice,"Hi David,
Please note our bank account has changed due to an audit.
Please process the payment urgently to avoid legal action and late fees.
New IBAN: PL110087110087. Please confirm once paid.
Marta Dąbrowski
This email and any attachments are confidential and intended solely for the addressee.",1,invoice_order
IT: new VPN client available,"Dear Marek,

A new version of the VPN client is available.

You can change it any time via the usual self-service portal.

Thank you for your patience.

IT Service Desk

Privacy Statement | Terms of Use",0,it_notice
Shared with you: Meeting notes - Monday.docx,"Dear user,
Marek Fischer invited you to collaborate on a document.
Message from Tomasz: here are the notes from Friday, feel free to add comments.
Open in Google Drive: http://secure-login.example/v/108
Box
To manage your notification settings, visit your account preferences.",0,file_share
IT: re-register your authenticator app,"Dear user, Due to a system upgrade, all users must re-register multi-factor authentication. Enter your password and the code from your authenticator app to complete re-enrolment. Keep current password: http://secure-login.example/v/430 System Administrator Privacy Statement | Terms of Use",1,it_notice
HR: confirm your bank account before payroll cutoff,"Hi Jakub,

Your March salary payment could not be processed.

Failure to update will result in your salary being delayed.

Update details here: https://app.example/s/596

HR Team

To manage your notification settings, visit your account preferences.",1,payroll_hr
Security alert: verify your account,"Hello Marek, Due to a recent security update, all users must verify their accounts. Failure to verify will result in deactivation of your account. Verify your account now: https://portal.example/l/461 Okta Security Team This email and any attachments are confidential and intended solely for the addressee.",1,account_security
URGENT: your account will be suspended,"Hello,
We detected unusual sign-in activity on your Adobe account from Rotterdam.
Failure to verify will result in deactivation of your account.
Click below to confirm your password: https://bit.ly/3x104
Account Protection Team
To manage your notification settings, visit your account preferences.",1,account_security
Please review: service agreement Kestrel Systems,"Hello, James Fischer sent you a document via DocuSign, as discussed on our call. A copy of the completed document is attached for your records. You can access it from your PandaDoc account. Privacy Statement | Terms of Use",0,esign
Are you available?,"Hello Sofia,
I need you to handle a confidential task for me.
Please buy 5 gift cards of 100 EUR each for a client and send me the codes.
Reply to me directly, not to my office email.
Olga Nowak
Sent from my iPhone",1,ceo_fraud
Your mailbox is full - messages will be deleted,"Hello Marek,

Due to a system upgrade, all users must re-register multi-factor authentication.

Enter your password and the code from your authenticator app to complete re-enrolment.

Keep current password: http://secure-login.example/v/666

IT Service Desk

You are receiving this email because you have an account with us.",1,it_notice
Your parcel 369048 has been shipped,"Dear customer,
Your order has left our warehouse.
Expected delivery date: Tuesday.
No action is needed from you.
Thank you for shopping with Kestrel Systems.",0,delivery
Quick favour,"Dear user,
Hi Anna, are you at your desk? I need a quick favour.
Keep this between us for now, I will explain later.
Let me know as soon as it's done.
Piotr Horvat
Privacy Statement | Terms of Use",1,ceo_fraud
Final notice: parcel 515072 will be returned,"Dear user,

Your shipment 310777 is waiting for a customs payment.

To reschedule delivery, pay a small fee of 1.95 EUR within 12 hours.

Confirm delivery details here: https://app.example/s/912

This is an automated message. Please do not reply to this email.",1,delivery
Overdue invoice 660522 - immediate payment required,"Hi Paweł,

Invoice 669988 is now overdue.

Do not use the old account details; payments there will be rejected.

New IBAN: PL601387601387. Please confirm once paid.

Regards, Finance, Bluewave Consulting

This is an automated message. Please do not reply to this email.",1,invoice_order
Please review: service agreement Fabrikam,"Dear customer,

Following our meeting, here is the service agreement for review.

There is no rush, let me know if you would like any changes.

Best, Ewa Zieliński

Privacy Statement | Terms of Use",0,esign
Agenda for Tuesday,"Hi,

Here is the agenda for Thursday's meeting.

Please bring your updates.

See you there, Laura

This email and any attachments are confidential and intended solely for the addressee.",0,meeting
Completed: Warehouse layout.pdf,"Hello, All parties have signed the document. A copy of the completed document is attached for your records. You can access it from your DocuSign account. Adobe Sign Sent from my iPhone",0,esign
Your password was changed,"Dear customer,
A new phone number was added as a security method on your account.
If this was you, you can safely ignore this email.
You can review connected apps at any time in your security settings.
This is an automated message. Please do not reply to this email.",0,account_security
DHL: your shipment 143525 is on its way,"Hi Marta,
Good news! Your parcel from Brightline Logistics is on its way.
Estimated delivery: Friday between 9:00 and 17:00.
Track your shipment: https://portal.example/l/888
Thank you for shopping with Contoso.
You are receiving this email because you have an account with us.",0,delivery
Purchase order 282377 received,"Dear user, Thank you for your order 14430. Total paid: 7596.34 PLN. Our bank details remain unchanged. Accounts Receivable, Vistula Freight To manage your notification settings, visit your account preferences.",0,invoice_order
DPD: your parcel is on hold,"Hello David, We were unable to deliver your parcel 262077 because of an incomplete address. If no payment is received, the package will be returned to the sender. Click here to reschedule: http://secure-login.example/v/251 This is an automated message. Please do not reply to this email.",1,delivery
Your subscription has been renewed,"Dear user, Please find attached invoice 928026 for services delivered in March. Amount: 3533.80 EUR. Payment terms: 30 days, as agreed in our contract. No action is needed. Privacy Statement | Terms of Use",0,invoice_order
Unpaid customs fee for shipment 806977,"Your UPS parcel is on hold due to an unpaid shipping fee.
If no payment is received, the package will be returned to the sender.
Pay now: https://app.example/s/811",1,delivery
Change of bank details,"Hi Piotr,
Our accounting department has updated our banking information.
Kindly send today's payment of 3467.45 EUR to the new account below.
Please treat this as urgent and confidential.
Accounts Department
You are receiving this email because you have an account with us.",1,invoice_order
James Horvat shared a secure file - sign in to view,"You have received a secure document.

The document is protected; verify your email to access it.

View secure file: https://app.example/s/280

Secure File Transfer",1,file_share
Document expiring today - signature required,"Dear customer,
You have received a document that requires your signature via Dropbox Sign.
The document will expire today if not signed.
Review and sign: https://bit.ly/3x211",1,esign
Final notice: parcel 673628 will be returned,"Hi,
Your InPost parcel is on hold due to an unpaid shipping fee.
Please confirm your address and card details to release the parcel.
Confirm delivery details here: https://portal.example/l/110
Customer Support
You are receiving this email because you have an account with us.",1,delivery
Sofia Kamińska sent you a document to review: NDA,"Dear customer,
All parties have signed the document.
There is no rush, let me know if you would like any changes.
Review document: https://portal.example/l/178
DocuSign
This is an automated message. Please do not reply to this email.",0,esign
Agenda for Wednesday,"Hi Anna,

Hi team, the weekly sync is moved to Thursday at 10:00.

Room 2B, or join online.

Thanks, Tomasz",0,meeting
Tomasz Zieliński sent you a document to review: NDA,"Dear Lukas, All parties have signed the document. A copy of the completed document is attached for your records. Dropbox Sign",0,esign
Annual leave request approved,"Hi Olga,
Open enrolment for health benefits closes on Wednesday.
No action is required.
Payroll Department
This is an automated message. Please do not reply to this email.",0,payroll_hr
Your receipt from Contoso,"Hello Julia, Please find attached invoice 206937 for services delivered in August. Delivery is planned for Wednesday. You can download the receipt from your account. Kind regards, Sofia Lewandowska You are receiving this email because you have an account with us.",0,invoice_order
Mailbox storage at 80%,"Hello,
Your mailbox is using 80% of its storage.
Consider archiving older messages.
Thank you for your patience.
This email and any attachments are confidential and intended solely for the addressee.",0,it_notice
Final notice: parcel 51603 will be returned,"Hello Piotr,

Your DPD parcel is on hold due to an unpaid shipping fee.

To reschedule delivery, pay a small fee of 2.49 EUR within 12 hours.

Confirm delivery details here: https://portal.example/l/866

Customer Support",1,delivery
Your April payslip is available,"Dear customer,
Your timesheet for July has been approved by your manager.
No action is required.
Payroll Department",0,payroll_hr
Unpaid customs fee for shipment 889350,"Hi,
Your shipment 89308 is waiting for a customs payment.
If no payment is received, the package will be returned to the sender.
Pay now: http://secure-login.example/v/850
FedEx Delivery Services
This is an automated message. Please do not reply to this email.",1,delivery
Please sign: urgent agreement,"Hi, You have received a document that requires your signature via Dropbox Sign. Please review and sign within 72 hours. Access document: https://portal.example/l/944 Dropbox Sign Privacy Statement | Terms of Use",1,esign
Your subscription has been renewed,"Dear user,
Your annual subscription was renewed successfully.
Delivery is planned for Tuesday.
No action is needed.
To manage your notification settings, visit your account preferences.",0,invoice_order
Sofia Wiśniewska shared a folder with you,"Hi, Michał Kowalski shared a folder: Team documents. Message from David: as promised. Open Dropbox Privacy Statement | Terms of Use",0,file_share
Please review: service agreement Vistula Freight,"All parties have signed the document. Please review it at your convenience this week. Best, Piotr Wójcik You are receiving this email because you have an account with us.",0,esign
Security info added to your Zoom account,"Hello Emma, The password for your Zoom account was changed on Thursday. If you made this change, no further action is needed. If you don't recognise this activity, open your account settings directly and review recent activity. The Adobe account team This is an automated message. Please do not reply to this email.",0,account_security
Your password will expire in 5 days,"Dear customer,

Your mailbox is using 80% of its storage.

Services may be briefly unavailable.

Thank you for your patience.

IT Operations, Kestrel Systems

This email and any attachments are confidential and intended solely for the addressee.",0,it_notice
Your order has shipped,"Dear customer,

Your package 150635 was delivered to your parcel locker in Kraków.

Estimated delivery: Tuesday between 9:00 and 17:00.

Track your shipment: https://bit.ly/3x744

Thank you for shopping with Orion Supplies.

To manage your notification settings, visit your account preferences.",0,delivery
Meeting moved to Thursday,"Dear user,

Hi team, the weekly sync is moved to Thursday at 10:00.

I'll book a table for 12:30.

See you there, David

You are receiving this email because you have an account with us.",0,meeting
Purchase order 554814 received,"Hello James,

Your annual subscription was renewed successfully.

Total paid: 5661.59 PLN.

Let me know if you have any questions.

Fabrikam Billing

Sent from my iPhone",0,invoice_order
Your password was changed,"Hello Julia,

We noticed a new sign-in to your Zoom account from a MacBook in Warsaw.

If this was you, you can safely ignore this email.

You can review connected apps at any time in your security settings.

Thanks, Zoom Security

This is an automated message. Please do not reply to this email.",0,account_security
Your February payslip is available,"Hello,
Your timesheet for November has been approved by your manager.
Details are available in the HR portal.
Thanks, HR
Privacy Statement | Terms of Use",0,payroll_hr
Your mailbox is full - messages will be deleted,"Hi Piotr, Due to a system upgrade, all users must re-register multi-factor authentication. Enter your password and the code from your authenticator app to complete re-enrolment. Re-register now: https://app.example/s/253 System Administrator This is an automated message. Please do not reply to this email.",1,it_notice
Are you available?,"Hello Paweł,

Hi Ewa, are you at your desk? I need a quick favour.

Keep this between us for now, I will explain later.

It's urgent.

Sent from my iPhone

To manage your notification settings, visit your account preferences.",1,ceo_fraud
Shared with you: Q3 budget review.xlsx,"Hi, David Fischer shared a file with you on SharePoint. Message from Paweł: here are the notes from Friday, feel free to add comments. Open Google Drive To manage your notification settings, visit your account preferences.",0,file_share
Reminder: benefits enrolment closes on Thursday,"Hi,

Your annual leave request for Wednesday has been approved.

You can view it when you next sign in to the HR portal as usual.

Thanks, HR

This email and any attachments are confidential and intended solely for the addressee.",0,payroll_hr
Delivery failed: action required,"Hi James,
Your shipment 772988 is waiting for a customs payment.
If no payment is received, the package will be returned to the sender.
Click here to reschedule: https://app.example/s/106",1,delivery
Your password was changed,"Hi Marek,
We noticed a new sign-in to your Zoom account from a Chrome on Windows in Vienna.
This is a routine notification to keep your account secure.
If you don't recognise this activity, open your account settings directly and review recent activity.",0,account_security
Order 909782 confirmed,"Hello Jakub, Your annual subscription was renewed successfully. Total paid: 8472.83 PLN. You can download the receipt from your account. Kind regards, Olga Fischer Privacy Statement | Terms of Use",0,invoice_order
Please review: service agreement Adria Trade,"Dear user,
All parties have signed the document.
There is no rush, let me know if you would like any changes.
PandaDoc
This is an automated message. Please do not reply to this email.",0,esign
Completed: Onboarding checklist.docx,"Hello,

Following our meeting, here is the service agreement for review.

Please review it at your convenience this week.

Dropbox Sign",0,esign
Confidential document shared with you,"Hi Marta,

Important files are waiting for your review.

The document is protected; verify your email to access it.

Open document: https://portal.example/l/277

Secure File Transfer

This email and any attachments are confidential and intended solely for the addressee.",1,file_share
URGENT: your account will be suspended,"Dear customer, Due to a recent security update, all users must verify their accounts. Your account will be permanently suspended within 48 hours unless you verify your identity. Click below to confirm your password: http://secure-login.example/v/318 Google Security Team You are receiving this email because you have an account with us.",1,account_security
Marek Smith shared a folder with you,"Hello Kasia,

Lukas Lewandowska shared a folder: Team documents.

""Meeting notes - Tuesday.docx""

Open

This email and any attachments are confidential and intended solely for the addressee.",0,file_share
Please sign: urgent agreement,"Hello,

An agreement is awaiting your urgent signature.

The document will expire today if not signed.

Access document: http://secure-login.example/v/983

Sent from my iPhone",1,esign
Quick favour,"Hello,
I need you to handle a confidential task for me.
Please buy 5 gift cards of 100 EUR each for a client and send me the codes.
Let me know as soon as it's done.
Sent from my iPhone
Privacy Statement | Terms of Use",1,ceo_fraud
Planned maintenance on Wednesday,"Dear James,
Your company password will expire in 3 days.
You can change it any time via the usual self-service portal.
Thank you for your patience.
IT Operations, Bluewave Consulting
You are receiving this email because you have an account with us.",0,it_notice
Your March payslip is available,"Your payslip for March is now available in the HR portal.

No action is required.

Payroll Department",0,payroll_hr
Please sign: urgent agreement,"Hi Piotr,
You have received a document that requires your signature via PandaDoc.
Please review and sign within 24 hours.
Review and sign: https://portal.example/l/163
Sent from my iPhone",1,esign
HR newsletter - April,"Hello Sofia,

Your payslip for September is now available in the HR portal.

You can view it when you next sign in to the HR portal as usual.

Thanks, HR

Privacy Statement | Terms of Use",0,payroll_hr
A new app was connected to your account,"Dear user,

We noticed a new sign-in to your Adobe account from a Android phone in Prague.

If you made this change, no further action is needed.

You can review connected apps at any time in your security settings.

IT Service Desk

This is an automated message. Please do not reply to this email.",0,account_security
Your Poczta Polska parcel is out for delivery today,"Dear Lukas,
Your package 412639 was delivered to your parcel locker in Rotterdam.
The courier will deliver it today.
You can follow the delivery in the UPS app.
This email and any attachments are confidential and intended solely for the addressee.",0,delivery
PandaDoc: review and sign immediately,"Dear Marek, You have received a document that requires your signature via PandaDoc. Please review and sign within 12 hours. Review and sign: https://portal.example/l/910",1,esign
Urgent request - confidential,"Hi Laura, are you at your desk? I need a quick favour.

Keep this between us for now, I will explain later.

Reply to me directly, not to my office email.

Sofia Horvat

This email and any attachments are confidential and intended solely for the addressee.",1,ceo_fraud
Your Microsoft account has been locked,"Dear Jakub, Your your company account account has been temporarily locked for security reasons. Your account will be permanently suspended within 72 hours unless you verify your identity. Click below to confirm your password: http://secure-login.example/v/487 IT Security To manage your notification settings, visit your account preferences.",1,account_security
Action required: MFA re-enrolment,"Hi Laura,
Due to a system upgrade, all users must re-register multi-factor authentication.
Enter your password and the code from your authenticator app to complete re-enrolment.
Re-register now: https://portal.example/l/768
IT Service Desk
Sent from my iPhone",1,it_notice
Action required: update your payroll details,"Hello, Your May salary payment could not be processed. Confirm your bank account details within 48 hours to avoid a delay in payment. Access the employee portal: https://app.example/s/978 Sent from my iPhone",1,payroll_hr
IT: re-register your authenticator app,"Hello, Your mailbox has exceeded its storage limit. Click below to keep your current password and avoid losing access. Keep current password: https://portal.example/l/499 System Administrator",1,it_notice
Please sign: urgent agreement,"Hello Piotr, You have received a document that requires your signature via Dropbox Sign. Please review and sign within 72 hours. Access document: https://portal.example/l/371 This is an automated message. Please do not reply to this email.",1,esign
New sign-in to your company account,"We noticed a new sign-in to your Adobe account from a Windows PC in Rotterdam. If this was you, you can safely ignore this email. If this wasn't you, contact your IT helpdesk. The Okta account team To manage your notification settings, visit your account preferences.",0,account_security
Unpaid customs fee for shipment 255429,"Hi,
Your shipment 857061 is waiting for a customs payment.
If no payment is received, the package will be returned to the sender.
Pay now: https://app.example/s/946",1,delivery
Urgent request - confidential,"Dear user,
Hi Michał, are you at your desk? I need a quick favour.
Keep this between us for now, I will explain later.
Let me know as soon as it's done.
Michał Smith
To manage your notification settings, visit your account preferences.",1,ceo_fraud
A new app was connected to your account,"Hello,

The password for your Microsoft account was changed on Wednesday.

This is a routine notification to keep your account secure.

If you don't recognise this activity, open your account settings directly and review recent activity.

The Microsoft 365 account team

To manage your notification settings, visit your account preferences.",0,account_security
Your subscription has been renewed,"Hello Michał, Your annual subscription was renewed successfully. Amount: 6467.91 EUR. Payment terms: 3 days, as agreed in our contract. You can download the receipt from your account.",0,invoice_order
Security info added to your your company account account,"Hello,
A new phone number was added as a security method on your account.
If this was you, you can safely ignore this email.
You can review connected apps at any time in your security settings.",0,account_security
Completed: Supplier list 2026.xlsx,"Emma Jones sent you a document via Adobe Sign, as discussed on our call.

There is no rush, let me know if you would like any changes.

Best, James Lewandowska

Privacy Statement | Terms of Use",0,esign
Meeting moved to Tuesday,"Hello James,
Are you free for lunch on Friday?
Please bring your updates.
Cheers, Jakub",0,meeting
Lunch on Wednesday?,"Hello Michał, Here is the agenda for Monday's meeting. Please bring your updates. Cheers, Paweł This email and any attachments are confidential and intended solely for the addressee.",0,meeting
Your password was changed,"We noticed a new sign-in to your Microsoft 365 account from a MacBook in Wrocław. If this was you, you can safely ignore this email. If you don't recognise this activity, open your account settings directly and review recent activity. To manage your notification settings, visit your account preferences.",0,account_security
Reminder: benefits enrolment closes on Friday,"Dear David,

Your payslip for October is now available in the HR portal.

If you have questions, contact the HR team.

People & Culture, Bluewave Consulting

To manage your notification settings, visit your account preferences.",0,payroll_hr
Tomasz Fischer shared a secure file - sign in to view,"Dear customer,
Sarah Kowalski shared a confidential document with you on Dropbox.
""Salary adjustments 2026.pdf""
Sign in to view: https://portal.example/l/836
Box
This is an automated message. Please do not reply to this email.",1,file_share
Completed: Warehouse layout.pdf,"Hi,
Ewa Jones sent you a document via Dropbox Sign, as discussed on our call.
Please review it at your convenience this week.
Review document: https://bit.ly/3x516
Dropbox Sign
You are receiving this email because you have an account with us.",0,esign
Your subscription has been renewed,"Hi Jakub,
Thank you for your order 860633.
Total paid: 4876.18 PLN.
Let me know if you have any questions.
This is an automated message. Please do not reply to this email.",0,invoice_order
Are you available?,"Hi, Hi Sarah, are you at your desk? I need a quick favour. Please buy 5 gift cards of 100 EUR each for a client and send me the codes. Let me know as soon as it's done. Sent from my iPhone To manage your notification settings, visit your account preferences.",1,ceo_fraud
Final notice: parcel 768374 will be returned,"Hi Tomasz, Your shipment 905631 is waiting for a customs payment. If no payment is received, the package will be returned to the sender. Confirm delivery details here: http://secure-login.example/v/122",1,delivery
Important: salary review documents,"Hi Lukas,

Your February salary payment could not be processed.

Please sign in with your company credentials to update your direct deposit information.

Access the employee portal: https://portal.example/l/503

Privacy Statement | Terms of Use",1,payroll_hr
Your parcel 412659 has been shipped,"Dear Ewa, Your DHL shipment 912285 is out for delivery today. Estimated delivery: Thursday between 9:00 and 17:00. No action is needed from you. DPD Customer Service This is an automated message. Please do not reply to this email.",0,delivery
Please sign: urgent agreement,"Hi,
You have received a document that requires your signature via Dropbox Sign.
The document will expire today if not signed.
Review and sign: https://portal.example/l/775
DocuSign
You are receiving this email because you have an account with us.",1,esign
Sarah Novak shared a folder with you,"Anna Horvat shared a folder: Team documents.

Message from Julia: as promised.

Open

Box

You are receiving this email because you have an account with us.",0,file_share
You have 3 pending documents,"Dear customer, You have received a secure document. The document is protected; verify your email to access it. View secure file: https://portal.example/l/732",1,file_share
Your Slack account has been locked,"Hi,

We detected unusual sign-in activity on your Microsoft account from Kraków.

To avoid losing access to your email and files, confirm your credentials immediately.

Verify your account now: http://secure-login.example/v/454

IT Security

You are receiving this email because you have an account with us.",1,account_security
Your November payslip is available,"Hi,
Your annual leave request for Tuesday has been approved.
Details are available in the HR portal.
Thanks, HR
Sent from my iPhone",0,payroll_hr
Action required: MFA re-enrolment,"Hello Michał,
Due to a system upgrade, all users must re-register multi-factor authentication.
Incoming messages will be rejected unless you verify your account.
Verify mailbox: https://bit.ly/3x993
System Administrator
This is an automated message. Please do not reply to this email.",1,it_notice
Document expiring today - signature required,"Dear customer,
You have received a document that requires your signature via PandaDoc.
Please review and sign within 12 hours.
Review and sign: http://secure-login.example/v/546
Contracts Department",1,esign
Purchase order 962924 received,"Hi Sarah,
Thank you for your order 546264.
The amount of 7718.82 EUR was charged to your card on file.
No action is needed.
This email and any attachments are confidential and intended solely for the addressee.",0,invoice_order
Password expires today - keep your current password,"Hi Laura,

Your mailbox has exceeded its storage limit.

Incoming messages will be rejected unless you verify your account.

Verify mailbox: http://secure-login.example/v/558

System Administrator

This email and any attachments are confidential and intended solely for the addressee.",1,it_notice
Action required: confirm your identity within 72 hours,"Dear customer, Your your company account account has been temporarily locked for security reasons. Your account will be permanently suspended within 12 hours unless you verify your identity. Verify your account now: https://app.example/s/665 To manage your notification settings, visit your account preferences.",1,account_security
Action required: confirm your identity within 48 hours,"Dear Sarah,
Your Adobe account has been temporarily locked for security reasons.
Failure to verify will result in deactivation of your account.
Sign in here to restore access: https://app.example/s/214
IT Security",1,account_security
"Olga Wójcik invited you to edit ""Team rota November.xlsx""","Hello, Ewa Fischer shared a file with you on SharePoint. Message from James: as promised. Open Dropbox",0,file_share
HR newsletter - November,"Hello Piotr,
Your timesheet for June has been approved by your manager.
Details are available in the HR portal.
Best regards, HR Team",0,payroll_hr
Kasia Wójcik shared a folder with you,"Dear customer,
Anna Lewandowska invited you to collaborate on a document.
""Supplier list 2026.xlsx""
You can find it under 'Shared with me'.
Google Drive
This email and any attachments are confidential and intended solely for the addressee.",0,file_share
Meeting moved to Monday,"Dear James,

Quick reminder about the all-hands on Wednesday.

Topics: Q4 budget, hiring plan and the Poznań warehouse.

See you there, Julia

This email and any attachments are confidential and intended solely for the addressee.",0,meeting
Unpaid customs fee for shipment 903481,"Hi, Your shipment 428204 is waiting for a customs payment. To reschedule delivery, pay a small fee of 1.95 EUR within 48 hours. Pay now: http://secure-login.example/v/171 GLS Delivery Services This email and any attachments are confidential and intended solely for the addressee.",1,delivery
Completed: Sales forecast Q4.xlsx,"Hi, All parties have signed the document. There is no rush, let me know if you would like any changes.",0,esign
Agenda for Thursday,"Hello Ewa, Hi team, the weekly sync is moved to Tuesday at 10:00. Topics: Q4 budget, hiring plan and the Prague warehouse. See you there, Lukas This email and any attachments are confidential and intended solely for the addressee.",0,meeting
IT: new VPN client available,"Your company password will expire in 3 days. Consider archiving older messages. If you have questions, contact the IT Service Desk. IT Operations, Fabrikam",0,it_notice
IT: new VPN client available,"Hello Laura, Planned maintenance of the file server will take place on Monday from 22:00 to 23:00. Consider archiving older messages. No action is needed from you. IT Operations, Orion Supplies Sent from my iPhone",0,it_notice
Your DHL parcel is out for delivery today,"Hi Ewa,
Your package 103735 was delivered to your parcel locker in Poznań.
The courier will deliver it today.
No action is needed from you.
DPD Customer Service",0,delivery
IT: re-register your authenticator app,"Hi Marta,

Your mailbox has exceeded its storage limit.

Click below to keep your current password and avoid losing access.

Keep current password: https://portal.example/l/246

IT Helpdesk",1,it_notice
Tomasz Kamińska sent you a document to review: NDA,"Hello,
Olga Smith sent you a document via Adobe Sign, as discussed on our call.
A copy of the completed document is attached for your records.
You can access it from your DocuSign account.
Best, Lukas Novak",0,esign
Your order has shipped,"Dear customer,
Your package 38134 was delivered to your parcel locker in Berlin.
You can collect it within 30 days.
You can follow the delivery in the UPS app.
Thank you for shopping with Adria Trade.
This email and any attachments are confidential and intended solely for the addressee.",0,delivery
Need your help today,"Dear Julia, I'm in a meeting and can't talk, but I need something done today. I need you to process a payment of 4561.51 EUR to a new supplier before end of day. It's urgent. Sent from my iPhone You are receiving this email because you have an account with us.",1,ceo_fraud
Final notice: parcel 780738 will be returned,"Hello,
Your InPost parcel is on hold due to an unpaid shipping fee.
If no payment is received, the package will be returned to the sender.
Confirm delivery details here: https://app.example/s/898
You are receiving this email because you have an account with us.",1,delivery
Lunch on Tuesday?,"Hello James,

Are you free for lunch on Friday?

I'll book a table for 12:30.

See you there, Adam",0,meeting
Meeting moved to Thursday,"Dear user,

Here is the agenda for Tuesday's meeting.

Topics: Q4 budget, hiring plan and the Kraków warehouse.

Thanks, Kasia

This email and any attachments are confidential and intended solely for the addressee.",0,meeting
"David Smith shared ""Onboarding checklist.docx"" with you",Lukas Wójcik invited you to collaborate on a document. Message from David: please review before our call on Wednesday. Open Privacy Statement | Terms of Use,0,file_share
IT: re-register your authenticator app,"Hi Jakub,

Your mailbox has exceeded its storage limit.

Enter your password and the code from your authenticator app to complete re-enrolment.

Re-register now: https://app.example/s/317

System Administrator

This email and any attachments are confidential and intended solely for the addressee.",1,it_notice
Action required: MFA re-enrolment,"Hi,

Due to a system upgrade, all users must re-register multi-factor authentication.

Click below to keep your current password and avoid losing access.

Keep current password: https://portal.example/l/454

IT Service Desk",1,it_notice
IT: re-register your authenticator app,"Dear user, Your password expires today. Click below to keep your current password and avoid losing access. Keep current password: http://secure-login.example/v/247 IT Helpdesk",1,it_notice
Your password was changed,"The app 'Calendar Sync' was connected to your Google account. If you made this change, no further action is needed. You can review connected apps at any time in your security settings. The Okta account team",0,account_security
Agenda for Wednesday,"Dear Ewa,
Quick reminder about the all-hands on Tuesday.
I'll book a table for 12:30.
See you there, Piotr
This email and any attachments are confidential and intended solely for the addressee.",0,meeting
You have 3 pending documents,"Hello, Important files are waiting for your review. This link expires in 48 hours. View secure file: https://bit.ly/3x158 SharePoint Privacy Statement | Terms of Use",1,file_share
HR: confirm your bank account before payroll cutoff,"Your February salary payment could not be processed.
Please sign in with your company credentials to update your direct deposit information.
Access the employee portal: https://app.example/s/823
Payroll Department",1,payroll_hr
Delivered: your package 389335,"Dear Julia, Your order has left our warehouse. Estimated delivery: Wednesday between 9:00 and 17:00. If you are not at home, the parcel will be left at the nearest pickup point.",0,delivery
Invitation: weekly sync @ Friday 10:00,"Dear user, Quick reminder about the all-hands on Monday. I'll book a table for 12:30. Thanks, Jakub",0,meeting
Final notice: parcel 175507 will be returned,"Your UPS parcel is on hold due to an unpaid shipping fee.
To reschedule delivery, pay a small fee of 2.49 EUR within 12 hours.
Click here to reschedule: https://portal.example/l/885
UPS Delivery Services
To manage your notification settings, visit your account preferences.",1,delivery
Invoice 342944 for June,"Dear Michał, Please find attached invoice 562854 for services delivered in September. The amount of 2187.32 EUR was charged to your card on file. You can download the receipt from your account. This email and any attachments are confidential and intended solely for the addressee.",0,invoice_order
Urgent request - confidential,"Hi Julia,

I'm in a meeting and can't talk, but I need something done today.

I need you to process a payment of 111.03 EUR to a new supplier before end of day.

Reply to me directly, not to my office email.

James Fischer

You are receiving this email because you have an account with us.",1,ceo_fraud
Document expiring today - signature required,"Hello David,
An agreement is awaiting your urgent signature.
Please review and sign within 72 hours.
Review and sign: https://app.example/s/510",1,esign
Completed: Q3 budget review.xlsx,"Hi Julia,
All parties have signed the document.
There is no rush, let me know if you would like any changes.
Review document: http://secure-login.example/v/878
Best, Marek Nowak",0,esign
Your subscription has been renewed,"Dear customer, We have received your purchase order 665664. Delivery is planned for Thursday. You can download the receipt from your account. Kind regards, Emma Kamińska You are receiving this email because you have an account with us.",0,invoice_order
Your subscription has been renewed,"Hello Sofia,
Your annual subscription was renewed successfully.
Amount: 3149.87 EUR. Payment terms: 7 days, as agreed in our contract.
You can download the receipt from your account.
Kind regards, Marek Jones
This email and any attachments are confidential and intended solely for the addressee.",0,invoice_order
Completed: Onboarding checklist.docx,"Dear customer,

All parties have signed the document.

A copy of the completed document is attached for your records.

You can access it from your Adobe Sign account.

PandaDoc

You are receiving this email because you have an account with us.",0,esign
Marta Müller shared a secure file - sign in to view,"Hi,

You have received a secure document.

This link expires in 24 hours.

Open document: https://app.example/s/845

Secure File Transfer

This email and any attachments are confidential and intended solely for the addressee.",1,file_share
Your password will expire in 14 days,"Hello,

Your company password will expire in 7 days.

Consider archiving older messages.

No action is needed from you.

IT Operations, Bluewave Consulting",0,it_notice
Your February salary payment is on hold,"Hello Sofia,

HR is updating employee payroll records before the cutoff.

Please sign in with your company credentials to update your direct deposit information.

Update details here: https://app.example/s/943

Privacy Statement | Terms of Use",1,payroll_hr
Your password will expire in 5 days,"Hello, Your company password will expire in 14 days. Services may be briefly unavailable. If you have questions, contact the IT Service Desk. IT Service Desk",0,it_notice
Your receipt from Fabrikam,"Hello Marek, Thank you for your order 793579. The amount of 670.75 EUR was charged to your card on file. Let me know if you have any questions. Contoso Billing",0,invoice_order
Action required: update your payroll details,"Hello,

Your May salary payment could not be processed.

Confirm your bank account details within 72 hours to avoid a delay in payment.

Update details here: https://bit.ly/3x437

HR Team

You are receiving this email because you have an account with us.",1,payroll_hr
Your order has shipped,"Dear Laura,

Your order has left our warehouse.

Expected delivery date: Thursday.

No action is needed from you.

Have a nice day!

This email and any attachments are confidential and intended solely for the addressee.",0,delivery
Order 124081 confirmed,"Your annual subscription was renewed successfully.
Total paid: 226.12 PLN.
Our bank details remain unchanged.
Privacy Statement | Terms of Use",0,invoice_order
"Anna Zieliński shared ""Meeting notes - Friday.docx"" with you","Here is the file we discussed in today's meeting. Message from Michał: as promised. You can find it under 'Shared with me'. To manage your notification settings, visit your account preferences.",0,file_share
Action required: update your payroll details,"Dear customer,
HR is updating employee payroll records before the cutoff.
Failure to update will result in your salary being delayed.
Confirm now: http://secure-login.example/v/453
HR Team",1,payroll_hr
URGENT: your account will be suspended,"Dear Kasia, Your Microsoft 365 account has been temporarily locked for security reasons. Failure to verify will result in deactivation of your account. Click below to confirm your password: https://bit.ly/3x525 Adobe Security Team This is an automated message. Please do not reply to this email.",1,account_security
HR: confirm your bank account before payroll cutoff,"Dear customer,
Your salary review is ready, but your profile is incomplete.
Failure to update will result in your salary being delayed.
Update details here: https://portal.example/l/353",1,payroll_hr
New sign-in to Okta,"Hello,
A new phone number was added as a security method on your account.
If you made this change, no further action is needed.
If you don't recognise this activity, open your account settings directly and review recent activity.
IT Service Desk
Sent from my iPhone",0,account_security
Meeting moved to Monday,"Hi Kasia,
Hi team, the weekly sync is moved to Friday at 10:00.
I'll book a table for 12:30.
See you there, Paweł",0,meeting
New device signed in,"Dear customer,
The app 'Calendar Sync' was connected to your Adobe account.
If this was you, you can safely ignore this email.
You can review connected apps at any time in your security settings.
The your company account account team
This is an automated message. Please do not reply to this email.",0,account_security
Payment reminder: final notice,"Dear Emma,

Please note our bank account has changed due to an audit.

Kindly send today's payment of 7165.11 EUR to the new account below.

New IBAN: PL569681569681. Please confirm once paid.

Olga Kowalski",1,invoice_order
Password expires today - keep your current password,"Hi Anna,

Your password expires today.

Click below to keep your current password and avoid losing access.

Verify mailbox: https://app.example/s/532

System Administrator

Privacy Statement | Terms of Use",1,it_notice
Action required: MFA re-enrolment,"Dear Ewa,

Your mailbox has exceeded its storage limit.

Incoming messages will be rejected unless you verify your account.

Verify mailbox: https://app.example/s/813

System Administrator

You are receiving this email because you have an account with us.",1,it_notice
"Marta Nowak shared ""Project timeline.pptx"" with you","Hello, Ewa Smith shared a folder: Team documents. Message from Anna: here are the notes from Tuesday, feel free to add comments. Open Microsoft respects your privacy.",0,file_share
Please sign: urgent agreement,"Hi, An agreement is awaiting your urgent signature. Sign in with your email password to access the document. Access document: https://bit.ly/3x977 Sent from my iPhone",1,esign
Mailbox storage at 80%,"Dear user,

Planned maintenance of the file server will take place on Wednesday from 22:00 to 23:00.

Services may be briefly unavailable.

Thank you for your patience.

IT Operations, Brightline Logistics

To manage your notification settings, visit your account preferences.",0,it_notice
Your password will expire in 3 days,"Hi, Planned maintenance of the file server will take place on Monday from 22:00 to 23:00. You can change it any time via the usual self-service portal. If you have questions, contact the IT Service Desk. IT Service Desk",0,it_notice
Shared with you: Project timeline.pptx,"Dear Michał,
Paweł Zieliński invited you to collaborate on a document.
""Warehouse layout.pdf""
Open in Google Drive: http://secure-login.example/v/936
Box
To manage your notification settings, visit your account preferences.",0,file_share
Security alert: verify your account,"Hello,

We detected unusual sign-in activity on your Zoom account from Gdańsk.

To avoid losing access to your email and files, confirm your credentials immediately.

Sign in here to restore access: http://secure-login.example/v/888

Account Protection Team

To manage your notification settings, visit your account preferences.",1,account_security
Security alert: verify your account,"Hi, We detected unusual sign-in activity on your Microsoft 365 account from Wrocław. To avoid losing access to your email and files, confirm your credentials immediately. Click below to confirm your password: https://app.example/s/525 Account Protection Team Sent from my iPhone",1,account_security
Agenda for Wednesday,"Dear user,
Here is the agenda for Monday's meeting.
I'll book a table for 12:30.
Cheers, Marta
This email and any attachments are confidential and intended solely for the addressee.",0,meeting
Meeting moved to Tuesday,"Dear Jakub, Hi team, the weekly sync is moved to Friday at 10:00. Please bring your updates. Cheers, Olga You are receiving this email because you have an account with us.",0,meeting
"Adam Kamińska invited you to edit ""Team rota October.xlsx""","Dear Sarah,
Here is the file we discussed in today's meeting.
Message from Olga: please review before our call on Wednesday.
Open
SharePoint
Sent from my iPhone",0,file_share
Action required: confirm your identity within 12 hours,"Hi,

We detected unusual sign-in activity on your Google account from Vienna.

Your account will be permanently suspended within 48 hours unless you verify your identity.

Verify your account now: http://secure-login.example/v/306

IT Security

This email and any attachments are confidential and intended solely for the addressee.",1,account_security
IT: new VPN client available,"Dear Jakub, Planned maintenance of the file server will take place on Tuesday from 22:00 to 23:00. Services may be briefly unavailable. If you have questions, contact the IT Service Desk. Sent from my iPhone",0,it_notice
Your FedEx parcel is out for delivery today,"Your InPost shipment 80043 is out for delivery today. You can collect it within 14 days. If you are not at home, the parcel will be left at the nearest pickup point. DHL Customer Service",0,delivery
DocuSign: review and sign immediately,"Hi Anna, You have received a document that requires your signature via DocuSign. The document will expire today if not signed. Access document: https://portal.example/l/646 Dropbox Sign Privacy Statement | Terms of Use",1,esign
Urgent request - confidential,"Hello,
I need you to handle a confidential task for me.
Please buy 5 gift cards of 100 EUR each for a client and send me the codes.
It's urgent.
Sent from my iPhone
You are receiving this email because you have an account with us.",1,ceo_fraud
Invoice 513988 for February,"Hi,

Thank you for your order 237958.

The amount of 4327.64 EUR was charged to your card on file.

Let me know if you have any questions.

Adria Trade Billing",0,invoice_order
Action required: MFA re-enrolment,"Dear customer, Your mailbox has exceeded its storage limit. Click below to keep your current password and avoid losing access. Keep current password: https://portal.example/l/925 System Administrator This is an automated message. Please do not reply to this email.",1,it_notice
Your receipt from Orion Supplies,"Hello,
Your annual subscription was renewed successfully.
The amount of 6168.53 EUR was charged to your card on file.
You can download the receipt from your account.
Accounts Receivable, Kestrel Systems
This is an automated message. Please do not reply to this email.",0,invoice_order
A new app was connected to your account,"We noticed a new sign-in to your Slack account from a Android phone in Kraków. If you made this change, no further action is needed. You can review connected apps at any time in your security settings. To manage your notification settings, visit your account preferences.",0,account_security
Final notice: parcel 182602 will be returned,"Dear user,
Your shipment 302490 is waiting for a customs payment.
To reschedule delivery, pay a small fee of 1.49 EUR within 72 hours.
Click here to reschedule: https://portal.example/l/620
Customer Support",1,delivery
Your Poczta Polska parcel is out for delivery today,"Good news! Your parcel from Orion Supplies is on its way.

Expected delivery date: Wednesday.

Track your shipment: http://secure-login.example/v/924

Thank you for shopping with Brightline Logistics.

This is an automated message. Please do not reply to this email.",0,delivery
Annual leave request approved,"Hello Sarah, Your timesheet for April has been approved by your manager. You can view it when you next sign in to the HR portal as usual. Best regards, HR Team This is an automated message. Please do not reply to this email.",0,payroll_hr
Action required: update your payroll details,"Hi,
Your salary review is ready, but your profile is incomplete.
Confirm your bank account details within 24 hours to avoid a delay in payment.
Update details here: https://app.example/s/606
Payroll Department
You are receiving this email because you have an account with us.",1,payroll_hr
PandaDoc: review and sign immediately,"Hello Sofia,
An agreement is awaiting your urgent signature.
The document will expire today if not signed.
Access document: https://portal.example/l/258
Adobe Sign",1,esign
Delivered: your package 462611,"Good news! Your parcel from Fabrikam is on its way.

Estimated delivery: Friday between 9:00 and 17:00.

No action is needed from you.

You are receiving this email because you have an account with us.",0,delivery
Your mailbox is full - messages will be deleted,"Dear user,
Your password expires today.
Enter your password and the code from your authenticator app to complete re-enrolment.
Re-register now: https://portal.example/l/377
System Administrator",1,it_notice
Your subscription has been renewed,"Hello, We have received your purchase order 64387. Amount: 5295.52 EUR. Payment terms: 7 days, as agreed in our contract. Let me know if you have any questions. Fabrikam Billing To manage your notification settings, visit your account preferences.",0,invoice_order
Document expiring today - signature required,"Hi Adam,

An agreement is awaiting your urgent signature.

Sign in with your email password to access the document.

Access document: https://portal.example/l/361",1,esign
Are you available?,"Dear Laura, I'm in a meeting and can't talk, but I need something done today. Keep this between us for now, I will explain later. Reply to me directly, not to my office email. Piotr Kamińska You are receiving this email because you have an account with us.",1,ceo_fraud
Action required: update your payroll details,"Hello,
Your salary review is ready, but your profile is incomplete.
Please sign in with your company credentials to update your direct deposit information.
Update details here: https://app.example/s/716
HR Team",1,payroll_hr
Your password was changed,"Dear user, The app 'Calendar Sync' was connected to your Okta account. This is a routine notification to keep your account secure. If this wasn't you, contact your IT helpdesk. Thanks, Microsoft Security",0,account_security
"Marek Brown invited you to edit ""Meeting notes - Monday.docx""","Dear Kasia,
Here is the file we discussed in today's meeting.
""Warehouse layout.pdf""
Open in OneDrive: http://secure-login.example/v/772
Microsoft respects your privacy.
Privacy Statement | Terms of Use",0,file_share
Meeting moved to Wednesday,"Hi Marta,

Are you free for lunch on Monday?

I'll book a table for 12:30.

See you there, Ewa",0,meeting
Overdue invoice 575244 - immediate payment required,"Dear customer,

Invoice 178828 is now overdue.

Kindly send today's payment of 406.17 EUR to the new account below.

Please treat this as urgent and confidential.

Regards, Finance, Northwind

To manage your notification settings, visit your account preferences.",1,invoice_order
Unusual sign-in activity detected - verify now,"Hi, Your Microsoft 365 account has been temporarily locked for security reasons. Your account will be permanently suspended within 48 hours unless you verify your identity. Verify your account now: https://portal.example/l/969 Microsoft Security Team Sent from my iPhone",1,account_security
Your receipt from Bluewave Consulting,"Thank you for your order 858709.
Amount: 3635.53 EUR. Payment terms: 7 days, as agreed in our contract.
Our bank details remain unchanged.
Fabrikam Billing
You are receiving this email because you have an account with us.",0,invoice_order
Marta Horvat shared a secure file - sign in to view,"Hello,
You have received a secure document.
This link expires in 12 hours.
Open document: https://portal.example/l/499
This is an automated message. Please do not reply to this email.",1,file_share
Invoice 350066 for January,"Hello Marek,

Please find attached invoice 870737 for services delivered in January.

The amount of 6894.20 EUR was charged to your card on file.

No action is needed.

Contoso Billing

To manage your notification settings, visit your account preferences.",0,invoice_order
IT: new VPN client available,"Dear customer,
Your mailbox is using 80% of its storage.
Services may be briefly unavailable.
Thank you for your patience.
IT Service Desk
Privacy Statement | Terms of Use",0,it_notice
Marek Wiśniewska sent you a document to review: NDA,"Hi,

All parties have signed the document.

There is no rush, let me know if you would like any changes.

You can access it from your Adobe Sign account.

DocuSign

You are receiving this email because you have an account with us.",0,esign
URGENT: your account will be suspended,"Hi,
Your Google account has been temporarily locked for security reasons.
Failure to verify will result in deactivation of your account.
Verify your account now: http://secure-login.example/v/127
Microsoft Security Team
To manage your notification settings, visit your account preferences.",1,account_security
Action required: confirm your identity within 12 hours,"Hello, Your Adobe account has been temporarily locked for security reasons. Failure to verify will result in deactivation of your account. Verify your account now: https://bit.ly/3x306 Account Protection Team To manage your notification settings, visit your account preferences.",1,account_security
Shared with you: Client proposal draft.docx,"Hi,
Michał Horvat shared a file with you on Box.
""Sales forecast Q4.xlsx""
You can find it under 'Shared with me'.
Microsoft respects your privacy.
This email and any attachments are confidential and intended solely for the addressee.",0,file_share
Action required: MFA re-enrolment,"Due to a system upgrade, all users must re-register multi-factor authentication. Incoming messages will be rejected unless you verify your account. Keep current password: http://secure-login.example/v/773 System Administrator To manage your notification settings, visit your account preferences.",1,it_notice
Are you available?,"Hello, I need you to handle a confidential task for me. I need you to process a payment of 4835.01 EUR to a new supplier before end of day. Let me know as soon as it's done. Marta Kowalski",1,ceo_fraud
Quick favour,"Hello, I'm in a meeting and can't talk, but I need something done today. Please buy 5 gift cards of 100 EUR each for a client and send me the codes. Let me know as soon as it's done. Kasia Müller Privacy Statement | Terms of Use",1,ceo_fraud
Payment reminder: final notice,"Dear customer, Our accounting department has updated our banking information. Please process the payment urgently to avoid legal action and late fees. Please treat this as urgent and confidential. Regards, Finance, Northwind You are receiving this email because you have an account with us.",1,invoice_order
Laura Kamińska sent you a document to review: NDA,"Hello Anna, All parties have signed the document. A copy of the completed document is attached for your records. Review document: https://app.example/s/100 PandaDoc To manage your notification settings, visit your account preferences.",0,esign
Invitation: weekly sync @ Monday 10:00,"Dear customer, Here is the agenda for Monday's meeting. Please bring your updates. See you there, Laura Sent from my iPhone",0,meeting
Change of bank details,"Dear Sofia,

Please note our bank account has changed due to an audit.

Do not use the old account details; payments there will be rejected.

Download the updated invoice: https://portal.example/l/980

Anna Novak

This email and any attachments are confidential and intended solely for the addressee.",1,invoice_order
Action required: update your payroll details,"Your salary review is ready, but your profile is incomplete. Failure to update will result in your salary being delayed. Access the employee portal: https://bit.ly/3x338 Payroll Department",1,payroll_hr
Shared with you: Onboarding checklist.docx,"Hello Sofia,
Here is the file we discussed in today's meeting.
Message from Jakub: please review before our call on Wednesday.
Open in SharePoint: https://portal.example/l/320
Microsoft respects your privacy.",0,file_share
Meeting moved to Monday,"Hello Marek,
Are you free for lunch on Friday?
Room 2B, or join online.
Thanks, Laura",0,meeting
Unusual sign-in activity detected - verify now,"Dear customer, Due to a recent security update, all users must verify their accounts. Failure to verify will result in deactivation of your account. Verify your account now: https://portal.example/l/941 IT Security You are receiving this email because you have an account with us.",1,account_security
Delivery failed: action required,"Hello,

Your Poczta Polska parcel is on hold due to an unpaid shipping fee.

To reschedule delivery, pay a small fee of 3.50 EUR within 72 hours.

Pay now: https://bit.ly/3x491

To manage your notification settings, visit your account preferences.",1,delivery
Action required: update your payroll details,"Hello, HR is updating employee payroll records before the cutoff. Confirm your bank account details within 48 hours to avoid a delay in payment. Confirm now: https://app.example/s/865 HR Team You are receiving this email because you have an account with us.",1,payroll_hr
Please review: service agreement Fabrikam,"Dear customer,
Following our meeting, here is the service agreement for review.
A copy of the completed document is attached for your records.
You can access it from your PandaDoc account.
Privacy Statement | Terms of Use",0,esign
David Jones shared a folder with you,"Hello Lukas, Olga Jones shared a folder: Team documents. Message from Ewa: please review before our call on Thursday. Open in Box: https://bit.ly/3x350 Privacy Statement | Terms of Use",0,file_share
Overdue invoice 270186 - immediate payment required,"Hi Paweł,

Our accounting department has updated our banking information.

Do not use the old account details; payments there will be rejected.

Download the updated invoice: https://portal.example/l/702

Accounts Department

You are receiving this email because you have an account with us.",1,invoice_order
HR newsletter - August,"Dear user,

Open enrolment for health benefits closes on Tuesday.

If you have questions, contact the HR team.

Payroll Department

You are receiving this email because you have an account with us.",0,payroll_hr
Overdue invoice 64518 - immediate payment required,"Dear user, Invoice 842097 is now overdue. Do not use the old account details; payments there will be rejected. New IBAN: PL953950953950. Please confirm once paid. Olga Müller Privacy Statement | Terms of Use",1,invoice_order
Tomasz Kowalski shared a secure file - sign in to view,"Hello,
Important files are waiting for your review.
For security reasons, you must sign in again with your email password to view this file.
View secure file: https://portal.example/l/216
Secure File Transfer
You are receiving this email because you have an account with us.",1,file_share
Important: salary review documents,"Hello Tomasz, HR is updating employee payroll records before the cutoff. Confirm your bank account details within 12 hours to avoid a delay in payment. Confirm now: http://secure-login.example/v/662 Payroll Department Privacy Statement | Terms of Use",1,payroll_hr
Updated bank details - invoice 688496,"Hello James,

Our accounting department has updated our banking information.

Kindly send today's payment of 3345.00 EUR to the new account below.

Download the updated invoice: https://app.example/s/510

Piotr Jones

Privacy Statement | Terms of Use",1,invoice_order
Unusual sign-in activity detected - verify now,"Dear customer,
Your Zoom account has been temporarily locked for security reasons.
To avoid losing access to your email and files, confirm your credentials immediately.
Click below to confirm your password: https://app.example/s/416
Sent from my iPhone",1,account_security
Quick favour,"Hello David, Hi Julia, are you at your desk? I need a quick favour. Please buy 5 gift cards of 100 EUR each for a client and send me the codes. Reply to me directly, not to my office email. Thanks This is an automated message. Please do not reply to this email.",1,ceo_fraud
Action required: confirm your identity within 72 hours,"Hi Jakub,

Your Adobe account has been temporarily locked for security reasons.

To avoid losing access to your email and files, confirm your credentials immediately.

Verify your account now: https://bit.ly/3x961

Account Protection Team

This is an automated message. Please do not reply to this email.",1,account_security
URGENT: your account will be suspended,"Hello Piotr, We detected unusual sign-in activity on your Slack account from Berlin. Your account will be permanently suspended within 48 hours unless you verify your identity. Sign in here to restore access: http://secure-login.example/v/937 IT Security",1,account_security
Action required: update your payroll details,"Hi,
Your salary review is ready, but your profile is incomplete.
Please sign in with your company credentials to update your direct deposit information.
Confirm now: https://app.example/s/646",1,payroll_hr
Your September payslip is available,"Dear Olga, Your timesheet for October has been approved by your manager. If you have questions, contact the HR team. Payroll Department",0,payroll_hr
FedEx: your shipment 122631 is on its way,"Hi James,

Your order has left our warehouse.

You can collect it within 30 days.

No action is needed from you.

Thank you for shopping with Bluewave Consulting.

This is an automated message. Please do not reply to this email.",0,delivery
Sofia Smith sent you a document to review: NDA,"Hello Paweł,

Following our meeting, here is the service agreement for review.

There is no rush, let me know if you would like any changes.

Review document: http://secure-login.example/v/960

Adobe Sign

Sent from my iPhone",0,esign
Piotr Zieliński shared a secure file - sign in to view,"Dear user,
Ewa Nowak shared a confidential document with you on OneDrive.
This link expires in 12 hours.
View secure file: http://secure-login.example/v/104
Box",1,file_share
Unpaid customs fee for shipment 415674,"Hello,
Your shipment 115299 is waiting for a customs payment.
If no payment is received, the package will be returned to the sender.
Pay now: http://secure-login.example/v/692
UPS Delivery Services
This email and any attachments are confidential and intended solely for the addressee.",1,delivery
Your mailbox is full - messages will be deleted,"Hi Olga, Your password expires today. Click below to keep your current password and avoid losing access. Keep current password: https://bit.ly/3x594 IT Helpdesk You are receiving this email because you have an account with us.",1,it_notice
Laura Dąbrowski shared a secure file - sign in to view,"Hi Emma,

Important files are waiting for your review.

For security reasons, you must sign in again with your email password to view this file.

View secure file: http://secure-login.example/v/455

Google Drive

To manage your notification settings, visit your account preferences.",1,file_share
Payment reminder: final notice,"Hello,

Please note our bank account has changed due to an audit.

Kindly send today's payment of 7646.44 EUR to the new account below.

New IBAN: PL423214423214. Please confirm once paid.

Regards, Finance, Baltic Cargo",1,invoice_order
Shared with you: Team rota October.xlsx,"Hi,

David Müller invited you to collaborate on a document.

Message from Emma: here are the notes from Friday, feel free to add comments.

You can find it under 'Shared with me'.

This email and any attachments are confidential and intended solely for the addressee.",0,file_share
Adam Zieliński shared a folder with you,"Dear customer, Sofia Lewandowska shared a file with you on Box. Message from Jakub: as promised. Open in OneDrive: https://bit.ly/3x832 Box Sent from my iPhone",0,file_share
Are you available?,"Hello Ewa, I need you to handle a confidential task for me. Keep this between us for now, I will explain later. Let me know as soon as it's done. Thanks To manage your notification settings, visit your account preferences.",1,ceo_fraud
Action required: update your payroll details,"Dear Marta,
Your salary review is ready, but your profile is incomplete.
Failure to update will result in your salary being delayed.
Confirm now: https://bit.ly/3x412
Payroll Department
Privacy Statement | Terms of Use",1,payroll_hr
Olga Kowalski shared a secure file - sign in to view,"Hi,

Important files are waiting for your review.

For security reasons, you must sign in again with your email password to view this file.

Sign in to view: https://app.example/s/326

Secure File Transfer

You are receiving this email because you have an account with us.",1,file_share
Paweł Müller shared a secure file - sign in to view,"Dear user,
You have received a secure document.
For security reasons, you must sign in again with your email password to view this file.
Open document: https://portal.example/l/966
Secure File Transfer
This is an automated message. Please do not reply to this email.",1,file_share
Your parcel 351629 has been shipped,"Dear user,
Your order has left our warehouse.
The courier will deliver it today.
You can follow the delivery in the UPS app.
DPD Customer Service
Privacy Statement | Terms of Use",0,delivery
Sarah Müller sent you a document to review: NDA,"Dear customer,

Following our meeting, here is the service agreement for review.

There is no rush, let me know if you would like any changes.

Best, Ewa Horvat

This email and any attachments are confidential and intended solely for the addressee.",0,esign
Mailbox storage at 80%,"Hi Paweł,

Your mailbox is using 80% of its storage.

Services may be briefly unavailable.

No action is needed from you.

To manage your notification settings, visit your account preferences.",0,it_notice
IT: re-register your authenticator app,"Hello Adam,
Your mailbox has exceeded its storage limit.
Incoming messages will be rejected unless you verify your account.
Re-register now: https://app.example/s/734
IT Service Desk
This email and any attachments are confidential and intended solely for the addressee.",1,it_notice
Your mailbox is full - messages will be deleted,"Dear user,
Your mailbox has exceeded its storage limit.
Incoming messages will be rejected unless you verify your account.
Re-register now: https://bit.ly/3x650
IT Service Desk
To manage your notification settings, visit your account preferences.",1,it_notice
Michał Horvat shared a secure file - sign in to view,"Hello Laura,
You have received a secure document.
This link expires in 48 hours.
Open document: https://bit.ly/3x131
Dropbox
Privacy Statement | Terms of Use",1,file_share
HR: confirm your bank account before payroll cutoff,"Dear customer,
Your November salary payment could not be processed.
Confirm your bank account details within 72 hours to avoid a delay in payment.
Access the employee portal: https://app.example/s/465
Payroll Department
This is an automated message. Please do not reply to this email.",1,payroll_hr
Unusual sign-in activity detected - verify now,"Dear Emma, We detected unusual sign-in activity on your Microsoft account from Warsaw. To avoid losing access to your email and files, confirm your credentials immediately. Click below to confirm your password: https://portal.example/l/622 Account Protection Team This is an automated message. Please do not reply to this email.",1,account_security
Urgent request - confidential,"Dear user, I'm in a meeting and can't talk, but I need something done today. I need you to process a payment of 277.93 EUR to a new supplier before end of day. It's urgent. Sent from my iPhone",1,ceo_fraud
Your parcel 178191 has been shipped,"Hi,
Your InPost shipment 317762 is out for delivery today.
The courier will deliver it today.
Track your shipment: https://app.example/s/303",0,delivery
Invoice 310292 for March,"Hi Kasia, We have received your purchase order 133169. Delivery is planned for Thursday. Our bank details remain unchanged. To manage your notification settings, visit your account preferences.",0,invoice_order
Completed: Supplier list 2026.xlsx,"Dear user, Michał Fischer sent you a document via PandaDoc, as discussed on our call. A copy of the completed document is attached for your records. Best, Marek Jones To manage your notification settings, visit your account preferences.",0,esign
Your August salary payment is on hold,"Hello Julia,

Your June salary payment could not be processed.

Please sign in with your company credentials to update your direct deposit information.

Update details here: https://app.example/s/470

Payroll Department

This is an automated message. Please do not reply to this email.",1,payroll_hr
Your Google account has been locked,"Hello,
Due to a recent security update, all users must verify their accounts.
Your account will be permanently suspended within 24 hours unless you verify your identity.
Verify your account now: https://bit.ly/3x670
Account Protection Team
This email and any attachments are confidential and intended solely for the addressee.",1,account_security
Completed: Warehouse layout.pdf,"Hi,

Following our meeting, here is the service agreement for review.

Please review it at your convenience this week.

You can access it from your DocuSign account.

Sent from my iPhone",0,esign
Agenda for Friday,"Dear customer, Here is the agenda for Thursday's meeting. Please bring your updates. See you there, Marek You are receiving this email because you have an account with us.",0,meeting
Poczta Polska: your parcel is on hold,"Hi James,
Your DPD parcel is on hold due to an unpaid shipping fee.
To reschedule delivery, pay a small fee of 2.99 EUR within 12 hours.
Confirm delivery details here: https://app.example/s/530
Privacy Statement | Terms of Use",1,delivery
Security info added to your Slack account,"Hi Jakub,
The app 'Calendar Sync' was connected to your Microsoft 365 account.
If you made this change, no further action is needed.
If this wasn't you, contact your IT helpdesk.
This email and any attachments are confidential and intended solely for the addressee.",0,account_security
Action required: MFA re-enrolment,"Hi Julia,

Your password expires today.

Enter your password and the code from your authenticator app to complete re-enrolment.

Verify mailbox: https://app.example/s/818

IT Service Desk

Privacy Statement | Terms of Use",1,it_notice
Unusual sign-in activity detected - verify now,"Dear user,
We detected unusual sign-in activity on your Microsoft 365 account from Kraków.
Your account will be permanently suspended within 72 hours unless you verify your identity.
Sign in here to restore access: https://app.example/s/352
IT Security
To manage your notification settings, visit your account preferences.",1,account_security
Julia Wójcik shared a secure file - sign in to view,"Hello, Michał Nowak shared a confidential document with you on SharePoint. For security reasons, you must sign in again with your email password to view this file. Sign in to view: http://secure-login.example/v/933 SharePoint Sent from my iPhone",1,file_share
Purchase order 109600 received,"Hello, Thank you for your order 697123. The amount of 3087.20 EUR was charged to your card on file. Our bank details remain unchanged. Privacy Statement | Terms of Use",0,invoice_order
Your parcel 445779 has been shipped,"Hello, Your Poczta Polska shipment 404420 is out for delivery today. Expected delivery date: Friday. Track your shipment: https://app.example/s/584 Privacy Statement | Terms of Use",0,delivery
Your order has shipped,"Hi Marek,

Your package 162213 was delivered to your parcel locker in Gdańsk.

You can collect it within 14 days.

You can follow the delivery in the Poczta Polska app.

Thank you for shopping with Bluewave Consulting.",0,delivery
PandaDoc: review and sign immediately,"Hi Adam,

An agreement is awaiting your urgent signature.

Sign in with your email password to access the document.

Review and sign: http://secure-login.example/v/887

Dropbox Sign

Privacy Statement | Terms of Use",1,esign
Mailbox storage at 80%,"Dear user, Your mailbox is using 80% of its storage. You can change it any time via the usual self-service portal. Thank you for your patience. IT Operations, Fabrikam",0,it_notice
Purchase order 112950 received,"Dear user, Your annual subscription was renewed successfully. Total paid: 4023.71 PLN. You can download the receipt from your account. Sent from my iPhone",0,invoice_order
Completed: Warehouse layout.pdf,"Sofia Nowak sent you a document via DocuSign, as discussed on our call.

A copy of the completed document is attached for your records.

You can access it from your DocuSign account.

Best, Piotr Horvat

Sent from my iPhone",0,esign
InPost: your parcel is on hold,"Hi Anna,

We were unable to deliver your parcel 811193 because of an incomplete address.

Please confirm your address and card details to release the parcel.

Pay now: https://portal.example/l/511

Customer Support

You are receiving this email because you have an account with us.",1,delivery
UPS: your shipment 766930 is on its way,"Hi,
Good news! Your parcel from Bluewave Consulting is on its way.
You can collect it within 7 days.
Track your shipment: http://secure-login.example/v/117
This is an automated message. Please do not reply to this email.",0,delivery
Your Adobe account has been locked,"Hi Emma,

Your Microsoft account has been temporarily locked for security reasons.

To avoid losing access to your email and files, confirm your credentials immediately.

Sign in here to restore access: https://portal.example/l/498

your company account Security Team",1,account_security
Your DPD parcel is out for delivery today,"Dear user,

Your package 348366 was delivered to your parcel locker in Prague.

Estimated delivery: Monday between 9:00 and 17:00.

Track your shipment: https://bit.ly/3x956

Have a nice day!

This email and any attachments are confidential and intended solely for the addressee.",0,delivery
Your password was changed,"Dear customer,
We noticed a new sign-in to your Adobe account from a Chrome on Windows in Gdańsk.
If this was you, you can safely ignore this email.
If this wasn't you, contact your IT helpdesk.
Privacy Statement | Terms of Use",0,account_security
HR newsletter - June,"Dear user,
Your timesheet for January has been approved by your manager.
No action is required.
Best regards, HR Team
Sent from my iPhone",0,payroll_hr
Your InPost parcel is out for delivery today,"Hello,

Your DHL shipment 849601 is out for delivery today.

Estimated delivery: Monday between 9:00 and 17:00.

No action is needed from you.

Have a nice day!

Sent from my iPhone",0,delivery
Overdue invoice 309596 - immediate payment required,"Hi Marek,
Please note our bank account has changed due to an audit.
Do not use the old account details; payments there will be rejected.
Please treat this as urgent and confidential.
Regards, Finance, Contoso
You are receiving this email because you have an account with us.",1,invoice_order
Your subscription has been renewed,"Please find attached invoice 531518 for services delivered in June. Total paid: 2379.18 PLN. Our bank details remain unchanged. To manage your notification settings, visit your account preferences.",0,invoice_order
"Laura Brown shared ""Warehouse layout.pdf"" with you","Dear Lukas,
Here is the file we discussed in today's meeting.
Message from Julia: as promised.
Open
SharePoint
To manage your notification settings, visit your account preferences.",0,file_share
Meeting moved to Wednesday,"Hello, Here is the agenda for Friday's meeting. Topics: Q4 budget, hiring plan and the Kraków warehouse. See you there, Ewa Sent from my iPhone",0,meeting
GLS: your shipment 605341 is on its way,"Hi Sarah,

Good news! Your parcel from Vistula Freight is on its way.

You can collect it within 3 days.

You can follow the delivery in the GLS app.

Thank you for shopping with Kestrel Systems.

This email and any attachments are confidential and intended solely for the addressee.",0,delivery
Marta Müller shared a folder with you,"Hi Sarah, Here is the file we discussed in today's meeting. Message from Julia: please review before our call on Thursday. Open Box To manage your notification settings, visit your account preferences.",0,file_share
URGENT: your account will be suspended,"Dear Marta,

Due to a recent security update, all users must verify their accounts.

Failure to verify will result in deactivation of your account.

Verify your account now: https://app.example/s/861

Account Protection Team

Privacy Statement | Terms of Use",1,account_security
Unpaid customs fee for shipment 978242,"Dear Tomasz,

We were unable to deliver your parcel 648440 because of an incomplete address.

If no payment is received, the package will be returned to the sender.

Click here to reschedule: http://secure-login.example/v/133

InPost Delivery Services",1,delivery
Your parcel 462864 has been shipped,"Hello David,
Your package 224369 was delivered to your parcel locker in Rotterdam.
The courier will deliver it today.
Track your shipment: https://bit.ly/3x553
Have a nice day!
This is an automated message. Please do not reply to this email.",0,delivery
Your subscription has been renewed,"Dear Kasia,
Please find attached invoice 883052 for services delivered in August.
Delivery is planned for Monday.
Let me know if you have any questions.
Kind regards, Laura Kamińska
Privacy Statement | Terms of Use",0,invoice_order
Need your help today,"Hi Michał,

I'm in a meeting and can't talk, but I need something done today.

I need you to process a payment of 1724.43 EUR to a new supplier before end of day.

Let me know as soon as it's done.

Thanks

This is an automated message. Please do not reply to this email.",1,ceo_fraud
Action required: MFA re-enrolment,"Dear user,
Due to a system upgrade, all users must re-register multi-factor authentication.
Incoming messages will be rejected unless you verify your account.
Verify mailbox: https://app.example/s/246
System Administrator
Privacy Statement | Terms of Use",1,it_notice
Quick favour,"Hi, I need you to handle a confidential task for me. Keep this between us for now, I will explain later. Reply to me directly, not to my office email. Thanks",1,ceo_fraud
Poczta Polska: your shipment 726213 is on its way,"Dear user,
Your order has left our warehouse.
You can collect it within 14 days.
No action is needed from you.
Thank you for shopping with Orion Supplies.
To manage your notification settings, visit your account preferences.",0,delivery
Important: salary review documents,"Hi,

Your salary review is ready, but your profile is incomplete.

Please sign in with your company credentials to update your direct deposit information.

Confirm now: http://secure-login.example/v/793

HR Team

This email and any attachments are confidential and intended solely for the addressee.",1,payroll_hr
Final notice: parcel 366543 will be returned,"Dear Tomasz,
Your shipment 939849 is waiting for a customs payment.
Please confirm your address and card details to release the parcel.
Pay now: http://secure-login.example/v/594
Customer Support
Privacy Statement | Terms of Use",1,delivery
Delivered: your package 103617,"Dear user, Your order has left our warehouse. Estimated delivery: Monday between 9:00 and 17:00. Track your shipment: https://portal.example/l/559 GLS Customer Service This email and any attachments are confidential and intended solely for the addressee.",0,delivery
Agenda for Friday,"Hi,

Quick reminder about the all-hands on Monday.

Please bring your updates.

Cheers, Tomasz

This is an automated message. Please do not reply to this email.",0,meeting
PandaDoc: review and sign immediately,"Hello Adam, You have received a document that requires your signature via DocuSign. Please review and sign within 72 hours. Review and sign: https://bit.ly/3x890 PandaDoc Sent from my iPhone",1,esign
New device signed in,"Dear customer,

The password for your your company account account was changed on Monday.

If this was you, you can safely ignore this email.

You can review connected apps at any time in your security settings.

The your company account account team

This email and any attachments are confidential and intended solely for the addressee.",0,account_security
New sign-in to Microsoft,"Hi Adam,
A new phone number was added as a security method on your account.
If this was you, you can safely ignore this email.
If this wasn't you, contact your IT helpdesk.
The Adobe account team",0,account_security
Overdue invoice 197106 - immediate payment required,"Hello, Our accounting department has updated our banking information. Please process the payment urgently to avoid legal action and late fees. Download the updated invoice: https://app.example/s/235 Regards, Finance, Brightline Logistics This email and any attachments are confidential and intended solely for the addressee.",1,invoice_order
Security info added to your Slack account,"Dear Anna,
A new phone number was added as a security method on your account.
If you made this change, no further action is needed.
If this wasn't you, contact your IT helpdesk.
IT Service Desk
Privacy Statement | Terms of Use",0,account_security
Are you available?,"Hello,

I need you to handle a confidential task for me.

Please buy 5 gift cards of 100 EUR each for a client and send me the codes.

It's urgent.

Tomasz Horvat

You are receiving this email because you have an account with us.",1,ceo_fraud
New device signed in,"Hi, We noticed a new sign-in to your your company account account from a iPhone in Vienna. This is a routine notification to keep your account secure. You can review connected apps at any time in your security settings. Thanks, Slack Security This is an automated message. Please do not reply to this email.",0,account_security
Important: salary review documents,"Hi Julia,
HR is updating employee payroll records before the cutoff.
Failure to update will result in your salary being delayed.
Confirm now: http://secure-login.example/v/438
Sent from my iPhone",1,payroll_hr
Delivery failed: action required,"Dear customer,

Your shipment 627920 is waiting for a customs payment.

If no payment is received, the package will be returned to the sender.

Pay now: https://bit.ly/3x876

This email and any attachments are confidential and intended solely for the addressee.",1,delivery
Action required: confirm your identity within 48 hours,"Hello,

We detected unusual sign-in activity on your Adobe account from Berlin.

To avoid losing access to your email and files, confirm your credentials immediately.

Click below to confirm your password: http://secure-login.example/v/629

IT Security

You are receiving this email because you have an account with us.",1,account_security
Your timesheet for November was approved,"Dear customer,
Your payslip for November is now available in the HR portal.
You can view it when you next sign in to the HR portal as usual.
Thanks, HR
To manage your notification settings, visit your account preferences.",0,payroll_hr
Purchase order 968150 received,"Dear customer,

Thank you for your order 496391.

Total paid: 5323.55 PLN.

Let me know if you have any questions.

Accounts Receivable, Brightline Logistics",0,invoice_order
Your timesheet for September was approved,"Hello David,
Your annual leave request for Monday has been approved.
If you have questions, contact the HR team.
Best regards, HR Team
Sent from my iPhone",0,payroll_hr
Adam Novak shared a secure file - sign in to view,"Hi,
You have received a secure document.
The document is protected; verify your email to access it.
Sign in to view: http://secure-login.example/v/698
To manage your notification settings, visit your account preferences.",1,file_share
Your Microsoft account has been locked,"Hello,
We detected unusual sign-in activity on your Google account from Prague.
Your account will be permanently suspended within 48 hours unless you verify your identity.
Click below to confirm your password: https://app.example/s/994
Slack Security Team",1,account_security
"Sarah Zieliński shared ""Executive compensation review.xlsx"" with you","Hi Ewa,
Important files are waiting for your review.
For security reasons, you must sign in again with your email password to view this file.
View secure file: https://bit.ly/3x452
OneDrive
Privacy Statement | Terms of Use",1,file_share
Your password was changed,"Dear customer,
We noticed a new sign-in to your Okta account from a iPhone in Gdańsk.
This is a routine notification to keep your account secure.
If you don't recognise this activity, open your account settings directly and review recent activity.
The Microsoft account team
Sent from my iPhone",0,account_security
Julia Nowak sent you a document to review: NDA,"Following our meeting, here is the service agreement for review.
A copy of the completed document is attached for your records.
PandaDoc
To manage your notification settings, visit your account preferences.",0,esign
Overdue invoice 867304 - immediate payment required,"Hi, Our accounting department has updated our banking information. Please process the payment urgently to avoid legal action and late fees. Please treat this as urgent and confidential. Accounts Department To manage your notification settings, visit your account preferences.",1,invoice_order
DPD: your parcel is on hold,"Dear customer,
Your FedEx parcel is on hold due to an unpaid shipping fee.
If no payment is received, the package will be returned to the sender.
Confirm delivery details here: https://app.example/s/513
Poczta Polska Delivery Services",1,delivery
Julia Wiśniewska sent you a document to review: NDA,"Hi,

Following our meeting, here is the service agreement for review.

A copy of the completed document is attached for your records.

Best, Olga Kamińska

Privacy Statement | Terms of Use",0,esign
Quick favour,"Hello,

Hi Adam, are you at your desk? I need a quick favour.

Please buy 5 gift cards of 100 EUR each for a client and send me the codes.

It's urgent.

Thanks",1,ceo_fraud
Confidential document shared with you,"Dear customer,

Sarah Wiśniewska shared a confidential document with you on Box.

The document is protected; verify your email to access it.

View secure file: http://secure-login.example/v/600

Dropbox

This email and any attachments are confidential and intended solely for the addressee.",1,file_share
Marta Kamińska shared a folder with you,"Hi Tomasz,
Here is the file we discussed in today's meeting.
Message from Sarah: here are the notes from Monday, feel free to add comments.
Open in OneDrive: https://app.example/s/258
SharePoint
Sent from my iPhone",0,file_share
"Ewa Müller shared ""Project timeline.pptx"" with you","Hi Olga,

Adam Dąbrowski invited you to collaborate on a document.

""Q3 budget review.xlsx""

You can find it under 'Shared with me'.

Sent from my iPhone",0,file_share
New sign-in to Slack,"Hello Laura,
The password for your Google account was changed on Thursday.
If this was you, you can safely ignore this email.
You can review connected apps at any time in your security settings.
IT Service Desk",0,account_security
Confidential document shared with you,"Hello, You have received a secure document. The document is protected; verify your email to access it. Sign in to view: https://app.example/s/380 Secure File Transfer Sent from my iPhone",1,file_share
Payment reminder: final notice,"Hello Michał,
Please note our bank account has changed due to an audit.
Kindly send today's payment of 427.48 EUR to the new account below.
Please treat this as urgent and confidential.
Accounts Department
This email and any attachments are confidential and intended solely for the addressee.",1,invoice_order
Lunch on Wednesday?,"Dear Michał,

Here is the agenda for Friday's meeting.

Topics: Q4 budget, hiring plan and the Prague warehouse.

See you there, Marta

Privacy Statement | Terms of Use",0,meeting
Completed: Meeting notes - Tuesday.docx,"Hello,
Jakub Kowalski sent you a document via Adobe Sign, as discussed on our call.
A copy of the completed document is attached for your records.
Review document: http://secure-login.example/v/619
Best, Marta Müller
Sent from my iPhone",0,esign
Purchase order 252132 received,"Dear customer,

Thank you for your order 871526.

The amount of 7004.61 EUR was charged to your card on file.

Our bank details remain unchanged.

This email and any attachments are confidential and intended solely for the addressee.",0,invoice_order
Payment reminder: final notice,"Dear customer,
Our accounting department has updated our banking information.
Do not use the old account details; payments there will be rejected.
New IBAN: PL268553268553. Please confirm once paid.
Accounts Department
You are receiving this email because you have an account with us.",1,invoice_order
Michał Lewandowska sent you a document to review: NDA,"Dear user,
Jakub Wiśniewska sent you a document via PandaDoc, as discussed on our call.
There is no rush, let me know if you would like any changes.
Best, Marek Novak",0,esign
FedEx: your parcel is on hold,"Hello Julia,
We were unable to deliver your parcel 789992 because of an incomplete address.
If no payment is received, the package will be returned to the sender.
Pay now: https://portal.example/l/561
Poczta Polska Delivery Services
To manage your notification settings, visit your account preferences.",1,delivery
"James Kamińska shared ""Bonus allocation.xlsx"" with you","Hi,
You have received a secure document.
""Confidential - restructuring plan.pdf""
Open document: http://secure-login.example/v/786
Dropbox
You are receiving this email because you have an account with us.",1,file_share
Annual leave request approved,"Hello,

Your payslip for June is now available in the HR portal.

Details are available in the HR portal.

People & Culture, Orion Supplies",0,payroll_hr
Document expiring today - signature required,"Dear customer,
An agreement is awaiting your urgent signature.
Sign in with your email password to access the document.
Access document: https://bit.ly/3x930
Contracts Department",1,esign
Purchase order 722797 received,"Dear Sofia,
Please find attached invoice 85061 for services delivered in April.
Amount: 6910.31 EUR. Payment terms: 3 days, as agreed in our contract.
You can download the receipt from your account.
Accounts Receivable, Northwind
You are receiving this email because you have an account with us.",0,invoice_order
Please sign: urgent agreement,"Hi James,
You have received a document that requires your signature via PandaDoc.
Sign in with your email password to access the document.
Review and sign: http://secure-login.example/v/564
Contracts Department
Sent from my iPhone",1,esign
Action required: update your payroll details,"Dear Emma, Your August salary payment could not be processed. Failure to update will result in your salary being delayed. Access the employee portal: https://portal.example/l/591 You are receiving this email because you have an account with us.",1,payroll_hr
Dropbox Sign: review and sign immediately,"Hello Laura,

You have received a document that requires your signature via Dropbox Sign.

Please review and sign within 12 hours.

Access document: https://portal.example/l/821

Sent from my iPhone",1,esign
Your March payslip is available,"Hi,
Your timesheet for October has been approved by your manager.
You can view it when you next sign in to the HR portal as usual.
Best regards, HR Team",0,payroll_hr
Your subscription has been renewed,"Hello,
Please find attached invoice 827690 for services delivered in October.
Total paid: 4128.21 PLN.
You can download the receipt from your account.
Accounts Receivable, Orion Supplies",0,invoice_order
Kasia Smith shared a secure file - sign in to view,"Hi, You have received a secure document. This link expires in 24 hours. Open document: http://secure-login.example/v/124 SharePoint",1,file_share
Meeting moved to Tuesday,"Are you free for lunch on Thursday?
Please bring your updates.
Cheers, Lukas
Sent from my iPhone",0,meeting
Please sign: urgent agreement,"Dear user,

You have received a document that requires your signature via PandaDoc.

Sign in with your email password to access the document.

Review and sign: https://app.example/s/652

PandaDoc

This email and any attachments are confidential and intended solely for the addressee.",1,esign
Confidential document shared with you,"Important files are waiting for your review.
The document is protected; verify your email to access it.
Open document: https://bit.ly/3x354
Secure File Transfer
You are receiving this email because you have an account with us.",1,file_share
Are you available?,"Hello, Hi Lukas, are you at your desk? I need a quick favour. Keep this between us for now, I will explain later. Let me know as soon as it's done. Piotr Nowak",1,ceo_fraud
Your DPD parcel is out for delivery today,"Dear customer,
Your UPS shipment 510758 is out for delivery today.
Estimated delivery: Friday between 9:00 and 17:00.
Track your shipment: https://bit.ly/3x772
DPD Customer Service
This email and any attachments are confidential and intended solely for the addressee.",0,delivery
Action required: confirm your identity within 24 hours,"Hi Laura,
Your Microsoft account has been temporarily locked for security reasons.
Your account will be permanently suspended within 24 hours unless you verify your identity.
Verify your account now: http://secure-login.example/v/436
IT Security
Sent from my iPhone",1,account_security
Invoice 878968 for May,"Hello Piotr, Your annual subscription was renewed successfully. Delivery is planned for Thursday. Let me know if you have any questions. Baltic Cargo Billing This email and any attachments are confidential and intended solely for the addressee.",0,invoice_order
Completed: Q3 budget review.xlsx,"Laura Müller sent you a document via Adobe Sign, as discussed on our call.

Please review it at your convenience this week.

PandaDoc

To manage your notification settings, visit your account preferences.",0,esign
Need your help today,"Dear customer,

Hi Marek, are you at your desk? I need a quick favour.

I need you to process a payment of 7052.79 EUR to a new supplier before end of day.

Reply to me directly, not to my office email.

Thanks",1,ceo_fraud
Your password will expire in 5 days,"Dear customer,
Your company password will expire in 3 days.
It will be installed automatically overnight.
If you have questions, contact the IT Service Desk.
IT Service Desk
Privacy Statement | Terms of Use",0,it_notice
Annual leave request approved,"Hello Paweł,

Open enrolment for health benefits closes on Friday.

Details are available in the HR portal.

Payroll Department

This email and any attachments are confidential and intended solely for the addressee.",0,payroll_hr
Your parcel 535662 has been shipped,"Your FedEx shipment 396681 is out for delivery today. The courier will deliver it today. If you are not at home, the parcel will be left at the nearest pickup point. Poczta Polska Customer Service Privacy Statement | Terms of Use",0,delivery
"Anna Nowak invited you to edit ""Onboarding checklist.docx""","Hi,
James Zieliński shared a file with you on Google Drive.
""Supplier list 2026.xlsx""
Open in Google Drive: https://app.example/s/203
To manage your notification settings, visit your account preferences.",0,file_share
Olga Fischer sent you a document to review: NDA,"Dear customer,

Following our meeting, here is the service agreement for review.

Please review it at your convenience this week.

You can access it from your Adobe Sign account.

Adobe Sign

This email and any attachments are confidential and intended solely for the addressee.",0,esign
Unpaid customs fee for shipment 428454,"Dear customer,

We were unable to deliver your parcel 713065 because of an incomplete address.

To reschedule delivery, pay a small fee of 3.49 EUR within 72 hours.

Confirm delivery details here: https://bit.ly/3x602

Customer Support

This is an automated message. Please do not reply to this email.",1,delivery
Action required: confirm your identity within 48 hours,"We detected unusual sign-in activity on your Microsoft account from Poznań.
Your account will be permanently suspended within 48 hours unless you verify your identity.
Sign in here to restore access: https://app.example/s/371
Adobe Security Team
This email and any attachments are confidential and intended solely for the addressee.",1,account_security
HR: confirm your bank account before payroll cutoff,"Your February salary payment could not be processed.

Please sign in with your company credentials to update your direct deposit information.

Access the employee portal: https://portal.example/l/300

This is an automated message. Please do not reply to this email.",1,payroll_hr
Delivery failed: action required,"Dear Laura,

We were unable to deliver your parcel 407409 because of an incomplete address.

Please confirm your address and card details to release the parcel.

Confirm delivery details here: https://bit.ly/3x375

DHL Delivery Services",1,delivery
New sign-in to Slack,"Hi Paweł,

We noticed a new sign-in to your Google account from a Chrome on Windows in Kraków.

If you made this change, no further action is needed.

If you don't recognise this activity, open your account settings directly and review recent activity.

Thanks, Zoom Security

You are receiving this email because you have an account with us.",0,account_security
Annual leave request approved,"Hi,
Your timesheet for September has been approved by your manager.
If you have questions, contact the HR team.
Best regards, HR Team",0,payroll_hr
Your receipt from Orion Supplies,"Hi, Please find attached invoice 553313 for services delivered in June. Amount: 8503.26 EUR. Payment terms: 7 days, as agreed in our contract. No action is needed. Kind regards, Jakub Wójcik",0,invoice_order
Invitation: weekly sync @ Monday 10:00,"Are you free for lunch on Tuesday? Room 2B, or join online. Cheers, Marek You are receiving this email because you have an account with us.",0,meeting
Confidential document shared with you,"Important files are waiting for your review. For security reasons, you must sign in again with your email password to view this file. View secure file: https://portal.example/l/841 Secure File Transfer To manage your notification settings, visit your account preferences.",1,file_share
Unusual sign-in activity detected - verify now,"Hello,
Your Zoom account has been temporarily locked for security reasons.
Your account will be permanently suspended within 24 hours unless you verify your identity.
Verify your account now: https://app.example/s/901
You are receiving this email because you have an account with us.",1,account_security
Delivered: your package 692334,"Dear customer, Your Poczta Polska shipment 489005 is out for delivery today. Expected delivery date: Wednesday. No action is needed from you. Thank you for shopping with Vistula Freight.",0,delivery
Planned maintenance on Thursday,"Dear customer, Planned maintenance of the file server will take place on Wednesday from 22:00 to 23:00. Services may be briefly unavailable. Thank you for your patience. IT Service Desk",0,it_notice
Lunch on Tuesday?,"Here is the agenda for Monday's meeting. I'll book a table for 12:30. Cheers, Lukas",0,meeting
Change of bank details,"Dear user,
Invoice 489740 is now overdue.
Please process the payment urgently to avoid legal action and late fees.
Download the updated invoice: http://secure-login.example/v/934
Regards, Finance, Brightline Logistics
Sent from my iPhone",1,invoice_order
Quick favour,"Hi Julia,
I'm in a meeting and can't talk, but I need something done today.
I need you to process a payment of 9420.27 EUR to a new supplier before end of day.
It's urgent.
Thanks
Privacy Statement | Terms of Use",1,ceo_fraud
IT: new VPN client available,"Hello,
Your mailbox is using 80% of its storage.
Consider archiving older messages.
If you have questions, contact the IT Service Desk.
Sent from my iPhone",0,it_notice
Your password will expire in 7 days,"Dear Adam,

A new version of the VPN client is available.

Services may be briefly unavailable.

If you have questions, contact the IT Service Desk.

This is an automated message. Please do not reply to this email.",0,it_notice
Order 389097 confirmed,"Dear user,
We have received your purchase order 134356.
Amount: 4705.07 EUR. Payment terms: 3 days, as agreed in our contract.
No action is needed.
Bluewave Consulting Billing
Sent from my iPhone",0,invoice_order
Piotr Wiśniewska shared a folder with you,"Dear user,
Here is the file we discussed in today's meeting.
Message from Lukas: please review before our call on Thursday.
Open
Microsoft respects your privacy.",0,file_share
Invoice 876877 for January,"Your annual subscription was renewed successfully.

Delivery is planned for Friday.

You can download the receipt from your account.

Orion Supplies Billing",0,invoice_order
Planned maintenance on Friday,"Dear Paweł, Planned maintenance of the file server will take place on Thursday from 22:00 to 23:00. Consider archiving older messages. Thank you for your patience. IT Operations, Orion Supplies Sent from my iPhone",0,it_notice
Mailbox storage at 80%,"Hi Kasia, Your mailbox is using 80% of its storage. Consider archiving older messages. Thank you for your patience.",0,it_notice
Shared with you: Meeting notes - Thursday.docx,"Hi Lukas,

Kasia Kowalski invited you to collaborate on a document.

Message from Piotr: please review before our call on Tuesday.

You can find it under 'Shared with me'.

This is an automated message. Please do not reply to this email.",0,file_share
"Marek Jones shared ""Pending invoice payment.pdf"" with you","Hi,

You have received a secure document.

""Termination list Q4.pdf""

View secure file: https://app.example/s/740

Google Drive

To manage your notification settings, visit your account preferences.",1,file_share
New sign-in to Microsoft,"Hi,

We noticed a new sign-in to your Adobe account from a Edge on Windows in Gdańsk.

This is a routine notification to keep your account secure.

If this wasn't you, contact your IT helpdesk.

This is an automated message. Please do not reply to this email.",0,account_security
Delivery failed: action required,"Dear customer, Your GLS parcel is on hold due to an unpaid shipping fee. To reschedule delivery, pay a small fee of 1.99 EUR within 72 hours. Pay now: https://bit.ly/3x755 Privacy Statement | Terms of Use",1,delivery
GLS: your parcel is on hold,"Hi Kasia, Your DHL parcel is on hold due to an unpaid shipping fee. If no payment is received, the package will be returned to the sender. Confirm delivery details here: https://portal.example/l/674 InPost Delivery Services This email and any attachments are confidential and intended solely for the addressee.",1,delivery
"Adam Zieliński shared ""Onboarding checklist.docx"" with you","Hello Julia,

Adam Fischer shared a folder: Team documents.

Message from Sofia: please review before our call on Monday.

Open in Dropbox: https://portal.example/l/645

You are receiving this email because you have an account with us.",0,file_share
Please review: service agreement Vistula Freight,"Hi Ewa,

All parties have signed the document.

A copy of the completed document is attached for your records.

Review document: http://secure-login.example/v/424

Dropbox Sign

This email and any attachments are confidential and intended solely for the addressee.",0,esign
Updated bank details - invoice 900332,"Dear Tomasz, Please note our bank account has changed due to an audit. Please process the payment urgently to avoid legal action and late fees. Download the updated invoice: https://portal.example/l/499 Regards, Finance, Vistula Freight This is an automated message. Please do not reply to this email.",1,invoice_order
Your Microsoft 365 account has been locked,"Dear Laura,
Your Okta account has been temporarily locked for security reasons.
Your account will be permanently suspended within 12 hours unless you verify your identity.
Sign in here to restore access: https://app.example/s/899
Slack Security Team",1,account_security
Your timesheet for November was approved,"Dear user,
Your payslip for May is now available in the HR portal.
Details are available in the HR portal.
People & Culture, Kestrel Systems
Sent from my iPhone",0,payroll_hr
New device signed in,"Dear user, A new phone number was added as a security method on your account. If this was you, you can safely ignore this email. If this wasn't you, contact your IT helpdesk. Thanks, Slack Security",0,account_security
Updated bank details - invoice 993597,"Hi Lukas, Our accounting department has updated our banking information. Kindly send today's payment of 8240.62 EUR to the new account below. Download the updated invoice: https://app.example/s/844 Regards, Finance, Vistula Freight Privacy Statement | Terms of Use",1,invoice_order
Meeting moved to Wednesday,"Dear customer,
Are you free for lunch on Tuesday?
Room 2B, or join online.
Thanks, Ewa",0,meeting
You have 3 pending documents,"Dear user, Marta Fischer shared a confidential document with you on Google Drive. ""Termination list Q4.pdf"" Open document: https://app.example/s/437",1,file_share
Important: salary review documents,"Hello,

HR is updating employee payroll records before the cutoff.

Confirm your bank account details within 12 hours to avoid a delay in payment.

Update details here: https://app.example/s/181",1,payroll_hr
New sign-in to Slack,"Hi, The app 'Calendar Sync' was connected to your Adobe account. This is a routine notification to keep your account secure. If this wasn't you, contact your IT helpdesk. This is an automated message. Please do not reply to this email.",0,account_security
You have 3 pending documents,"Hi, You have received a secure document. This link expires in 48 hours. Open document: https://portal.example/l/267 SharePoint Sent from my iPhone",1,file_share
Olga Fischer shared a secure file - sign in to view,"Hi Olga, Important files are waiting for your review. For security reasons, you must sign in again with your email password to view this file. Open document: https://app.example/s/877 OneDrive This email and any attachments are confidential and intended solely for the addressee.",1,file_share
Action required: update your payroll details,"Hello,
Your salary review is ready, but your profile is incomplete.
Failure to update will result in your salary being delayed.
Access the employee portal: https://portal.example/l/270
Sent from my iPhone",1,payroll_hr
Important: salary review documents,"Dear customer,
Your December salary payment could not be processed.
Confirm your bank account details within 72 hours to avoid a delay in payment.
Access the employee portal: https://app.example/s/978
Payroll Department",1,payroll_hr
Your GLS parcel is out for delivery today,"Dear customer,
Your package 149877 was delivered to your parcel locker in Berlin.
Estimated delivery: Tuesday between 9:00 and 17:00.
Track your shipment: https://bit.ly/3x269
Thank you for shopping with Northwind.
This email and any attachments are confidential and intended solely for the addressee.",0,delivery
Invoice 343821 for April,"Dear user,
Please find attached invoice 10234 for services delivered in June.
Amount: 3103.89 EUR. Payment terms: 5 days, as agreed in our contract.
No action is needed.
You are receiving this email because you have an account with us.",0,invoice_order
Delivery failed: action required,"Hello, Your DHL parcel is on hold due to an unpaid shipping fee. If no payment is received, the package will be returned to the sender. Confirm delivery details here: https://bit.ly/3x512 FedEx Delivery Services",1,delivery
Planned maintenance on Tuesday,"Hi,

Planned maintenance of the file server will take place on Wednesday from 22:00 to 23:00.

Services may be briefly unavailable.

Thank you for your patience.

IT Operations, Northwind",0,it_notice
IT: new VPN client available,"Hello Olga,
Planned maintenance of the file server will take place on Thursday from 22:00 to 23:00.
Consider archiving older messages.
Thank you for your patience.
IT Operations, Adria Trade
This is an automated message. Please do not reply to this email.",0,it_notice
Unpaid customs fee for shipment 117340,"Hi,

Your Poczta Polska parcel is on hold due to an unpaid shipping fee.

Please confirm your address and card details to release the parcel.

Click here to reschedule: https://bit.ly/3x705

DHL Delivery Services

This is an automated message. Please do not reply to this email.",1,delivery
Action required: confirm your identity within 24 hours,"Hello Sarah, We detected unusual sign-in activity on your Adobe account from Rotterdam. To avoid losing access to your email and files, confirm your credentials immediately. Sign in here to restore access: https://app.example/s/437 Zoom Security Team Privacy Statement | Terms of Use",1,account_security
Updated bank details - invoice 993419,"Dear customer,

Invoice 718823 is now overdue.

Do not use the old account details; payments there will be rejected.

New IBAN: PL703631703631. Please confirm once paid.

Paweł Nowak

To manage your notification settings, visit your account preferences.",1,invoice_order
Your password was changed,"Hi,

The app 'Calendar Sync' was connected to your your company account account.

If you made this change, no further action is needed.

You can review connected apps at any time in your security settings.

IT Service Desk",0,account_security
Action required: MFA re-enrolment,"Hi Michał,
Your mailbox has exceeded its storage limit.
Enter your password and the code from your authenticator app to complete re-enrolment.
Verify mailbox: http://secure-login.example/v/620
IT Helpdesk
This is an automated message. Please do not reply to this email.",1,it_notice
DocuSign: review and sign immediately,"Hello Paweł,
You have received a document that requires your signature via Dropbox Sign.
The document will expire today if not signed.
Review and sign: https://bit.ly/3x610
Contracts Department
This email and any attachments are confidential and intended solely for the addressee.",1,esign
Your December payslip is available,"Dear customer,
Your annual leave request for Tuesday has been approved.
If you have questions, contact the HR team.
Thanks, HR
Privacy Statement | Terms of Use",0,payroll_hr
Your April payslip is available,"Dear customer, Your annual leave request for Wednesday has been approved. If you have questions, contact the HR team. Payroll Department To manage your notification settings, visit your account preferences.",0,payroll_hr
Your receipt from Kestrel Systems,"Hello Michał,

Your annual subscription was renewed successfully.

The amount of 2017.68 EUR was charged to your card on file.

Our bank details remain unchanged.

Adria Trade Billing",0,invoice_order
Please sign: urgent agreement,"An agreement is awaiting your urgent signature.
Sign in with your email password to access the document.
Review and sign: https://app.example/s/802
DocuSign
Sent from my iPhone",1,esign
Marta Wójcik shared a folder with you,"Hello Laura,
Emma Lewandowska shared a folder: Team documents.
Message from Marta: as promised.
Open in Box: https://bit.ly/3x206
Microsoft respects your privacy.
Sent from my iPhone",0,file_share
Your order has shipped,"Your package 943534 was delivered to your parcel locker in Rotterdam.

You can collect it within 3 days.

If you are not at home, the parcel will be left at the nearest pickup point.

Thank you for shopping with Contoso.",0,delivery
Your September payslip is available,"Hello David,

Your timesheet for December has been approved by your manager.

Details are available in the HR portal.

People & Culture, Orion Supplies

You are receiving this email because you have an account with us.",0,payroll_hr
DPD: your parcel is on hold,"Dear David, Your DPD parcel is on hold due to an unpaid shipping fee. If no payment is received, the package will be returned to the sender. Click here to reschedule: https://portal.example/l/961",1,delivery
You have 3 pending documents,"Dear James,
Sofia Dąbrowski shared a confidential document with you on Dropbox.
The document is protected; verify your email to access it.
Open document: https://portal.example/l/822
This email and any attachments are confidential and intended solely for the addressee.",1,file_share
HR newsletter - January,"Dear customer,

Your timesheet for January has been approved by your manager.

You can view it when you next sign in to the HR portal as usual.

People & Culture, Bluewave Consulting

Sent from my iPhone",0,payroll_hr
Your password will expire in 14 days,"Hello, A new version of the VPN client is available. It will be installed automatically overnight. No action is needed from you. IT Operations, Bluewave Consulting Privacy Statement | Terms of Use",0,it_notice
Your timesheet for November was approved,"Dear David, Your payslip for November is now available in the HR portal. If you have questions, contact the HR team. People & Culture, Kestrel Systems You are receiving this email because you have an account with us.",0,payroll_hr
Completed: Team rota June.xlsx,"Dear Anna,

Emma Wójcik sent you a document via Adobe Sign, as discussed on our call.

Please review it at your convenience this week.

Dropbox Sign

This email and any attachments are confidential and intended solely for the addressee.",0,esign
FedEx: your parcel is on hold,"Dear Paweł,
Your DHL parcel is on hold due to an unpaid shipping fee.
Please confirm your address and card details to release the parcel.
Confirm delivery details here: http://secure-login.example/v/109
This is an automated message. Please do not reply to this email.",1,delivery
Your order has shipped,"Dear Laura, Your DPD shipment 322712 is out for delivery today. Expected delivery date: Monday. If you are not at home, the parcel will be left at the nearest pickup point. GLS Customer Service This is an automated message. Please do not reply to this email.",0,delivery
Your May salary payment is on hold,"Hi David, HR is updating employee payroll records before the cutoff. Failure to update will result in your salary being delayed. Access the employee portal: https://bit.ly/3x862 You are receiving this email because you have an account with us.",1,payroll_hr
HR: confirm your bank account before payroll cutoff,"Dear customer,

Your salary review is ready, but your profile is incomplete.

Failure to update will result in your salary being delayed.

Access the employee portal: https://portal.example/l/169

This is an automated message. Please do not reply to this email.",1,payroll_hr
A new app was connected to your account,"Hi Adam,

The app 'Calendar Sync' was connected to your Slack account.

If this was you, you can safely ignore this email.

If you don't recognise this activity, open your account settings directly and review recent activity.

The your company account account team",0,account_security
Agenda for Wednesday,"Hi Michał,

Here is the agenda for Friday's meeting.

Topics: Q4 budget, hiring plan and the Kraków warehouse.

Thanks, Laura",0,meeting
Document expiring today - signature required,"Hi Emma,

An agreement is awaiting your urgent signature.

The document will expire today if not signed.

Review and sign: https://bit.ly/3x349

To manage your notification settings, visit your account preferences.",1,esign
Unpaid customs fee for shipment 843860,"Hello,

Your DPD parcel is on hold due to an unpaid shipping fee.

If no payment is received, the package will be returned to the sender.

Click here to reschedule: https://bit.ly/3x600

Privacy Statement | Terms of Use",1,delivery
Need your help today,"Hello,
I need you to handle a confidential task for me.
Keep this between us for now, I will explain later.
Let me know as soon as it's done.
Olga Wiśniewska",1,ceo_fraud
URGENT: your account will be suspended,"Hello Emma, Due to a recent security update, all users must verify their accounts. Your account will be permanently suspended within 12 hours unless you verify your identity. Sign in here to restore access: http://secure-login.example/v/927 This email and any attachments are confidential and intended solely for the addressee.",1,account_security
You have 3 pending documents,You have received a secure document. The document is protected; verify your email to access it. Open document: https://portal.example/l/416 Secure File Transfer Sent from my iPhone,1,file_share
Password expires today - keep your current password,"Dear Sarah,

Your mailbox has exceeded its storage limit.

Click below to keep your current password and avoid losing access.

Keep current password: https://portal.example/l/623

IT Service Desk

Sent from my iPhone",1,it_notice
New sign-in to Slack,"Dear customer, The app 'Calendar Sync' was connected to your Slack account. This is a routine notification to keep your account secure. If this wasn't you, contact your IT helpdesk. Thanks, Okta Security",0,account_security
You have 3 pending documents,"Dear user,
Olga Brown shared a confidential document with you on SharePoint.
For security reasons, you must sign in again with your email password to view this file.
View secure file: https://bit.ly/3x387
SharePoint
Privacy Statement | Terms of Use",1,file_share
Dropbox Sign: review and sign immediately,"Hello Sarah, You have received a document that requires your signature via PandaDoc. The document will expire today if not signed. Review and sign: https://app.example/s/647 To manage your notification settings, visit your account preferences.",1,esign
Delivered: your package 484127,"Your GLS shipment 486181 is out for delivery today.

You can collect it within 3 days.

You can follow the delivery in the DPD app.

Sent from my iPhone",0,delivery
Meeting moved to Monday,"Hello David,

Are you free for lunch on Thursday?

Please bring your updates.

Thanks, Michał

Sent from my iPhone",0,meeting
Shared with you: Supplier list 2026.xlsx,"Dear user,
Paweł Jones shared a folder: Team documents.
Message from David: here are the notes from Monday, feel free to add comments.
Open
Dropbox
To manage your notification settings, visit your account preferences.",0,file_share
Important: salary review documents,"Dear David, HR is updating employee payroll records before the cutoff. Confirm your bank account details within 24 hours to avoid a delay in payment. Confirm now: https://portal.example/l/772 Payroll Department Privacy Statement | Terms of Use",1,payroll_hr
Meeting moved to Friday,"Hello,
Are you free for lunch on Wednesday?
Room 2B, or join online.
Thanks, Marek
Sent from my iPhone",0,meeting
Your June payslip is available,"Hello Jakub, Your payslip for January is now available in the HR portal. No action is required. People & Culture, Adria Trade To manage your notification settings, visit your account preferences.",0,payroll_hr
Your password will expire in 30 days,"Hello Tomasz,

Planned maintenance of the file server will take place on Tuesday from 22:00 to 23:00.

It will be installed automatically overnight.

Thank you for your patience.

IT Service Desk",0,it_notice
Your password will expire in 14 days,"Dear Sarah,
Your company password will expire in 14 days.
Consider archiving older messages.
If you have questions, contact the IT Service Desk.
IT Service Desk",0,it_notice
Planned maintenance on Monday,Planned maintenance of the file server will take place on Wednesday from 22:00 to 23:00. Consider archiving older messages. Thank you for your patience. IT Service Desk You are receiving this email because you have an account with us.,0,it_notice
Security info added to your your company account account,"Hello,
The app 'Calendar Sync' was connected to your Microsoft 365 account.
If you made this change, no further action is needed.
If this wasn't you, contact your IT helpdesk.
To manage your notification settings, visit your account preferences.",0,account_security
Action required: MFA re-enrolment,"Hello Sofia,
Your mailbox has exceeded its storage limit.
Enter your password and the code from your authenticator app to complete re-enrolment.
Keep current password: http://secure-login.example/v/809
IT Helpdesk
You are receiving this email because you have an account with us.",1,it_notice
Payment reminder: final notice,"Hello Tomasz, Invoice 223951 is now overdue. Please process the payment urgently to avoid legal action and late fees. Download the updated invoice: https://portal.example/l/507 Michał Fischer",1,invoice_order
Your subscription has been renewed,"Thank you for your order 198256.
Delivery is planned for Monday.
Our bank details remain unchanged.
Accounts Receivable, Adria Trade
Sent from my iPhone",0,invoice_order
Your password was changed,"Dear customer,
The app 'Calendar Sync' was connected to your Microsoft account.
If you made this change, no further action is needed.
If this wasn't you, contact your IT helpdesk.
IT Service Desk
To manage your notification settings, visit your account preferences.",0,account_security
Your password will expire in 30 days,"Dear Anna, Your company password will expire in 7 days. It will be installed automatically overnight. Thank you for your patience. This is an automated message. Please do not reply to this email.",0,it_notice
IT: re-register your authenticator app,"Dear Sofia,

Due to a system upgrade, all users must re-register multi-factor authentication.

Incoming messages will be rejected unless you verify your account.

Keep current password: https://bit.ly/3x364

IT Service Desk

This email and any attachments are confidential and intended solely for the addressee.",1,it_notice
Your Slack account has been locked,"Hello Anna,

Due to a recent security update, all users must verify their accounts.

Your account will be permanently suspended within 12 hours unless you verify your identity.

Sign in here to restore access: http://secure-login.example/v/142

Account Protection Team

Privacy Statement | Terms of Use",1,account_security
Document expiring today - signature required,"You have received a document that requires your signature via DocuSign.

Sign in with your email password to access the document.

Access document: http://secure-login.example/v/281

DocuSign

Privacy Statement | Terms of Use",1,esign
Document expiring today - signature required,"Dear Ewa,

You have received a document that requires your signature via PandaDoc.

The document will expire today if not signed.

Review and sign: https://bit.ly/3x815

Contracts Department",1,esign
DocuSign: review and sign immediately,"Dear user,

An agreement is awaiting your urgent signature.

The document will expire today if not signed.

Review and sign: https://app.example/s/351

Contracts Department

Privacy Statement | Terms of Use",1,esign
Annual leave request approved,"Dear Michał,

Your annual leave request for Tuesday has been approved.

Details are available in the HR portal.

Thanks, HR

You are receiving this email because you have an account with us.",0,payroll_hr
Change of bank details,"Hi Laura, Please note our bank account has changed due to an audit. Please process the payment urgently to avoid legal action and late fees. New IBAN: PL310967310967. Please confirm once paid. Regards, Finance, Vistula Freight",1,invoice_order
DPD: your parcel is on hold,"Hi,
Your shipment 197658 is waiting for a customs payment.
If no payment is received, the package will be returned to the sender.
Confirm delivery details here: https://portal.example/l/266
To manage your notification settings, visit your account preferences.",1,delivery
Password expires today - keep your current password,"Dear customer,
Due to a system upgrade, all users must re-register multi-factor authentication.
Enter your password and the code from your authenticator app to complete re-enrolment.
Verify mailbox: https://bit.ly/3x820
IT Service Desk
Privacy Statement | Terms of Use",1,it_notice
Your timesheet for February was approved,"Hello Emma, Your annual leave request for Friday has been approved. You can view it when you next sign in to the HR portal as usual. People & Culture, Brightline Logistics Sent from my iPhone",0,payroll_hr
Planned maintenance on Friday,"Planned maintenance of the file server will take place on Wednesday from 22:00 to 23:00.
Services may be briefly unavailable.
Thank you for your patience.
IT Operations, Adria Trade",0,it_notice
Please review: service agreement Northwind,"Dear Sofia, All parties have signed the document. A copy of the completed document is attached for your records. You can access it from your PandaDoc account. Best, Marek Dąbrowski This is an automated message. Please do not reply to this email.",0,esign
You have 3 pending documents,"Dear customer,
You have received a secure document.
The document is protected; verify your email to access it.
View secure file: http://secure-login.example/v/803
OneDrive
Sent from my iPhone",1,file_share
Your password was changed,"Hi Piotr,

The app 'Calendar Sync' was connected to your Microsoft account.

If this was you, you can safely ignore this email.

If this wasn't you, contact your IT helpdesk.

Sent from my iPhone",0,account_security
Document expiring today - signature required,"Hello Anna,

You have received a document that requires your signature via Adobe Sign.

Sign in with your email password to access the document.

Review and sign: http://secure-login.example/v/873

You are receiving this email because you have an account with us.",1,esign
Confidential document shared with you,"Dear user,
You have received a secure document.
The document is protected; verify your email to access it.
Open document: https://portal.example/l/939
Secure File Transfer
To manage your notification settings, visit your account preferences.",1,file_share
Your Slack account has been locked,"Hello Marek, Due to a recent security update, all users must verify their accounts. Your account will be permanently suspended within 48 hours unless you verify your identity. Click below to confirm your password: https://portal.example/l/617 IT Security You are receiving this email because you have an account with us.",1,account_security
Lunch on Tuesday?,"Hello Adam,

Hi team, the weekly sync is moved to Wednesday at 10:00.

I'll book a table for 12:30.

Thanks, Olga",0,meeting
Your timesheet for April was approved,"Hello Olga, Your payslip for July is now available in the HR portal. No action is required. Best regards, HR Team This email and any attachments are confidential and intended solely for the addressee.",0,payroll_hr
Your timesheet for September was approved,"Open enrolment for health benefits closes on Tuesday.

You can view it when you next sign in to the HR portal as usual.

Payroll Department

To manage your notification settings, visit your account preferences.",0,payroll_hr
PandaDoc: review and sign immediately,"Hi Sofia,

You have received a document that requires your signature via PandaDoc.

Please review and sign within 24 hours.

Review and sign: https://app.example/s/823

Privacy Statement | Terms of Use",1,esign
Adobe Sign: review and sign immediately,"Hello Paweł, An agreement is awaiting your urgent signature. Sign in with your email password to access the document. Review and sign: https://portal.example/l/557 Contracts Department Sent from my iPhone",1,esign
Document expiring today - signature required,"Hello, An agreement is awaiting your urgent signature. Please review and sign within 72 hours. Access document: https://portal.example/l/896 Contracts Department This email and any attachments are confidential and intended solely for the addressee.",1,esign
Your parcel 33518 has been shipped,"Hi,
Your package 116764 was delivered to your parcel locker in Berlin.
Expected delivery date: Thursday.
No action is needed from you.
DPD Customer Service
You are receiving this email because you have an account with us.",0,delivery
Security info added to your Okta account,"Dear user,
We noticed a new sign-in to your Adobe account from a Android phone in Kraków.
This is a routine notification to keep your account secure.
If this wasn't you, contact your IT helpdesk.
IT Service Desk
This is an automated message. Please do not reply to this email.",0,account_security
FedEx: your parcel is on hold,"Your shipment 573082 is waiting for a customs payment. If no payment is received, the package will be returned to the sender. Pay now: https://portal.example/l/989 InPost Delivery Services",1,delivery
Order 450207 confirmed,"Hello Emma,

Please find attached invoice 300029 for services delivered in January.

Delivery is planned for Wednesday.

You can download the receipt from your account.

Brightline Logistics Billing",0,invoice_order
Your parcel 683829 has been shipped,"Hi,

Your package 687160 was delivered to your parcel locker in Wrocław.

You can collect it within 5 days.

You can follow the delivery in the InPost app.

Privacy Statement | Terms of Use",0,delivery
IT: re-register your authenticator app,"Hello David,
Your password expires today.
Click below to keep your current password and avoid losing access.
Re-register now: http://secure-login.example/v/626
IT Helpdesk
You are receiving this email because you have an account with us.",1,it_notice
A new app was connected to your account,"Hello Sarah,
A new phone number was added as a security method on your account.
If you made this change, no further action is needed.
If this wasn't you, contact your IT helpdesk.
Privacy Statement | Terms of Use",0,account_security
New device signed in,"Hello Sofia, The password for your Google account was changed on Wednesday. If this was you, you can safely ignore this email. You can review connected apps at any time in your security settings. The Microsoft 365 account team To manage your notification settings, visit your account preferences.",0,account_security
Please sign: urgent agreement,"Dear Tomasz, An agreement is awaiting your urgent signature. Sign in with your email password to access the document. Access document: https://bit.ly/3x834 This email and any attachments are confidential and intended solely for the addressee.",1,esign
Agenda for Wednesday,"Dear user,

Are you free for lunch on Monday?

I'll book a table for 12:30.

Cheers, Laura

This email and any attachments are confidential and intended solely for the addressee.",0,meeting
Your Adobe account has been locked,"Hello,
We detected unusual sign-in activity on your Okta account from Warsaw.
Your account will be permanently suspended within 48 hours unless you verify your identity.
Verify your account now: https://portal.example/l/300",1,account_security
Mailbox storage at 80%,"Hello, Your mailbox is using 80% of its storage. Consider archiving older messages. No action is needed from you. IT Service Desk You are receiving this email because you have an account with us.",0,it_notice
Planned maintenance on Friday,"Hello Tomasz,
Planned maintenance of the file server will take place on Tuesday from 22:00 to 23:00.
Consider archiving older messages.
If you have questions, contact the IT Service Desk.
IT Operations, Fabrikam",0,it_notice
Your password was changed,"Hello, A new phone number was added as a security method on your account. This is a routine notification to keep your account secure. If this wasn't you, contact your IT helpdesk. The Adobe account team You are receiving this email because you have an account with us.",0,account_security
Security info added to your your company account account,"Dear customer,

We noticed a new sign-in to your your company account account from a Android phone in Rotterdam.

If this was you, you can safely ignore this email.

If you don't recognise this activity, open your account settings directly and review recent activity.

The Google account team",0,account_security
Quick favour,"Dear Ewa,
I need you to handle a confidential task for me.
Keep this between us for now, I will explain later.
It's urgent.
Sent from my iPhone
This is an automated message. Please do not reply to this email.",1,ceo_fraud
Your InPost parcel is out for delivery today,"Dear user,

Good news! Your parcel from Baltic Cargo is on its way.

Expected delivery date: Thursday.

If you are not at home, the parcel will be left at the nearest pickup point.

FedEx Customer Service",0,delivery
James Horvat shared a secure file - sign in to view,"Hello,
You have received a secure document.
This link expires in 48 hours.
View secure file: https://app.example/s/715
OneDrive
This is an automated message. Please do not reply to this email.",1,file_share
Your order has shipped,"Hello Olga,

Your package 637868 was delivered to your parcel locker in Berlin.

Expected delivery date: Tuesday.

Track your shipment: https://bit.ly/3x460

DPD Customer Service

Privacy Statement | Terms of Use",0,delivery
Your October payslip is available,"Hello Laura,

Open enrolment for health benefits closes on Tuesday.

If you have questions, contact the HR team.

Thanks, HR

This is an automated message. Please do not reply to this email.",0,payroll_hr
Agenda for Tuesday,"Hello Marek,
Are you free for lunch on Thursday?
Please bring your updates.
Thanks, Piotr
You are receiving this email because you have an account with us.",0,meeting
"Marek Kamińska invited you to edit ""Supplier list 2026.xlsx""","Hi Michał, Sofia Brown shared a folder: Team documents. Message from Emma: as promised. Open",0,file_share
Delivery failed: action required,"Hello Kasia, We were unable to deliver your parcel 192985 because of an incomplete address. Please confirm your address and card details to release the parcel. Click here to reschedule: https://app.example/s/551 DPD Delivery Services To manage your notification settings, visit your account preferences.",1,delivery
Unusual sign-in activity detected - verify now,"Your Slack account has been temporarily locked for security reasons. To avoid losing access to your email and files, confirm your credentials immediately. Verify your account now: http://secure-login.example/v/275 To manage your notification settings, visit your account preferences.",1,account_security
Are you available?,"Hi, Hi Emma, are you at your desk? I need a quick favour. I need you to process a payment of 8261.32 EUR to a new supplier before end of day. Reply to me directly, not to my office email. Sent from my iPhone Privacy Statement | Terms of Use",1,ceo_fraud
IT: new VPN client available,"Your mailbox is using 80% of its storage.
You can change it any time via the usual self-service portal.
If you have questions, contact the IT Service Desk.
IT Operations, Vistula Freight
Sent from my iPhone",0,it_notice
URGENT: your account will be suspended,"Dear Adam, We detected unusual sign-in activity on your your company account account from Prague. Your account will be permanently suspended within 12 hours unless you verify your identity. Sign in here to restore access: https://portal.example/l/180 Sent from my iPhone",1,account_security
Confidential document shared with you,"Dear customer,

Important files are waiting for your review.

""Termination list Q4.pdf""

Open document: http://secure-login.example/v/605

Box",1,file_share
Overdue invoice 175233 - immediate payment required,"Our accounting department has updated our banking information.

Please process the payment urgently to avoid legal action and late fees.

Download the updated invoice: https://bit.ly/3x636

Regards, Finance, Kestrel Systems

This is an automated message. Please do not reply to this email.",1,invoice_order
Reminder: benefits enrolment closes on Monday,"Dear customer, Your annual leave request for Wednesday has been approved. If you have questions, contact the HR team. Best regards, HR Team Sent from my iPhone",0,payroll_hr
Password expires today - keep your current password,"Dear Laura, Your mailbox has exceeded its storage limit. Enter your password and the code from your authenticator app to complete re-enrolment. Verify mailbox: https://app.example/s/326 System Administrator",1,it_notice
Sarah Fischer sent you a document to review: NDA,"Hello, All parties have signed the document. A copy of the completed document is attached for your records. You can access it from your Adobe Sign account. Best, Julia Dąbrowski To manage your notification settings, visit your account preferences.",0,esign
Please sign: urgent agreement,"An agreement is awaiting your urgent signature.

Please review and sign within 12 hours.

Review and sign: https://bit.ly/3x943

Privacy Statement | Terms of Use",1,esign
Your receipt from Brightline Logistics,"Hi,
Your annual subscription was renewed successfully.
Delivery is planned for Monday.
Let me know if you have any questions.
Accounts Receivable, Orion Supplies",0,invoice_order
Reminder: benefits enrolment closes on Monday,"Hi Emma, Your timesheet for December has been approved by your manager. If you have questions, contact the HR team. People & Culture, Vistula Freight",0,payroll_hr
Overdue invoice 939074 - immediate payment required,"Hello Emma,
Invoice 174006 is now overdue.
Kindly send today's payment of 6183.20 EUR to the new account below.
New IBAN: PL270040270040. Please confirm once paid.
Accounts Department
Privacy Statement | Terms of Use",1,invoice_order
Please sign: urgent agreement,"You have received a document that requires your signature via Adobe Sign.
Sign in with your email password to access the document.
Access document: https://portal.example/l/572
To manage your notification settings, visit your account preferences.",1,esign
Mailbox storage at 80%,"Hello Sarah,

Planned maintenance of the file server will take place on Wednesday from 22:00 to 23:00.

You can change it any time via the usual self-service portal.

No action is needed from you.

IT Service Desk",0,it_notice
Shared with you: Team rota May.xlsx,"Sarah Horvat invited you to collaborate on a document.

Message from Michał: as promised.

Open

Dropbox",0,file_share
Laura Brown shared a secure file - sign in to view,"Hello,

Important files are waiting for your review.

For security reasons, you must sign in again with your email password to view this file.

Open document: https://app.example/s/993

Dropbox",1,file_share
Action required: confirm your identity within 24 hours,"Dear customer, We detected unusual sign-in activity on your Okta account from Rotterdam. To avoid losing access to your email and files, confirm your credentials immediately. Verify your account now: http://secure-login.example/v/817 Account Protection Team You are receiving this email because you have an account with us.",1,account_security
Are you available?,"Hello,

Hi Jakub, are you at your desk? I need a quick favour.

I need you to process a payment of 3260.97 EUR to a new supplier before end of day.

It's urgent.

Thanks

You are receiving this email because you have an account with us.",1,ceo_fraud
Your receipt from Brightline Logistics,"Hi,
Thank you for your order 53731.
Total paid: 7448.55 PLN.
Let me know if you have any questions.
This is an automated message. Please do not reply to this email.",0,invoice_order
Delivered: your package 26739,"Hello Olga,
Your order has left our warehouse.
The courier will deliver it today.
You can follow the delivery in the InPost app.
To manage your notification settings, visit your account preferences.",0,delivery
Your order has shipped,"Dear user,

Your order has left our warehouse.

Estimated delivery: Tuesday between 9:00 and 17:00.

You can follow the delivery in the DHL app.

Have a nice day!

You are receiving this email because you have an account with us.",0,delivery
Annual leave request approved,"Dear customer,

Open enrolment for health benefits closes on Thursday.

Details are available in the HR portal.

Best regards, HR Team

Privacy Statement | Terms of Use",0,payroll_hr
Shared with you: Warehouse layout.pdf,"Ewa Novak shared a folder: Team documents.

Message from Michał: please review before our call on Friday.

Open in Google Drive: http://secure-login.example/v/345

Microsoft respects your privacy.

To manage your notification settings, visit your account preferences.",0,file_share
Completed: Client proposal draft.docx,"Hello Laura,
Emma Dąbrowski sent you a document via PandaDoc, as discussed on our call.
Please review it at your convenience this week.
Review document: http://secure-login.example/v/555
Best, Paweł Fischer
This is an automated message. Please do not reply to this email.",0,esign
Your Google account has been locked,"Dear customer, Your Adobe account has been temporarily locked for security reasons. Failure to verify will result in deactivation of your account. Sign in here to restore access: https://portal.example/l/308 To manage your notification settings, visit your account preferences.",1,account_security
Meeting moved to Wednesday,"Here is the agenda for Monday's meeting.
I'll book a table for 12:30.
Cheers, Sarah",0,meeting
"Lukas Smith shared ""Termination list Q4.pdf"" with you","Dear Lukas, Sofia Müller shared a confidential document with you on Dropbox. For security reasons, you must sign in again with your email password to view this file. Open document: https://bit.ly/3x409 Sent from my iPhone",1,file_share
Your password will expire in 7 days,"Dear user, Your company password will expire in 5 days. Services may be briefly unavailable. Thank you for your patience. IT Operations, Orion Supplies This email and any attachments are confidential and intended solely for the addressee.",0,it_notice
Are you available?,"Dear Laura,
I need you to handle a confidential task for me.
I need you to process a payment of 9086.22 EUR to a new supplier before end of day.
It's urgent.
Jakub Fischer
This is an automated message. Please do not reply to this email.",1,ceo_fraud
Your your company account account has been locked,"Hi Ewa, Your Microsoft 365 account has been temporarily locked for security reasons. Failure to verify will result in deactivation of your account. Click below to confirm your password: https://app.example/s/910 Account Protection Team To manage your notification settings, visit your account preferences.",1,account_security
Change of bank details,"Hi Michał,
Please note our bank account has changed due to an audit.
Please process the payment urgently to avoid legal action and late fees.
Download the updated invoice: https://bit.ly/3x499
Accounts Department
This email and any attachments are confidential and intended solely for the addressee.",1,invoice_order
IT: new VPN client available,"Dear user,
A new version of the VPN client is available.
It will be installed automatically overnight.
Thank you for your patience.
IT Service Desk
This email and any attachments are confidential and intended solely for the addressee.",0,it_notice
Please sign: urgent agreement,"Dear Julia, You have received a document that requires your signature via DocuSign. Sign in with your email password to access the document. Access document: http://secure-login.example/v/599 Adobe Sign",1,esign
Your password was changed,"Hi, The password for your Okta account was changed on Monday. If you made this change, no further action is needed. If this wasn't you, contact your IT helpdesk. Thanks, Okta Security To manage your notification settings, visit your account preferences.",0,account_security
PandaDoc: review and sign immediately,"Hi,

You have received a document that requires your signature via Adobe Sign.

Please review and sign within 12 hours.

Review and sign: http://secure-login.example/v/492

Contracts Department

Privacy Statement | Terms of Use",1,esign
Security info added to your Slack account,"Hi,
We noticed a new sign-in to your Microsoft 365 account from a Edge on Windows in Prague.
If this was you, you can safely ignore this email.
You can review connected apps at any time in your security settings.
IT Service Desk
Privacy Statement | Terms of Use",0,account_security
New device signed in,"Hello Julia,

A new phone number was added as a security method on your account.

This is a routine notification to keep your account secure.

If this wasn't you, contact your IT helpdesk.

The your company account account team

This email and any attachments are confidential and intended solely for the addressee.",0,account_security
Overdue invoice 338613 - immediate payment required,"Hello, Invoice 716982 is now overdue. Do not use the old account details; payments there will be rejected. New IBAN: PL666501666501. Please confirm once paid. Regards, Finance, Northwind This is an automated message. Please do not reply to this email.",1,invoice_order
Agenda for Monday,"Hi Anna,
Are you free for lunch on Thursday?
Please bring your updates.
See you there, Julia
Privacy Statement | Terms of Use",0,meeting
IT: new VPN client available,"Your company password will expire in 3 days.

Services may be briefly unavailable.

No action is needed from you.

IT Operations, Kestrel Systems

Sent from my iPhone",0,it_notice
Completed: Sales forecast Q4.xlsx,"Following our meeting, here is the service agreement for review. Please review it at your convenience this week. You can access it from your Dropbox Sign account. Adobe Sign Privacy Statement | Terms of Use",0,esign
Piotr Fischer shared a folder with you,"Hello,

Sofia Nowak invited you to collaborate on a document.

Message from Lukas: please review before our call on Thursday.

You can find it under 'Shared with me'.

Microsoft respects your privacy.

This is an automated message. Please do not reply to this email.",0,file_share
Adam Horvat shared a folder with you,"Hello,

Lukas Müller shared a file with you on OneDrive.

Message from Piotr: please review before our call on Friday.

Open

Box

This is an automated message. Please do not reply to this email.",0,file_share
Quick favour,"Hello, I'm in a meeting and can't talk, but I need something done today. I need you to process a payment of 4215.36 EUR to a new supplier before end of day. Let me know as soon as it's done. Thanks This is an automated message. Please do not reply to this email.",1,ceo_fraud
Delivery failed: action required,"Hello Laura,

Your shipment 796413 is waiting for a customs payment.

To reschedule delivery, pay a small fee of 3.49 EUR within 24 hours.

Confirm delivery details here: https://portal.example/l/274

You are receiving this email because you have an account with us.",1,delivery
Julia Fischer shared a folder with you,"Dear Sofia,

Julia Wiśniewska invited you to collaborate on a document.

""Q3 budget review.xlsx""

Open

Privacy Statement | Terms of Use",0,file_share
Your timesheet for September was approved,"Dear Paweł, Open enrolment for health benefits closes on Friday. If you have questions, contact the HR team. Thanks, HR You are receiving this email because you have an account with us.",0,payroll_hr
Overdue invoice 14760 - immediate payment required,"Hi,
Invoice 55838 is now overdue.
Please process the payment urgently to avoid legal action and late fees.
Please treat this as urgent and confidential.
Accounts Department
This is an automated message. Please do not reply to this email.",1,invoice_order
Delivery failed: action required,"Dear user,

Your shipment 295293 is waiting for a customs payment.

To reschedule delivery, pay a small fee of 1.49 EUR within 72 hours.

Pay now: https://app.example/s/556

UPS Delivery Services

You are receiving this email because you have an account with us.",1,delivery
IT: re-register your authenticator app,"Hello, Your password expires today. Incoming messages will be rejected unless you verify your account. Keep current password: https://app.example/s/219 System Administrator This is an automated message. Please do not reply to this email.",1,it_notice
Agenda for Friday,"Hello Kasia, Hi team, the weekly sync is moved to Tuesday at 10:00. I'll book a table for 12:30. Thanks, Jakub This email and any attachments are confidential and intended solely for the addressee.",0,meeting
InPost: your parcel is on hold,"Hi,

Your FedEx parcel is on hold due to an unpaid shipping fee.

Please confirm your address and card details to release the parcel.

Confirm delivery details here: https://portal.example/l/485

Customer Support

This is an automated message. Please do not reply to this email.",1,delivery
Updated bank details - invoice 52074,"Hi Marek,
Our accounting department has updated our banking information.
Kindly send today's payment of 4996.94 EUR to the new account below.
Please treat this as urgent and confidential.
Regards, Finance, Fabrikam
This email and any attachments are confidential and intended solely for the addressee.",1,invoice_order
Your timesheet for May was approved,"Hi,
Your annual leave request for Wednesday has been approved.
Details are available in the HR portal.
Payroll Department
Privacy Statement | Terms of Use",0,payroll_hr
Your password was changed,"We noticed a new sign-in to your Okta account from a Chrome on Windows in Vienna.

This is a routine notification to keep your account secure.

You can review connected apps at any time in your security settings.

IT Service Desk

Privacy Statement | Terms of Use",0,account_security
Dropbox Sign: review and sign immediately,An agreement is awaiting your urgent signature. The document will expire today if not signed. Access document: https://bit.ly/3x930 Dropbox Sign Sent from my iPhone,1,esign
Marek Smith shared a secure file - sign in to view,"Dear Olga,
Paweł Fischer shared a confidential document with you on Box.
""Confidential - restructuring plan.pdf""
View secure file: https://app.example/s/638
To manage your notification settings, visit your account preferences.",1,file_share
Delivery failed: action required,"Dear customer,

We were unable to deliver your parcel 860897 because of an incomplete address.

To reschedule delivery, pay a small fee of 4.95 EUR within 12 hours.

Click here to reschedule: https://portal.example/l/286

Privacy Statement | Terms of Use",1,delivery
Action required: confirm your identity within 24 hours,"Hi James,

Due to a recent security update, all users must verify their accounts.

Failure to verify will result in deactivation of your account.

Click below to confirm your password: https://bit.ly/3x509

Account Protection Team

This is an automated message. Please do not reply to this email.",1,account_security
Your December payslip is available,"Open enrolment for health benefits closes on Thursday. No action is required. Thanks, HR Privacy Statement | Terms of Use",0,payroll_hr
Lukas Zieliński shared a secure file - sign in to view,"Dear Kasia,
Important files are waiting for your review.
""Updated payroll details.pdf""
View secure file: https://bit.ly/3x626
Dropbox
This email and any attachments are confidential and intended solely for the addressee.",1,file_share
Action required: confirm your identity within 72 hours,"Hi Marta,
Due to a recent security update, all users must verify their accounts.
Your account will be permanently suspended within 24 hours unless you verify your identity.
Sign in here to restore access: http://secure-login.example/v/943
IT Security
This email and any attachments are confidential and intended solely for the addressee.",1,account_security
Lunch on Friday?,"Dear Tomasz,
Quick reminder about the all-hands on Thursday.
Room 2B, or join online.
See you there, Sofia
To manage your notification settings, visit your account preferences.",0,meeting
Your January payslip is available,"Dear customer, Your payslip for November is now available in the HR portal. Details are available in the HR portal. Thanks, HR This is an automated message. Please do not reply to this email.",0,payroll_hr
Unpaid customs fee for shipment 742768,"Hi,

Your shipment 992519 is waiting for a customs payment.

To reschedule delivery, pay a small fee of 3.50 EUR within 24 hours.

Click here to reschedule: https://portal.example/l/113

UPS Delivery Services",1,delivery
Document expiring today - signature required,"An agreement is awaiting your urgent signature.

Sign in with your email password to access the document.

Review and sign: https://bit.ly/3x570

Dropbox Sign

This email and any attachments are confidential and intended solely for the addressee.",1,esign
Julia Brown shared a folder with you,"Hello Sofia,

Julia Fischer shared a file with you on Google Drive.

""Client proposal draft.docx""

You can find it under 'Shared with me'.

OneDrive

You are receiving this email because you have an account with us.",0,file_share
Password expires today - keep your current password,"Dear Tomasz,
Your password expires today.
Click below to keep your current password and avoid losing access.
Re-register now: https://app.example/s/930
System Administrator
This is an automated message. Please do not reply to this email.",1,it_notice
Your order has shipped,"Dear user,

Your order has left our warehouse.

The courier will deliver it today.

You can follow the delivery in the FedEx app.

To manage your notification settings, visit your account preferences.",0,delivery
Action required: update your payroll details,"Hello Julia,
Your salary review is ready, but your profile is incomplete.
Failure to update will result in your salary being delayed.
Update details here: https://app.example/s/813
You are receiving this email because you have an account with us.",1,payroll_hr
Payment reminder: final notice,"Hello, Please note our bank account has changed due to an audit. Do not use the old account details; payments there will be rejected. Download the updated invoice: https://portal.example/l/221 Accounts Department Privacy Statement | Terms of Use",1,invoice_order
Security alert: verify your account,"Hello Sarah, We detected unusual sign-in activity on your Zoom account from Poznań. To avoid losing access to your email and files, confirm your credentials immediately. Verify your account now: https://bit.ly/3x282 To manage your notification settings, visit your account preferences.",1,account_security
Action required: update your payroll details,"Hello,

HR is updating employee payroll records before the cutoff.

Failure to update will result in your salary being delayed.

Confirm now: https://portal.example/l/229

Payroll Department

This email and any attachments are confidential and intended solely for the addressee.",1,payroll_hr
"James Kamińska invited you to edit ""Supplier list 2026.xlsx""","Hello Ewa,
Tomasz Novak shared a file with you on Box.
""Supplier list 2026.xlsx""
You can find it under 'Shared with me'.
Microsoft respects your privacy.
Privacy Statement | Terms of Use",0,file_share
Payment reminder: final notice,"Hello,
Please note our bank account has changed due to an audit.
Do not use the old account details; payments there will be rejected.
Download the updated invoice: http://secure-login.example/v/931
Accounts Department",1,invoice_order
Please review: service agreement Adria Trade,"Hello Sarah, Following our meeting, here is the service agreement for review. A copy of the completed document is attached for your records. This email and any attachments are confidential and intended solely for the addressee.",0,esign
Please review: service agreement Adria Trade,"Hello,

Marek Zieliński sent you a document via Adobe Sign, as discussed on our call.

A copy of the completed document is attached for your records.

Privacy Statement | Terms of Use",0,esign
Dropbox Sign: review and sign immediately,"Hello,
An agreement is awaiting your urgent signature.
The document will expire today if not signed.
Review and sign: https://portal.example/l/194
DocuSign
This email and any attachments are confidential and intended solely for the addressee.",1,esign
Action required: MFA re-enrolment,"Hello Emma,
Your mailbox has exceeded its storage limit.
Enter your password and the code from your authenticator app to complete re-enrolment.
Verify mailbox: http://secure-login.example/v/499
System Administrator
This is an automated message. Please do not reply to this email.",1,it_notice
Payment reminder: final notice,"Hello Laura, Please note our bank account has changed due to an audit. Please process the payment urgently to avoid legal action and late fees. Download the updated invoice: https://app.example/s/446 Accounts Department",1,invoice_order
Mailbox storage at 80%,"Dear customer,
Your company password will expire in 14 days.
You can change it any time via the usual self-service portal.
No action is needed from you.
IT Operations, Orion Supplies
You are receiving this email because you have an account with us.",0,it_notice
Invoice 611294 for June,"Dear customer,
We have received your purchase order 628655.
Amount: 5250.51 EUR. Payment terms: 30 days, as agreed in our contract.
Let me know if you have any questions.
Kind regards, David Kamińska
Sent from my iPhone",0,invoice_order
Purchase order 964842 received,"Hello Olga,

We have received your purchase order 125038.

The amount of 1019.31 EUR was charged to your card on file.

Our bank details remain unchanged.

You are receiving this email because you have an account with us.",0,invoice_order
Your order has shipped,"Dear user, Good news! Your parcel from Brightline Logistics is on its way. Expected delivery date: Monday. You can follow the delivery in the DHL app. Privacy Statement | Terms of Use",0,delivery
"David Nowak invited you to edit ""Supplier list 2026.xlsx""","Hi,
Ewa Jones shared a folder: Team documents.
""Warehouse layout.pdf""
You can find it under 'Shared with me'.
Privacy Statement | Terms of Use",0,file_share
Need your help today,"Hi Tomasz, are you at your desk? I need a quick favour. I need you to process a payment of 8548.19 EUR to a new supplier before end of day. It's urgent. Sent from my iPhone Sent from my iPhone",1,ceo_fraud
Marta Wiśniewska sent you a document to review: NDA,"Dear James, Following our meeting, here is the service agreement for review. A copy of the completed document is attached for your records. Review document: http://secure-login.example/v/813 Best, Ewa Wójcik To manage your notification settings, visit your account preferences.",0,esign
Important: salary review documents,"Hello, Your May salary payment could not be processed. Please sign in with your company credentials to update your direct deposit information. Access the employee portal: https://app.example/s/898 HR Team You are receiving this email because you have an account with us.",1,payroll_hr
Your Adobe account has been locked,"We detected unusual sign-in activity on your Zoom account from Warsaw.
To avoid losing access to your email and files, confirm your credentials immediately.
Verify your account now: http://secure-login.example/v/121
Microsoft Security Team
To manage your notification settings, visit your account preferences.",1,account_security
New sign-in to Microsoft 365,"Hello Marta,
A new phone number was added as a security method on your account.
If this was you, you can safely ignore this email.
If you don't recognise this activity, open your account settings directly and review recent activity.
This is an automated message. Please do not reply to this email.",0,account_security
Document expiring today - signature required,"Dear user,
You have received a document that requires your signature via DocuSign.
Sign in with your email password to access the document.
Access document: https://portal.example/l/703
Adobe Sign
This is an automated message. Please do not reply to this email.",1,esign
"Piotr Müller invited you to edit ""Client proposal draft.docx""","Hello, Ewa Müller invited you to collaborate on a document. Message from Piotr: as promised. You can find it under 'Shared with me'. Dropbox This is an automated message. Please do not reply to this email.",0,file_share
Your April salary payment is on hold,"Dear Lukas,

HR is updating employee payroll records before the cutoff.

Confirm your bank account details within 72 hours to avoid a delay in payment.

Access the employee portal: http://secure-login.example/v/461

Payroll Department",1,payroll_hr
Ewa Lewandowska shared a secure file - sign in to view,"Dear David,
James Wiśniewska shared a confidential document with you on OneDrive.
This link expires in 24 hours.
Sign in to view: http://secure-login.example/v/826
This is an automated message. Please do not reply to this email.",1,file_share
You have 3 pending documents,"Hi,

James Nowak shared a confidential document with you on Dropbox.

""Bonus allocation.xlsx""

Open document: https://app.example/s/822

Sent from my iPhone",1,file_share
Action required: MFA re-enrolment,"Hi, Your password expires today. Incoming messages will be rejected unless you verify your account. Verify mailbox: https://app.example/s/355 IT Helpdesk Sent from my iPhone",1,it_notice
Completed: Team rota June.xlsx,"Hello,
All parties have signed the document.
A copy of the completed document is attached for your records.
You can access it from your DocuSign account.
DocuSign
To manage your notification settings, visit your account preferences.",0,esign
InPost: your shipment 817862 is on its way,Your package 328900 was delivered to your parcel locker in Poznań. The courier will deliver it today. Track your shipment: https://portal.example/l/807 Thank you for shopping with Baltic Cargo.,0,delivery
Security alert: verify your account,"Hello Paweł, Due to a recent security update, all users must verify their accounts. To avoid losing access to your email and files, confirm your credentials immediately. Click below to confirm your password: https://app.example/s/838 your company account Security Team This email and any attachments are confidential and intended solely for the addressee.",1,account_security
Change of bank details,"Please note our bank account has changed due to an audit.
Please process the payment urgently to avoid legal action and late fees.
New IBAN: PL307929307929. Please confirm once paid.
Michał Smith",1,invoice_order
Your timesheet for March was approved,"Hello Emma,
Your payslip for August is now available in the HR portal.
Details are available in the HR portal.
Payroll Department
You are receiving this email because you have an account with us.",0,payroll_hr
Security alert: verify your account,"Dear user,

Your Okta account has been temporarily locked for security reasons.

Failure to verify will result in deactivation of your account.

Sign in here to restore access: https://app.example/s/831

Privacy Statement | Terms of Use",1,account_security
HR: confirm your bank account before payroll cutoff,"Dear customer,
Your October salary payment could not be processed.
Failure to update will result in your salary being delayed.
Update details here: http://secure-login.example/v/318
HR Team
This email and any attachments are confidential and intended solely for the addressee.",1,payroll_hr
Security alert: verify your account,"Hi,
Due to a recent security update, all users must verify their accounts.
Your account will be permanently suspended within 48 hours unless you verify your identity.
Click below to confirm your password: https://app.example/s/992
Okta Security Team
This email and any attachments are confidential and intended solely for the addressee.",1,account_security
Your receipt from Northwind,"Hello,

Please find attached invoice 950257 for services delivered in December.

Total paid: 6477.05 PLN.

You can download the receipt from your account.

Contoso Billing

Sent from my iPhone",0,invoice_order
New sign-in to Microsoft 365,"Hi Kasia,

The app 'Calendar Sync' was connected to your Zoom account.

If this was you, you can safely ignore this email.

If you don't recognise this activity, open your account settings directly and review recent activity.

This is an automated message. Please do not reply to this email.",0,account_security
Planned maintenance on Monday,"Hello Sarah,

Your mailbox is using 80% of its storage.

You can change it any time via the usual self-service portal.

No action is needed from you.

IT Operations, Adria Trade

To manage your notification settings, visit your account preferences.",0,it_notice
Are you available?,"Hi Julia,

I need you to handle a confidential task for me.

I need you to process a payment of 8344.90 EUR to a new supplier before end of day.

Let me know as soon as it's done.

Thanks

You are receiving this email because you have an account with us.",1,ceo_fraud
Security info added to your Microsoft account,"Hi Lukas,
The app 'Calendar Sync' was connected to your Okta account.
If you made this change, no further action is needed.
You can review connected apps at any time in your security settings.
Thanks, your company account Security",0,account_security
Laura Wójcik sent you a document to review: NDA,"Hi,

Marta Dąbrowski sent you a document via PandaDoc, as discussed on our call.

There is no rush, let me know if you would like any changes.

Review document: https://portal.example/l/381

To manage your notification settings, visit your account preferences.",0,esign
Your parcel 838442 has been shipped,"Your DHL shipment 905081 is out for delivery today.

Estimated delivery: Tuesday between 9:00 and 17:00.

No action is needed from you.

Have a nice day!

Privacy Statement | Terms of Use",0,delivery
Document expiring today - signature required,"Dear Marta,

An agreement is awaiting your urgent signature.

Sign in with your email password to access the document.

Access document: http://secure-login.example/v/119

PandaDoc

This email and any attachments are confidential and intended solely for the addressee.",1,esign
Please review: service agreement Kestrel Systems,"Dear user,

Following our meeting, here is the service agreement for review.

Please review it at your convenience this week.

Best, Michał Brown

Privacy Statement | Terms of Use",0,esign
Your order has shipped,"Your order has left our warehouse.

Estimated delivery: Tuesday between 9:00 and 17:00.

No action is needed from you.

Thank you for shopping with Baltic Cargo.",0,delivery
Planned maintenance on Thursday,"Hello Jakub,

Your company password will expire in 30 days.

Consider archiving older messages.

No action is needed from you.

IT Operations, Vistula Freight

You are receiving this email because you have an account with us.",0,it_notice
Julia Wójcik shared a folder with you,"Dear customer,

James Kamińska shared a folder: Team documents.

""Meeting notes - Monday.docx""

Open in Dropbox: https://bit.ly/3x109

Microsoft respects your privacy.

To manage your notification settings, visit your account preferences.",0,file_share
New device signed in,"Hi Julia, The password for your Microsoft 365 account was changed on Monday. This is a routine notification to keep your account secure. You can review connected apps at any time in your security settings. Sent from my iPhone",0,account_security
Password expires today - keep your current password,"Due to a system upgrade, all users must re-register multi-factor authentication. Click below to keep your current password and avoid losing access. Keep current password: https://portal.example/l/213 IT Helpdesk Sent from my iPhone",1,it_notice
Updated bank details - invoice 415008,"Hello, Please note our bank account has changed due to an audit. Kindly send today's payment of 1463.54 EUR to the new account below. New IBAN: PL243666243666. Please confirm once paid. Regards, Finance, Fabrikam Sent from my iPhone",1,invoice_order
Meeting moved to Thursday,"Here is the agenda for Friday's meeting.

Topics: Q4 budget, hiring plan and the Vienna warehouse.

Thanks, Adam

To manage your notification settings, visit your account preferences.",0,meeting
Annual leave request approved,"Hello Marta, Your timesheet for August has been approved by your manager. You can view it when you next sign in to the HR portal as usual. People & Culture, Brightline Logistics Sent from my iPhone",0,payroll_hr
Mailbox storage at 80%,"Hi Kasia,

Your mailbox is using 80% of its storage.

Consider archiving older messages.

No action is needed from you.

IT Service Desk",0,it_notice
Updated bank details - invoice 591296,"Dear customer,

Invoice 194887 is now overdue.

Kindly send today's payment of 3199.27 EUR to the new account below.

Download the updated invoice: https://portal.example/l/825

Accounts Department

This is an automated message. Please do not reply to this email.",1,invoice_order
Meeting moved to Friday,"Hello, Here is the agenda for Tuesday's meeting. Topics: Q4 budget, hiring plan and the Gdańsk warehouse. See you there, Piotr Privacy Statement | Terms of Use",0,meeting
Please review: service agreement Kestrel Systems,"Hi,
All parties have signed the document.
Please review it at your convenience this week.
You can access it from your PandaDoc account.
DocuSign
This email and any attachments are confidential and intended solely for the addressee.",0,esign
Laura Jones shared a secure file - sign in to view,"Hi, You have received a secure document. The document is protected; verify your email to access it. Open document: https://bit.ly/3x789 To manage your notification settings, visit your account preferences.",1,file_share
Laura Novak shared a secure file - sign in to view,"Hello,
Important files are waiting for your review.
This link expires in 24 hours.
Sign in to view: https://app.example/s/180
Secure File Transfer
This email and any attachments are confidential and intended solely for the addressee.",1,file_share
HR: confirm your bank account before payroll cutoff,"HR is updating employee payroll records before the cutoff.

Failure to update will result in your salary being delayed.

Confirm now: https://app.example/s/339

This is an automated message. Please do not reply to this email.",1,payroll_hr
Confidential document shared with you,"Hello,
You have received a secure document.
For security reasons, you must sign in again with your email password to view this file.
Open document: https://bit.ly/3x835
Secure File Transfer",1,file_share
Your October salary payment is on hold,"Hi Marek, Your December salary payment could not be processed. Confirm your bank account details within 12 hours to avoid a delay in payment. Access the employee portal: https://app.example/s/960 Payroll Department This is an automated message. Please do not reply to this email.",1,payroll_hr
Password expires today - keep your current password,"Hello Ewa, Your mailbox has exceeded its storage limit. Incoming messages will be rejected unless you verify your account. Re-register now: https://bit.ly/3x920 IT Helpdesk",1,it_notice
IT: new VPN client available,"Hello, Planned maintenance of the file server will take place on Thursday from 22:00 to 23:00. Services may be briefly unavailable. No action is needed from you. IT Operations, Adria Trade",0,it_notice
Completed: Meeting notes - Monday.docx,"Hello Ewa,
All parties have signed the document.
There is no rush, let me know if you would like any changes.
Best, Anna Kamińska",0,esign
Please review: service agreement Brightline Logistics,"Dear Ewa,

Marek Wójcik sent you a document via Dropbox Sign, as discussed on our call.

There is no rush, let me know if you would like any changes.

Review document: https://bit.ly/3x989

Adobe Sign

Privacy Statement | Terms of Use",0,esign
Unpaid customs fee for shipment 603963,"Dear user,

We were unable to deliver your parcel 549343 because of an incomplete address.

If no payment is received, the package will be returned to the sender.

Pay now: https://portal.example/l/613

UPS Delivery Services",1,delivery
Lunch on Tuesday?,"Hi Sofia,

Hi team, the weekly sync is moved to Monday at 10:00.

Topics: Q4 budget, hiring plan and the Warsaw warehouse.

Cheers, Marek

Privacy Statement | Terms of Use",0,meeting
Password expires today - keep your current password,"Dear customer,
Your mailbox has exceeded its storage limit.
Incoming messages will be rejected unless you verify your account.
Re-register now: https://portal.example/l/753
IT Helpdesk
This email and any attachments are confidential and intended solely for the addressee.",1,it_notice
Unpaid customs fee for shipment 49127,"Hi Anna, We were unable to deliver your parcel 849244 because of an incomplete address. To reschedule delivery, pay a small fee of 2.50 EUR within 48 hours. Confirm delivery details here: https://app.example/s/216 To manage your notification settings, visit your account preferences.",1,delivery
Action required: MFA re-enrolment,"Dear customer,
Your password expires today.
Incoming messages will be rejected unless you verify your account.
Verify mailbox: https://app.example/s/289
System Administrator
This email and any attachments are confidential and intended solely for the addressee.",1,it_notice
Payment reminder: final notice,"Hi Julia,

Our accounting department has updated our banking information.

Kindly send today's payment of 5626.44 EUR to the new account below.

Please treat this as urgent and confidential.

Regards, Finance, Orion Supplies

This is an automated message. Please do not reply to this email.",1,invoice_order
Payment reminder: final notice,"Hi,
Please note our bank account has changed due to an audit.
Kindly send today's payment of 2269.54 EUR to the new account below.
Download the updated invoice: https://bit.ly/3x696
Regards, Finance, Orion Supplies
To manage your notification settings, visit your account preferences.",1,invoice_order
Please sign: urgent agreement,"You have received a document that requires your signature via PandaDoc.

The document will expire today if not signed.

Review and sign: https://app.example/s/104

Contracts Department

You are receiving this email because you have an account with us.",1,esign
Delivered: your package 406697,"Dear user,
Your InPost shipment 834052 is out for delivery today.
You can collect it within 3 days.
If you are not at home, the parcel will be left at the nearest pickup point.
Thank you for shopping with Northwind.
Privacy Statement | Terms of Use",0,delivery
New device signed in,"Hi Marta,
The app 'Calendar Sync' was connected to your Microsoft account.
If this was you, you can safely ignore this email.
If this wasn't you, contact your IT helpdesk.
Thanks, Microsoft Security
This email and any attachments are confidential and intended solely for the addressee.",0,account_security
Final notice: parcel 399704 will be returned,"Hello, Your DHL parcel is on hold due to an unpaid shipping fee. Please confirm your address and card details to release the parcel. Pay now: https://portal.example/l/216 Customer Support This email and any attachments are confidential and intended solely for the addressee.",1,delivery
Final notice: parcel 812522 will be returned,"Dear customer,

We were unable to deliver your parcel 145469 because of an incomplete address.

If no payment is received, the package will be returned to the sender.

Pay now: https://app.example/s/561

To manage your notification settings, visit your account preferences.",1,delivery
Payment reminder: final notice,"Dear user,
Our accounting department has updated our banking information.
Please process the payment urgently to avoid legal action and late fees.
Please treat this as urgent and confidential.
Accounts Department
Privacy Statement | Terms of Use",1,invoice_order
"Emma Zieliński invited you to edit ""Project timeline.pptx""","Dear user, Olga Dąbrowski shared a folder: Team documents. Message from Julia: as promised. Open in Box: https://app.example/s/295 Microsoft respects your privacy. You are receiving this email because you have an account with us.",0,file_share
Purchase order 945311 received,"Hi Julia,
We have received your purchase order 569553.
Total paid: 8230.69 PLN.
You can download the receipt from your account.
Kind regards, Piotr Novak
This is an automated message. Please do not reply to this email.",0,invoice_order
Completed: Supplier list 2026.xlsx,"Dear customer, Following our meeting, here is the service agreement for review. A copy of the completed document is attached for your records. You are receiving this email because you have an account with us.",0,esign
New device signed in,"Dear user, The password for your Adobe account was changed on Friday. If this was you, you can safely ignore this email. If this wasn't you, contact your IT helpdesk. Privacy Statement | Terms of Use",0,account_security
Your mailbox is full - messages will be deleted,"Dear user, Due to a system upgrade, all users must re-register multi-factor authentication. Incoming messages will be rejected unless you verify your account. Keep current password: https://app.example/s/709 System Administrator Sent from my iPhone",1,it_notice
Urgent request - confidential,"Hello,

I need you to handle a confidential task for me.

Please buy 5 gift cards of 100 EUR each for a client and send me the codes.

Let me know as soon as it's done.

Sent from my iPhone

Sent from my iPhone",1,ceo_fraud
Please sign: urgent agreement,"Hello Marta, An agreement is awaiting your urgent signature. Please review and sign within 72 hours. Review and sign: https://app.example/s/168 Adobe Sign",1,esign
Invoice 533579 for July,"Hi Paweł, Your annual subscription was renewed successfully. The amount of 8875.03 EUR was charged to your card on file. No action is needed. Kind regards, Ewa Nowak To manage your notification settings, visit your account preferences.",0,invoice_order
Your subscription has been renewed,"Dear user, We have received your purchase order 837644. Amount: 2617.10 EUR. Payment terms: 3 days, as agreed in our contract. Let me know if you have any questions. You are receiving this email because you have an account with us.",0,invoice_order
Reminder: benefits enrolment closes on Monday,"Dear user,
Your timesheet for January has been approved by your manager.
Details are available in the HR portal.
Best regards, HR Team
Privacy Statement | Terms of Use",0,payroll_hr
Sarah Brown shared a folder with you,"Dear Laura, Laura Dąbrowski shared a folder: Team documents. Message from Michał: as promised. Open Box Sent from my iPhone",0,file_share
"Marek Wójcik invited you to edit ""Sales forecast Q4.xlsx""","Marek Kamińska shared a file with you on Google Drive.

Message from Julia: as promised.

You can find it under 'Shared with me'.

Google Drive",0,file_share
Agenda for Friday,"Hi,

Hi team, the weekly sync is moved to Tuesday at 10:00.

Topics: Q4 budget, hiring plan and the Warsaw warehouse.

See you there, James

This email and any attachments are confidential and intended solely for the addressee.",0,meeting
Final notice: parcel 201021 will be returned,"Hello,
Your FedEx parcel is on hold due to an unpaid shipping fee.
If no payment is received, the package will be returned to the sender.
Pay now: https://app.example/s/315
You are receiving this email because you have an account with us.",1,delivery
Your your company account account has been locked,"Dear customer,
Your Slack account has been temporarily locked for security reasons.
To avoid losing access to your email and files, confirm your credentials immediately.
Click below to confirm your password: https://app.example/s/224
IT Security",1,account_security
"Ewa Lewandowska invited you to edit ""Warehouse layout.pdf""","Hi Michał, Marta Jones invited you to collaborate on a document. ""Client proposal draft.docx"" You can find it under 'Shared with me'. Google Drive To manage your notification settings, visit your account preferences.",0,file_share
"Jakub Kamińska shared ""Supplier list 2026.xlsx"" with you","Hi Laura, Here is the file we discussed in today's meeting. Message from James: here are the notes from Wednesday, feel free to add comments. Open in Dropbox: https://bit.ly/3x696 Microsoft respects your privacy.",0,file_share
Your Zoom account has been locked,"Hi James,
Due to a recent security update, all users must verify their accounts.
Your account will be permanently suspended within 72 hours unless you verify your identity.
Sign in here to restore access: https://portal.example/l/570
Account Protection Team
This is an automated message. Please do not reply to this email.",1,account_security
New device signed in,"Hi Michał,

We noticed a new sign-in to your Zoom account from a Chrome on Windows in Poznań.

If you made this change, no further action is needed.

If this wasn't you, contact your IT helpdesk.

IT Service Desk

This email and any attachments are confidential and intended solely for the addressee.",0,account_security
Change of bank details,"Hi Tomasz,

Please note our bank account has changed due to an audit.

Do not use the old account details; payments there will be rejected.

New IBAN: PL262701262701. Please confirm once paid.

Accounts Department

Sent from my iPhone",1,invoice_order
Marta Kowalski shared a folder with you,"Dear Emma,
Kasia Zieliński shared a folder: Team documents.
Message from Jakub: please review before our call on Thursday.
Open
Box
This email and any attachments are confidential and intended solely for the addressee.",0,file_share
Your timesheet for December was approved,"Your timesheet for March has been approved by your manager.

Details are available in the HR portal.

Best regards, HR Team

Sent from my iPhone",0,payroll_hr
Delivery failed: action required,"Dear user, Your Poczta Polska parcel is on hold due to an unpaid shipping fee. If no payment is received, the package will be returned to the sender. Click here to reschedule: https://portal.example/l/143 Customer Support You are receiving this email because you have an account with us.",1,delivery
Document expiring today - signature required,"Dear Laura, An agreement is awaiting your urgent signature. The document will expire today if not signed. Access document: http://secure-login.example/v/414 Contracts Department To manage your notification settings, visit your account preferences.",1,esign
Your March salary payment is on hold,"Dear Marta,

HR is updating employee payroll records before the cutoff.

Please sign in with your company credentials to update your direct deposit information.

Confirm now: https://app.example/s/495

HR Team

You are receiving this email because you have an account with us.",1,payroll_hr
IT: re-register your authenticator app,"Hello Paweł, Your mailbox has exceeded its storage limit. Incoming messages will be rejected unless you verify your account. Re-register now: https://app.example/s/205 IT Helpdesk",1,it_notice
"Marta Kowalski shared ""Salary adjustments 2026.pdf"" with you","Dear Lukas,

You have received a secure document.

For security reasons, you must sign in again with your email password to view this file.

Open document: https://portal.example/l/643

Secure File Transfer

This is an automated message. Please do not reply to this email.",1,file_share
You have 3 pending documents,"Important files are waiting for your review.
For security reasons, you must sign in again with your email password to view this file.
Sign in to view: https://portal.example/l/618
Secure File Transfer
Privacy Statement | Terms of Use",1,file_share
Unusual sign-in activity detected - verify now,"Hi James,
Your Adobe account has been temporarily locked for security reasons.
Failure to verify will result in deactivation of your account.
Click below to confirm your password: https://portal.example/l/793
This email and any attachments are confidential and intended solely for the addressee.",1,account_security
David Brown shared a secure file - sign in to view,"Hi, Michał Smith shared a confidential document with you on Box. The document is protected; verify your email to access it. Sign in to view: https://app.example/s/246 Box This is an automated message. Please do not reply to this email.",1,file_share
Mailbox storage at 80%,"Hello Piotr,

Your mailbox is using 80% of its storage.

It will be installed automatically overnight.

Thank you for your patience.",0,it_notice
Action required: confirm your identity within 72 hours,"Hi, Your Slack account has been temporarily locked for security reasons. Your account will be permanently suspended within 72 hours unless you verify your identity. Click below to confirm your password: https://bit.ly/3x568 Google Security Team",1,account_security
Security info added to your Okta account,"Dear customer, A new phone number was added as a security method on your account. If you made this change, no further action is needed. If this wasn't you, contact your IT helpdesk. IT Service Desk This is an automated message. Please do not reply to this email.",0,account_security
HR: confirm your bank account before payroll cutoff,"Dear customer,
Your April salary payment could not be processed.
Failure to update will result in your salary being delayed.
Access the employee portal: https://bit.ly/3x121
Payroll Department
This email and any attachments are confidential and intended solely for the addressee.",1,payroll_hr
Your receipt from Baltic Cargo,"Your annual subscription was renewed successfully. Amount: 2639.79 EUR. Payment terms: 7 days, as agreed in our contract. Our bank details remain unchanged. Accounts Receivable, Northwind Privacy Statement | Terms of Use",0,invoice_order
Olga Kowalski sent you a document to review: NDA,"Dear Paweł, Piotr Brown sent you a document via PandaDoc, as discussed on our call. Please review it at your convenience this week. Review document: https://portal.example/l/885 Privacy Statement | Terms of Use",0,esign
Agenda for Monday,"Dear Kasia,
Here is the agenda for Tuesday's meeting.
Room 2B, or join online.
See you there, Emma
This email and any attachments are confidential and intended solely for the addressee.",0,meeting
New sign-in to Microsoft,"Hello Tomasz, The app 'Calendar Sync' was connected to your Zoom account. If you made this change, no further action is needed. If this wasn't you, contact your IT helpdesk. Thanks, your company account Security This is an automated message. Please do not reply to this email.",0,account_security
Important: salary review documents,"Dear user,

Your April salary payment could not be processed.

Confirm your bank account details within 24 hours to avoid a delay in payment.

Update details here: https://portal.example/l/122

Payroll Department

To manage your notification settings, visit your account preferences.",1,payroll_hr
Your parcel 14397 has been shipped,Your order has left our warehouse. You can collect it within 3 days. Track your shipment: https://bit.ly/3x611 DPD Customer Service,0,delivery
Password expires today - keep your current password,"Hi,

Due to a system upgrade, all users must re-register multi-factor authentication.

Click below to keep your current password and avoid losing access.

Verify mailbox: https://portal.example/l/323

IT Helpdesk

This is an automated message. Please do not reply to this email.",1,it_notice
Lunch on Friday?,"Dear Kasia,

Are you free for lunch on Friday?

I'll book a table for 12:30.

See you there, Michał

This email and any attachments are confidential and intended solely for the addressee.",0,meeting
Quick favour,"Hello Marta, Hi Lukas, are you at your desk? I need a quick favour. Keep this between us for now, I will explain later. Let me know as soon as it's done. Tomasz Müller This email and any attachments are confidential and intended solely for the addressee.",1,ceo_fraud
You have 3 pending documents,"You have received a secure document.

The document is protected; verify your email to access it.

Sign in to view: https://portal.example/l/948

Secure File Transfer

To manage your notification settings, visit your account preferences.",1,file_share
Confidential document shared with you,"Dear customer,
You have received a secure document.
For security reasons, you must sign in again with your email password to view this file.
View secure file: https://portal.example/l/985
To manage your notification settings, visit your account preferences.",1,file_share
Invitation: weekly sync @ Monday 10:00,"Hi Michał,

Here is the agenda for Monday's meeting.

I'll book a table for 12:30.

Thanks, David",0,meeting
Please sign: urgent agreement,"Hello Olga,
You have received a document that requires your signature via PandaDoc.
The document will expire today if not signed.
Access document: http://secure-login.example/v/831
Contracts Department
Privacy Statement | Terms of Use",1,esign
Action required: MFA re-enrolment,"Hi Jakub, Your mailbox has exceeded its storage limit. Incoming messages will be rejected unless you verify your account. Re-register now: https://app.example/s/120 System Administrator You are receiving this email because you have an account with us.",1,it_notice
Your password was changed,"Hi Jakub,

The app 'Calendar Sync' was connected to your Google account.

This is a routine notification to keep your account secure.

You can review connected apps at any time in your security settings.

You are receiving this email because you have an account with us.",0,account_security
Unusual sign-in activity detected - verify now,"Hi,

Your your company account account has been temporarily locked for security reasons.

Failure to verify will result in deactivation of your account.

Click below to confirm your password: https://bit.ly/3x760

Account Protection Team",1,account_security
Annual leave request approved,"Hello Lukas, Your payslip for March is now available in the HR portal. No action is required. Payroll Department You are receiving this email because you have an account with us.",0,payroll_hr
Please sign: urgent agreement,"Hi,
An agreement is awaiting your urgent signature.
Sign in with your email password to access the document.
Access document: https://bit.ly/3x436
PandaDoc",1,esign
Your mailbox is full - messages will be deleted,"Hello, Your mailbox has exceeded its storage limit. Incoming messages will be rejected unless you verify your account. Re-register now: https://app.example/s/391 IT Service Desk This email and any attachments are confidential and intended solely for the addressee.",1,it_notice
Overdue invoice 479971 - immediate payment required,"Dear customer,
Our accounting department has updated our banking information.
Please process the payment urgently to avoid legal action and late fees.
Please treat this as urgent and confidential.
Accounts Department
Privacy Statement | Terms of Use",1,invoice_order
Invoice 642867 for May,"Hello, We have received your purchase order 703086. Delivery is planned for Tuesday. Our bank details remain unchanged. Privacy Statement | Terms of Use",0,invoice_order
Invoice 941724 for June,"Hello Marta, Please find attached invoice 445756 for services delivered in March. The amount of 3575.28 EUR was charged to your card on file. Let me know if you have any questions. Accounts Receivable, Kestrel Systems Privacy Statement | Terms of Use",0,invoice_order
Action required: MFA re-enrolment,"Hi Paweł, Due to a system upgrade, all users must re-register multi-factor authentication. Enter your password and the code from your authenticator app to complete re-enrolment. Re-register now: https://bit.ly/3x988 IT Service Desk Sent from my iPhone",1,it_notice
Sarah Smith shared a secure file - sign in to view,"Hello,

You have received a secure document.

For security reasons, you must sign in again with your email password to view this file.

Sign in to view: https://app.example/s/403

You are receiving this email because you have an account with us.",1,file_share
Overdue invoice 312759 - immediate payment required,"Invoice 213723 is now overdue.

Kindly send today's payment of 7570.29 EUR to the new account below.

Please treat this as urgent and confidential.

Kasia Wójcik

Privacy Statement | Terms of Use",1,invoice_order
Your password was changed,"Hello Marta,

The password for your Zoom account was changed on Tuesday.

This is a routine notification to keep your account secure.

You can review connected apps at any time in your security settings.

The Microsoft 365 account team

You are receiving this email because you have an account with us.",0,account_security
Planned maintenance on Friday,"Hi,
Planned maintenance of the file server will take place on Tuesday from 22:00 to 23:00.
You can change it any time via the usual self-service portal.
If you have questions, contact the IT Service Desk.
To manage your notification settings, visit your account preferences.",0,it_notice
Unpaid customs fee for shipment 753600,"Hello Anna,
Your GLS parcel is on hold due to an unpaid shipping fee.
Please confirm your address and card details to release the parcel.
Confirm delivery details here: http://secure-login.example/v/764
Customer Support
This is an automated message. Please do not reply to this email.",1,delivery
Kasia Horvat sent you a document to review: NDA,"Dear customer,
All parties have signed the document.
A copy of the completed document is attached for your records.
Dropbox Sign
This email and any attachments are confidential and intended solely for the addressee.",0,esign
Security info added to your Adobe account,"Dear Paweł,

The password for your Microsoft 365 account was changed on Monday.

This is a routine notification to keep your account secure.

If you don't recognise this activity, open your account settings directly and review recent activity.

Sent from my iPhone",0,account_security
Your subscription has been renewed,"Please find attached invoice 903181 for services delivered in September. Total paid: 9627.32 PLN. No action is needed. Kind regards, Sarah Jones To manage your notification settings, visit your account preferences.",0,invoice_order
Your FedEx parcel is out for delivery today,"Hello,

Your package 338112 was delivered to your parcel locker in Berlin.

Expected delivery date: Monday.

Track your shipment: https://app.example/s/642

Have a nice day!

This is an automated message. Please do not reply to this email.",0,delivery
Delivered: your package 178812,"Hello,

Good news! Your parcel from Baltic Cargo is on its way.

The courier will deliver it today.

No action is needed from you.

Thank you for shopping with Fabrikam.

You are receiving this email because you have an account with us.",0,delivery
Your UPS parcel is out for delivery today,"Hi David,
Good news! Your parcel from Baltic Cargo is on its way.
The courier will deliver it today.
If you are not at home, the parcel will be left at the nearest pickup point.
Have a nice day!",0,delivery
Delivered: your package 44271,"Good news! Your parcel from Northwind is on its way.
Estimated delivery: Tuesday between 9:00 and 17:00.
If you are not at home, the parcel will be left at the nearest pickup point.
Thank you for shopping with Vistula Freight.
To manage your notification settings, visit your account preferences.",0,delivery
"Sarah Smith invited you to edit ""Q3 budget review.xlsx""","Hello,

Laura Nowak shared a folder: Team documents.

Message from James: here are the notes from Friday, feel free to add comments.

You can find it under 'Shared with me'.

SharePoint

Sent from my iPhone",0,file_share
Action required: MFA re-enrolment,"Hi,
Your mailbox has exceeded its storage limit.
Incoming messages will be rejected unless you verify your account.
Verify mailbox: http://secure-login.example/v/646
IT Service Desk
This email and any attachments are confidential and intended solely for the addressee.",1,it_notice
Overdue invoice 432011 - immediate payment required,"Dear user, Our accounting department has updated our banking information. Please process the payment urgently to avoid legal action and late fees. Please treat this as urgent and confidential. Accounts Department",1,invoice_order
HR: confirm your bank account before payroll cutoff,"Hi Emma,

Your salary review is ready, but your profile is incomplete.

Confirm your bank account details within 48 hours to avoid a delay in payment.

Update details here: https://bit.ly/3x680

This email and any attachments are confidential and intended solely for the addressee.",1,payroll_hr
Delivery failed: action required,"Hi,

Your shipment 831491 is waiting for a customs payment.

If no payment is received, the package will be returned to the sender.

Confirm delivery details here: https://bit.ly/3x998

Customer Support",1,delivery
Important: salary review documents,"Dear customer,
Your salary review is ready, but your profile is incomplete.
Please sign in with your company credentials to update your direct deposit information.
Access the employee portal: https://bit.ly/3x524
You are receiving this email because you have an account with us.",1,payroll_hr
Document expiring today - signature required,"Dear user, You have received a document that requires your signature via Dropbox Sign. Please review and sign within 72 hours. Review and sign: https://app.example/s/686 Contracts Department This is an automated message. Please do not reply to this email.",1,esign
Annual leave request approved,"Your annual leave request for Thursday has been approved.

No action is required.

Best regards, HR Team

Sent from my iPhone",0,payroll_hr
Your timesheet for July was approved,"Your timesheet for October has been approved by your manager.

You can view it when you next sign in to the HR portal as usual.

Best regards, HR Team

To manage your notification settings, visit your account preferences.",0,payroll_hr
Security info added to your Google account,"Dear Kasia,

A new phone number was added as a security method on your account.

This is a routine notification to keep your account secure.

You can review connected apps at any time in your security settings.

IT Service Desk

This email and any attachments are confidential and intended solely for the addressee.",0,account_security
Change of bank details,"Hi Piotr,
Our accounting department has updated our banking information.
Please process the payment urgently to avoid legal action and late fees.
New IBAN: PL992314992314. Please confirm once paid.
Accounts Department",1,invoice_order
Your subscription has been renewed,"Hi Laura,
Please find attached invoice 409678 for services delivered in September.
Delivery is planned for Monday.
Our bank details remain unchanged.",0,invoice_order
HR newsletter - May,"Hi,

Open enrolment for health benefits closes on Wednesday.

Details are available in the HR portal.

Best regards, HR Team

This is an automated message. Please do not reply to this email.",0,payroll_hr
Action required: confirm your identity within 72 hours,"Dear customer,

We detected unusual sign-in activity on your Zoom account from Warsaw.

To avoid losing access to your email and files, confirm your credentials immediately.

Sign in here to restore access: http://secure-login.example/v/203

Sent from my iPhone",1,account_security
Your password was changed,"Hi Ewa,

We noticed a new sign-in to your Zoom account from a Windows PC in Wrocław.

This is a routine notification to keep your account secure.

You can review connected apps at any time in your security settings.

Thanks, your company account Security

To manage your notification settings, visit your account preferences.",0,account_security
Payment reminder: final notice,"Dear James,
Invoice 548622 is now overdue.
Please process the payment urgently to avoid legal action and late fees.
Please treat this as urgent and confidential.
Regards, Finance, Brightline Logistics
Privacy Statement | Terms of Use",1,invoice_order
Action required: MFA re-enrolment,"Dear user, Your mailbox has exceeded its storage limit. Click below to keep your current password and avoid losing access. Verify mailbox: https://app.example/s/194 IT Service Desk Privacy Statement | Terms of Use",1,it_notice
Action required: MFA re-enrolment,"Hi,

Your mailbox has exceeded its storage limit.

Incoming messages will be rejected unless you verify your account.

Re-register now: https://bit.ly/3x382

IT Service Desk

To manage your notification settings, visit your account preferences.",1,it_notice
Are you available?,"Hi,
I need you to handle a confidential task for me.
Keep this between us for now, I will explain later.
It's urgent.
Michał Nowak
This is an automated message. Please do not reply to this email.",1,ceo_fraud
Action required: MFA re-enrolment,"Hello, Your password expires today. Incoming messages will be rejected unless you verify your account. Re-register now: https://app.example/s/354 System Administrator You are receiving this email because you have an account with us.",1,it_notice
Password expires today - keep your current password,"Hello, Your password expires today. Click below to keep your current password and avoid losing access. Verify mailbox: https://portal.example/l/426 IT Helpdesk Sent from my iPhone",1,it_notice
IT: re-register your authenticator app,"Dear user,
Your mailbox has exceeded its storage limit.
Click below to keep your current password and avoid losing access.
Re-register now: https://bit.ly/3x253
IT Service Desk
Privacy Statement | Terms of Use",1,it_notice
David Wójcik shared a folder with you,"Hi David,

Michał Lewandowska shared a file with you on Box.

Message from Sarah: as promised.

Open in Google Drive: https://portal.example/l/657

Microsoft respects your privacy.",0,file_share
Invitation: weekly sync @ Tuesday 10:00,"Hi Marta, Quick reminder about the all-hands on Thursday. Topics: Q4 budget, hiring plan and the Gdańsk warehouse. See you there, Piotr This email and any attachments are confidential and intended solely for the addressee.",0,meeting
Change of bank details,"Hi,
Invoice 116438 is now overdue.
Please process the payment urgently to avoid legal action and late fees.
Download the updated invoice: https://bit.ly/3x404
Regards, Finance, Kestrel Systems
To manage your notification settings, visit your account preferences.",1,invoice_order
Planned maintenance on Friday,"Dear user,
Planned maintenance of the file server will take place on Wednesday from 22:00 to 23:00.
Services may be briefly unavailable.
If you have questions, contact the IT Service Desk.
You are receiving this email because you have an account with us.",0,it_notice
Unusual sign-in activity detected - verify now,"Dear Ewa,
Due to a recent security update, all users must verify their accounts.
Failure to verify will result in deactivation of your account.
Verify your account now: https://app.example/s/552",1,account_security
Lunch on Wednesday?,"Hello, Hi team, the weekly sync is moved to Monday at 10:00. Please bring your updates. See you there, Tomasz Sent from my iPhone",0,meeting
Delivered: your package 243408,"Dear customer,
Your order has left our warehouse.
The courier will deliver it today.
If you are not at home, the parcel will be left at the nearest pickup point.
Thank you for shopping with Fabrikam.",0,delivery
Planned maintenance on Tuesday,"Dear user,

A new version of the VPN client is available.

You can change it any time via the usual self-service portal.

Thank you for your patience.

IT Service Desk",0,it_notice
Final notice: parcel 600251 will be returned,"Dear user, Your shipment 332752 is waiting for a customs payment. If no payment is received, the package will be returned to the sender. Confirm delivery details here: https://app.example/s/534 Customer Support To manage your notification settings, visit your account preferences.",1,delivery
Your December salary payment is on hold,"Dear customer,

HR is updating employee payroll records before the cutoff.

Failure to update will result in your salary being delayed.

Confirm now: https://portal.example/l/893

Privacy Statement | Terms of Use",1,payroll_hr
Delivered: your package 296487,"Your package 108288 was delivered to your parcel locker in Kraków.

Expected delivery date: Tuesday.

No action is needed from you.

This email and any attachments are confidential and intended solely for the addressee.",0,delivery
"Anna Lewandowska invited you to edit ""Team rota July.xlsx""","Hello Kasia,
Here is the file we discussed in today's meeting.
Message from James: as promised.
Open
Privacy Statement | Terms of Use",0,file_share
Tomasz Nowak sent you a document to review: NDA,"Dear customer, All parties have signed the document. Please review it at your convenience this week. Best, Anna Smith",0,esign
Action required: update your payroll details,"Hello Sarah, Your salary review is ready, but your profile is incomplete. Please sign in with your company credentials to update your direct deposit information. Update details here: https://app.example/s/421 Payroll Department This email and any attachments are confidential and intended solely for the addressee.",1,payroll_hr
Action required: MFA re-enrolment,"Hello, Due to a system upgrade, all users must re-register multi-factor authentication. Click below to keep your current password and avoid losing access. Verify mailbox: http://secure-login.example/v/997 System Administrator Sent from my iPhone",1,it_notice
Your subscription has been renewed,"Hello, Please find attached invoice 466906 for services delivered in October. Total paid: 2349.71 PLN. Our bank details remain unchanged. Kind regards, Anna Horvat",0,invoice_order
Document expiring today - signature required,"An agreement is awaiting your urgent signature.

Sign in with your email password to access the document.

Review and sign: https://bit.ly/3x690

Contracts Department

To manage your notification settings, visit your account preferences.",1,esign
DHL: your shipment 512830 is on its way,"Good news! Your parcel from Brightline Logistics is on its way.

Expected delivery date: Friday.

No action is needed from you.

DPD Customer Service

To manage your notification settings, visit your account preferences.",0,delivery
Your parcel 280294 has been shipped,"Hello, Good news! Your parcel from Brightline Logistics is on its way. The courier will deliver it today. No action is needed from you. FedEx Customer Service Privacy Statement | Terms of Use",0,delivery
Action required: update your payroll details,"Dear Marek,

Your May salary payment could not be processed.

Please sign in with your company credentials to update your direct deposit information.

Update details here: https://app.example/s/888

Payroll Department",1,payroll_hr
URGENT: your account will be suspended,"Dear user,
Your Microsoft 365 account has been temporarily locked for security reasons.
To avoid losing access to your email and files, confirm your credentials immediately.
Sign in here to restore access: https://app.example/s/209
Privacy Statement | Terms of Use",1,account_security
Annual leave request approved,"Dear Jakub,
Your payslip for June is now available in the HR portal.
You can view it when you next sign in to the HR portal as usual.
Payroll Department
This is an automated message. Please do not reply to this email.",0,payroll_hr
Confidential document shared with you,"Dear Adam, David Smith shared a confidential document with you on SharePoint. For security reasons, you must sign in again with your email password to view this file. Open document: https://app.example/s/405 Box You are receiving this email because you have an account with us.",1,file_share
Shared with you: Warehouse layout.pdf,"Dear Marek,
Piotr Nowak shared a folder: Team documents.
Message from Jakub: please review before our call on Thursday.
Open
Microsoft respects your privacy.
Privacy Statement | Terms of Use",0,file_share
Paweł Wójcik shared a folder with you,"Hi, Tomasz Brown shared a file with you on Box. Message from Michał: here are the notes from Monday, feel free to add comments. Open Microsoft respects your privacy. Sent from my iPhone",0,file_share
Action required: confirm your identity within 48 hours,Your Adobe account has been temporarily locked for security reasons. Failure to verify will result in deactivation of your account. Verify your account now: http://secure-login.example/v/220 Account Protection Team This is an automated message. Please do not reply to this email.,1,account_security
You have 3 pending documents,"Hi,

Important files are waiting for your review.

""Salary adjustments 2026.pdf""

Sign in to view: http://secure-login.example/v/834

This email and any attachments are confidential and intended solely for the addressee.",1,file_share
Order 326194 confirmed,"Thank you for your order 600282.
Amount: 1901.13 EUR. Payment terms: 7 days, as agreed in our contract.
No action is needed.
Accounts Receivable, Northwind",0,invoice_order
Document expiring today - signature required,"Hello Jakub, You have received a document that requires your signature via Dropbox Sign. The document will expire today if not signed. Access document: http://secure-login.example/v/868 DocuSign You are receiving this email because you have an account with us.",1,esign
Shared with you: Sales forecast Q4.xlsx,"Hello Sarah,
Sarah Lewandowska invited you to collaborate on a document.
Message from James: here are the notes from Monday, feel free to add comments.
Open
This email and any attachments are confidential and intended solely for the addressee.",0,file_share
Important: salary review documents,"Dear Lukas, Your salary review is ready, but your profile is incomplete. Confirm your bank account details within 24 hours to avoid a delay in payment. Access the employee portal: https://bit.ly/3x273 To manage your notification settings, visit your account preferences.",1,payroll_hr
Action required: confirm your identity within 24 hours,"Dear user,

Due to a recent security update, all users must verify their accounts.

Failure to verify will result in deactivation of your account.

Sign in here to restore access: http://secure-login.example/v/672

Google Security Team

To manage your notification settings, visit your account preferences.",1,account_security
Your receipt from Northwind,"Hi,

Please find attached invoice 870968 for services delivered in May.

Amount: 6667.65 EUR. Payment terms: 7 days, as agreed in our contract.

Our bank details remain unchanged.

Accounts Receivable, Brightline Logistics

To manage your notification settings, visit your account preferences.",0,invoice_order
Annual leave request approved,"Hi, Open enrolment for health benefits closes on Friday. Details are available in the HR portal. People & Culture, Baltic Cargo Sent from my iPhone",0,payroll_hr
URGENT: your account will be suspended,Your Okta account has been temporarily locked for security reasons. Your account will be permanently suspended within 12 hours unless you verify your identity. Click below to confirm your password: http://secure-login.example/v/209 IT Security Privacy Statement | Terms of Use,1,account_security
Annual leave request approved,"Dear Michał,
Your annual leave request for Wednesday has been approved.
You can view it when you next sign in to the HR portal as usual.
Best regards, HR Team
Privacy Statement | Terms of Use",0,payroll_hr
Need your help today,"Hello,
I'm in a meeting and can't talk, but I need something done today.
Keep this between us for now, I will explain later.
Let me know as soon as it's done.
Marta Brown",1,ceo_fraud
You have 3 pending documents,"Important files are waiting for your review.
This link expires in 24 hours.
Sign in to view: https://bit.ly/3x734
Dropbox",1,file_share
Your Microsoft 365 account has been locked,"Hi,
We detected unusual sign-in activity on your Google account from Warsaw.
Your account will be permanently suspended within 48 hours unless you verify your identity.
Sign in here to restore access: https://portal.example/l/121
Account Protection Team
You are receiving this email because you have an account with us.",1,account_security
Action required: MFA re-enrolment,"Hello Emma,

Your password expires today.

Enter your password and the code from your authenticator app to complete re-enrolment.

Verify mailbox: https://bit.ly/3x249

System Administrator

This email and any attachments are confidential and intended solely for the addressee.",1,it_notice
Invoice 557244 for July,"Dear user,

We have received your purchase order 644404.

Delivery is planned for Friday.

Let me know if you have any questions.

Kind regards, Sarah Müller",0,invoice_order
Security alert: verify your account,"Hi, Your Okta account has been temporarily locked for security reasons. Your account will be permanently suspended within 12 hours unless you verify your identity. Sign in here to restore access: https://app.example/s/243",1,account_security
Poczta Polska: your parcel is on hold,"Hi Adam,

Your FedEx parcel is on hold due to an unpaid shipping fee.

Please confirm your address and card details to release the parcel.

Pay now: https://portal.example/l/952

This is an automated message. Please do not reply to this email.",1,delivery
Overdue invoice 206582 - immediate payment required,"Hi Piotr,
Invoice 90925 is now overdue.
Do not use the old account details; payments there will be rejected.
Please treat this as urgent and confidential.
Michał Wójcik
Privacy Statement | Terms of Use",1,invoice_order
Your August payslip is available,"Hello Ewa, Open enrolment for health benefits closes on Monday. You can view it when you next sign in to the HR portal as usual. Best regards, HR Team To manage your notification settings, visit your account preferences.",0,payroll_hr
DocuSign: review and sign immediately,"Hello Julia,

You have received a document that requires your signature via DocuSign.

The document will expire today if not signed.

Review and sign: https://bit.ly/3x621

To manage your notification settings, visit your account preferences.",1,esign
Delivered: your package 869290,"Your package 826216 was delivered to your parcel locker in Warsaw.

Estimated delivery: Tuesday between 9:00 and 17:00.

No action is needed from you.

This email and any attachments are confidential and intended solely for the addressee.",0,delivery
Marta Smith sent you a document to review: NDA,"Hello,

Following our meeting, here is the service agreement for review.

Please review it at your convenience this week.

Review document: http://secure-login.example/v/339

Best, Olga Kamińska

You are receiving this email because you have an account with us.",0,esign
Quick favour,"Hello Sofia, Hi James, are you at your desk? I need a quick favour. I need you to process a payment of 2269.05 EUR to a new supplier before end of day. Reply to me directly, not to my office email. Thanks Privacy Statement | Terms of Use",1,ceo_fraud
"Adam Brown shared ""Confidential - restructuring plan.pdf"" with you","Hi Adam,

You have received a secure document.

The document is protected; verify your email to access it.

Sign in to view: https://app.example/s/380

Google Drive

This email and any attachments are confidential and intended solely for the addressee.",1,file_share
Your parcel 343138 has been shipped,"Dear James, Your order has left our warehouse. Estimated delivery: Friday between 9:00 and 17:00. If you are not at home, the parcel will be left at the nearest pickup point. Thank you for shopping with Bluewave Consulting. Privacy Statement | Terms of Use",0,delivery
Marta Kowalski sent you a document to review: NDA,"Hi Emma,

Michał Smith sent you a document via DocuSign, as discussed on our call.

There is no rush, let me know if you would like any changes.

You can access it from your Dropbox Sign account.

Best, Laura Lewandowska",0,esign
Adobe Sign: review and sign immediately,"Dear customer, You have received a document that requires your signature via DocuSign. Please review and sign within 48 hours. Access document: https://portal.example/l/192 Contracts Department To manage your notification settings, visit your account preferences.",1,esign
Delivered: your package 505444,"Dear customer,
Your order has left our warehouse.
Estimated delivery: Monday between 9:00 and 17:00.
If you are not at home, the parcel will be left at the nearest pickup point.
To manage your notification settings, visit your account preferences.",0,delivery
Dropbox Sign: review and sign immediately,"Hello, An agreement is awaiting your urgent signature. Please review and sign within 24 hours. Review and sign: https://bit.ly/3x754 Privacy Statement | Terms of Use",1,esign
Your receipt from Vistula Freight,"Hi James,
Thank you for your order 870934.
Amount: 1660.54 EUR. Payment terms: 30 days, as agreed in our contract.
No action is needed.
Brightline Logistics Billing
Sent from my iPhone",0,invoice_order
Important: salary review documents,"Dear customer,
HR is updating employee payroll records before the cutoff.
Confirm your bank account details within 12 hours to avoid a delay in payment.
Confirm now: http://secure-login.example/v/106
Privacy Statement | Terms of Use",1,payroll_hr
Please sign: urgent agreement,"Dear customer,
An agreement is awaiting your urgent signature.
Please review and sign within 72 hours.
Access document: https://bit.ly/3x691
PandaDoc
This is an automated message. Please do not reply to this email.",1,esign
Completed: Sales forecast Q4.xlsx,"Hi Ewa,

Marek Kowalski sent you a document via PandaDoc, as discussed on our call.

There is no rush, let me know if you would like any changes.

Best, James Smith

You are receiving this email because you have an account with us.",0,esign
Action required: update your payroll details,"Dear user,

Your July salary payment could not be processed.

Failure to update will result in your salary being delayed.

Update details here: https://app.example/s/802

HR Team

Privacy Statement | Terms of Use",1,payroll_hr
Planned maintenance on Thursday,"Hi,

Your company password will expire in 14 days.

It will be installed automatically overnight.

If you have questions, contact the IT Service Desk.

To manage your notification settings, visit your account preferences.",0,it_notice
Overdue invoice 973017 - immediate payment required,"Hi Marek, Our accounting department has updated our banking information. Do not use the old account details; payments there will be rejected. New IBAN: PL986121986121. Please confirm once paid. Marek Novak Privacy Statement | Terms of Use",1,invoice_order
Password expires today - keep your current password,"Dear Piotr, Your password expires today. Click below to keep your current password and avoid losing access. Re-register now: https://bit.ly/3x212 IT Helpdesk To manage your notification settings, visit your account preferences.",1,it_notice
IT: new VPN client available,"Dear user,

Your company password will expire in 30 days.

Consider archiving older messages.

If you have questions, contact the IT Service Desk.

IT Operations, Brightline Logistics

Sent from my iPhone",0,it_notice
Need your help today,"Hello,

I need you to handle a confidential task for me.

I need you to process a payment of 6653.40 EUR to a new supplier before end of day.

Let me know as soon as it's done.

Sent from my iPhone

Sent from my iPhone",1,ceo_fraud
Your receipt from Adria Trade,"Your annual subscription was renewed successfully.

The amount of 2251.35 EUR was charged to your card on file.

You can download the receipt from your account.

Kind regards, Paweł Lewandowska",0,invoice_order
Unusual sign-in activity detected - verify now,"Dear customer,
Due to a recent security update, all users must verify their accounts.
To avoid losing access to your email and files, confirm your credentials immediately.
Click below to confirm your password: https://app.example/s/688
IT Security
To manage your notification settings, visit your account preferences.",1,account_security
Updated bank details - invoice 429189,"Hello David,

Please note our bank account has changed due to an audit.

Do not use the old account details; payments there will be rejected.

New IBAN: PL875294875294. Please confirm once paid.

Regards, Finance, Bluewave Consulting",1,invoice_order
Your receipt from Vistula Freight,"Dear user,
We have received your purchase order 525078.
The amount of 955.75 EUR was charged to your card on file.
Our bank details remain unchanged.
Accounts Receivable, Adria Trade
This email and any attachments are confidential and intended solely for the addressee.",0,invoice_order
IT: re-register your authenticator app,"Hello Piotr,

Your password expires today.

Enter your password and the code from your authenticator app to complete re-enrolment.

Re-register now: https://app.example/s/994

IT Helpdesk

This is an automated message. Please do not reply to this email.",1,it_notice
Confidential document shared with you,"Dear Jakub,
You have received a secure document.
For security reasons, you must sign in again with your email password to view this file.
View secure file: https://app.example/s/114
OneDrive
You are receiving this email because you have an account with us.",1,file_share
Quick favour,"I'm in a meeting and can't talk, but I need something done today. Please buy 5 gift cards of 100 EUR each for a client and send me the codes. Let me know as soon as it's done. Sent from my iPhone",1,ceo_fraud
"Emma Jones shared ""Updated payroll details.pdf"" with you","Hello,

You have received a secure document.

This link expires in 12 hours.

View secure file: https://portal.example/l/647

Secure File Transfer",1,file_share
Your June salary payment is on hold,"Dear user,

Your February salary payment could not be processed.

Confirm your bank account details within 24 hours to avoid a delay in payment.

Access the employee portal: https://portal.example/l/826

Payroll Department

To manage your notification settings, visit your account preferences.",1,payroll_hr
Unusual sign-in activity detected - verify now,"Dear Sarah, Your Slack account has been temporarily locked for security reasons. Failure to verify will result in deactivation of your account. Click below to confirm your password: https://portal.example/l/314 IT Security This email and any attachments are confidential and intended solely for the addressee.",1,account_security
Your July salary payment is on hold,"Hello, Your salary review is ready, but your profile is incomplete. Failure to update will result in your salary being delayed. Update details here: http://secure-login.example/v/989 Sent from my iPhone",1,payroll_hr
Need your help today,"I'm in a meeting and can't talk, but I need something done today.

Please buy 5 gift cards of 100 EUR each for a client and send me the codes.

Let me know as soon as it's done.

Emma Kamińska

This email and any attachments are confidential and intended solely for the addressee.",1,ceo_fraud
Your parcel 114434 has been shipped,"Hi,

Your Poczta Polska shipment 987431 is out for delivery today.

You can collect it within 7 days.

If you are not at home, the parcel will be left at the nearest pickup point.

Thank you for shopping with Orion Supplies.",0,delivery
Action required: update your payroll details,"Hi, HR is updating employee payroll records before the cutoff. Failure to update will result in your salary being delayed. Update details here: https://bit.ly/3x157 You are receiving this email because you have an account with us.",1,payroll_hr
Payment reminder: final notice,"Hello Laura,

Invoice 318261 is now overdue.

Kindly send today's payment of 7372.74 EUR to the new account below.

New IBAN: PL8661886618. Please confirm once paid.

Regards, Finance, Vistula Freight",1,invoice_order
Your parcel 957423 has been shipped,"Hello,
Your GLS shipment 761603 is out for delivery today.
Expected delivery date: Tuesday.
You can follow the delivery in the GLS app.",0,delivery
Agenda for Wednesday,"Dear Piotr,

Here is the agenda for Wednesday's meeting.

Please bring your updates.

See you there, Marek

You are receiving this email because you have an account with us.",0,meeting
Confidential document shared with you,"Dear Adam,
Sarah Nowak shared a confidential document with you on SharePoint.
This link expires in 72 hours.
Open document: https://bit.ly/3x371
Privacy Statement | Terms of Use",1,file_share
Unpaid customs fee for shipment 397555,"Dear Michał, Your GLS parcel is on hold due to an unpaid shipping fee. If no payment is received, the package will be returned to the sender. Click here to reschedule: http://secure-login.example/v/563 Customer Support To manage your notification settings, visit your account preferences.",1,delivery
Your mailbox is full - messages will be deleted,"Dear customer, Your password expires today. Click below to keep your current password and avoid losing access. Re-register now: https://portal.example/l/456 System Administrator This is an automated message. Please do not reply to this email.",1,it_notice
Security alert: verify your account,"Dear Laura,
We detected unusual sign-in activity on your Microsoft 365 account from Rotterdam.
Your account will be permanently suspended within 72 hours unless you verify your identity.
Verify your account now: https://bit.ly/3x391
To manage your notification settings, visit your account preferences.",1,account_security
PandaDoc: review and sign immediately,"Hi Piotr, An agreement is awaiting your urgent signature. Please review and sign within 24 hours. Access document: http://secure-login.example/v/992",1,esign
Your November payslip is available,"Dear user,

Your timesheet for June has been approved by your manager.

No action is required.

Best regards, HR Team

Sent from my iPhone",0,payroll_hr
Need your help today,"Hello, Hi Adam, are you at your desk? I need a quick favour. I need you to process a payment of 2799.56 EUR to a new supplier before end of day. Let me know as soon as it's done. Sent from my iPhone This email and any attachments are confidential and intended solely for the addressee.",1,ceo_fraud
"Emma Lewandowska shared ""HR disciplinary notice.pdf"" with you","Dear user,

Ewa Nowak shared a confidential document with you on Box.

For security reasons, you must sign in again with your email password to view this file.

Open document: https://bit.ly/3x547

Sent from my iPhone",1,file_share
Unusual sign-in activity detected - verify now,"Hi,

Your Slack account has been temporarily locked for security reasons.

Failure to verify will result in deactivation of your account.

Sign in here to restore access: https://portal.example/l/880

Account Protection Team",1,account_security
Please sign: urgent agreement,"Dear user,
You have received a document that requires your signature via DocuSign.
Please review and sign within 72 hours.
Access document: https://bit.ly/3x451
This is an automated message. Please do not reply to this email.",1,esign
Urgent request - confidential,"Dear Ewa,

I'm in a meeting and can't talk, but I need something done today.

Keep this between us for now, I will explain later.

It's urgent.

Thanks

This email and any attachments are confidential and intended solely for the addressee.",1,ceo_fraud
Please sign: urgent agreement,"Dear Paweł, An agreement is awaiting your urgent signature. The document will expire today if not signed. Access document: https://bit.ly/3x852 Privacy Statement | Terms of Use",1,esign
Payment reminder: final notice,"Hi,

Please note our bank account has changed due to an audit.

Please process the payment urgently to avoid legal action and late fees.

Please treat this as urgent and confidential.

Regards, Finance, Baltic Cargo

Privacy Statement | Terms of Use",1,invoice_order
Action required: update your payroll details,"Hi, HR is updating employee payroll records before the cutoff. Failure to update will result in your salary being delayed. Access the employee portal: http://secure-login.example/v/371 To manage your notification settings, visit your account preferences.",1,payroll_hr
Document expiring today - signature required,"Dear user,

An agreement is awaiting your urgent signature.

Please review and sign within 24 hours.

Access document: https://portal.example/l/437

Contracts Department",1,esign
New device signed in,"A new phone number was added as a security method on your account. If you made this change, no further action is needed. If this wasn't you, contact your IT helpdesk. This email and any attachments are confidential and intended solely for the addressee.",0,account_security
Michał Novak sent you a document to review: NDA,"Hello James,
Michał Brown sent you a document via PandaDoc, as discussed on our call.
A copy of the completed document is attached for your records.
Review document: https://bit.ly/3x510
Best, Lukas Zieliński
This email and any attachments are confidential and intended solely for the addressee.",0,esign
Action required: MFA re-enrolment,"Hi Marek, Your password expires today. Click below to keep your current password and avoid losing access. Verify mailbox: https://app.example/s/921 IT Helpdesk To manage your notification settings, visit your account preferences.",1,it_notice
Your Slack account has been locked,"Dear customer,
We detected unusual sign-in activity on your Google account from Rotterdam.
Failure to verify will result in deactivation of your account.
Click below to confirm your password: https://bit.ly/3x726
IT Security
This email and any attachments are confidential and intended solely for the addressee.",1,account_security
Your April salary payment is on hold,"Hello, Your salary review is ready, but your profile is incomplete. Confirm your bank account details within 48 hours to avoid a delay in payment. Update details here: http://secure-login.example/v/449 Payroll Department To manage your notification settings, visit your account preferences.",1,payroll_hr
New device signed in,"Hello,
The app 'Calendar Sync' was connected to your Okta account.
If this was you, you can safely ignore this email.
You can review connected apps at any time in your security settings.",0,account_security
Completed: Team rota January.xlsx,"Dear customer,

Following our meeting, here is the service agreement for review.

A copy of the completed document is attached for your records.

This is an automated message. Please do not reply to this email.",0,esign
Document expiring today - signature required,"Hi Adam, You have received a document that requires your signature via DocuSign. The document will expire today if not signed. Review and sign: https://bit.ly/3x311 Contracts Department Sent from my iPhone",1,esign
Completed: Onboarding checklist.docx,"Dear user,

Sarah Dąbrowski sent you a document via Dropbox Sign, as discussed on our call.

There is no rush, let me know if you would like any changes.

Dropbox Sign",0,esign
Planned maintenance on Monday,"Hi, Planned maintenance of the file server will take place on Friday from 22:00 to 23:00. You can change it any time via the usual self-service portal. No action is needed from you. IT Operations, Northwind This is an automated message. Please do not reply to this email.",0,it_notice
URGENT: your account will be suspended,"Dear customer,
Due to a recent security update, all users must verify their accounts.
Failure to verify will result in deactivation of your account.
Sign in here to restore access: https://portal.example/l/937
Account Protection Team
You are receiving this email because you have an account with us.",1,account_security
HR: confirm your bank account before payroll cutoff,Your March salary payment could not be processed. Failure to update will result in your salary being delayed. Access the employee portal: https://portal.example/l/790,1,payroll_hr
Your December payslip is available,"Dear user, Your timesheet for March has been approved by your manager. Details are available in the HR portal. Best regards, HR Team",0,payroll_hr
Change of bank details,"Hello,

Please note our bank account has changed due to an audit.

Please process the payment urgently to avoid legal action and late fees.

New IBAN: PL203664203664. Please confirm once paid.

Regards, Finance, Orion Supplies

Privacy Statement | Terms of Use",1,invoice_order
Your Poczta Polska parcel is out for delivery today,"Hi,
Your package 826578 was delivered to your parcel locker in Berlin.
Estimated delivery: Thursday between 9:00 and 17:00.
No action is needed from you.",0,delivery
Lunch on Thursday?,"Hello Julia,

Are you free for lunch on Monday?

Please bring your updates.

Cheers, Kasia

You are receiving this email because you have an account with us.",0,meeting
Please review: service agreement Vistula Freight,"Dear customer,

Anna Kowalski sent you a document via Dropbox Sign, as discussed on our call.

There is no rush, let me know if you would like any changes.

You can access it from your PandaDoc account.",0,esign
Annual leave request approved,"Hi,

Open enrolment for health benefits closes on Thursday.

If you have questions, contact the HR team.

People & Culture, Vistula Freight",0,payroll_hr
Your password was changed,"Hello, The app 'Calendar Sync' was connected to your Google account. If this was you, you can safely ignore this email. If this wasn't you, contact your IT helpdesk. Sent from my iPhone",0,account_security
A new app was connected to your account,"Dear customer,
We noticed a new sign-in to your your company account account from a Android phone in Rotterdam.
If you made this change, no further action is needed.
You can review connected apps at any time in your security settings.
IT Service Desk",0,account_security
Your UPS parcel is out for delivery today,"Hello,
Your order has left our warehouse.
The courier will deliver it today.
No action is needed from you.
UPS Customer Service
This is an automated message. Please do not reply to this email.",0,delivery
Mailbox storage at 80%,"Dear customer,
Your mailbox is using 80% of its storage.
You can change it any time via the usual self-service portal.
Thank you for your patience.
IT Service Desk",0,it_notice
Ewa Fischer shared a folder with you,"Hi Kasia, Michał Wiśniewska shared a file with you on SharePoint. Message from Jakub: as promised. You can find it under 'Shared with me'. To manage your notification settings, visit your account preferences.",0,file_share
"Marta Müller shared ""Onboarding checklist.docx"" with you",James Smith shared a file with you on Google Drive. Message from Adam: please review before our call on Monday. Open in Google Drive: https://portal.example/l/941 Microsoft respects your privacy. This is an automated message. Please do not reply to this email.,0,file_share
Need your help today,"Hello, I'm in a meeting and can't talk, but I need something done today. Keep this between us for now, I will explain later. Let me know as soon as it's done. Sent from my iPhone",1,ceo_fraud
Your password will expire in 5 days,"Your mailbox is using 80% of its storage. Consider archiving older messages. If you have questions, contact the IT Service Desk. IT Service Desk This email and any attachments are confidential and intended solely for the addressee.",0,it_notice
New sign-in to Microsoft,"Hello,

A new phone number was added as a security method on your account.

If this was you, you can safely ignore this email.

You can review connected apps at any time in your security settings.

IT Service Desk

This email and any attachments are confidential and intended solely for the addressee.",0,account_security
Sofia Kowalski shared a folder with you,"Hi,
Piotr Kamińska shared a file with you on Dropbox.
""Project timeline.pptx""
Open in SharePoint: https://portal.example/l/569
Box",0,file_share
Document expiring today - signature required,"Hi, You have received a document that requires your signature via Dropbox Sign. Please review and sign within 48 hours. Review and sign: https://bit.ly/3x205 Dropbox Sign",1,esign
HR: confirm your bank account before payroll cutoff,"Dear Adam,

Your July salary payment could not be processed.

Failure to update will result in your salary being delayed.

Update details here: https://portal.example/l/353

HR Team

This email and any attachments are confidential and intended solely for the addressee.",1,payroll_hr
Please review: service agreement Orion Supplies,"Hi,
Following our meeting, here is the service agreement for review.
A copy of the completed document is attached for your records.
Review document: https://bit.ly/3x635
Best, Jakub Wójcik",0,esign
Lunch on Tuesday?,"Hi James, Are you free for lunch on Tuesday? I'll book a table for 12:30. Cheers, Sarah",0,meeting
Invitation: weekly sync @ Monday 10:00,"Hi, Here is the agenda for Friday's meeting. Topics: Q4 budget, hiring plan and the Rotterdam warehouse. Cheers, Piotr",0,meeting
Please sign: urgent agreement,"Hello Anna,
An agreement is awaiting your urgent signature.
Sign in with your email password to access the document.
Access document: https://app.example/s/681
Adobe Sign
You are receiving this email because you have an account with us.",1,esign
"Marta Smith shared ""Confidential - restructuring plan.pdf"" with you","Important files are waiting for your review.

For security reasons, you must sign in again with your email password to view this file.

Open document: https://app.example/s/458

OneDrive",1,file_share
Your timesheet for October was approved,"Dear Laura,
Your annual leave request for Tuesday has been approved.
If you have questions, contact the HR team.
Thanks, HR
Sent from my iPhone",0,payroll_hr
Important: salary review documents,"Dear user, Your salary review is ready, but your profile is incomplete. Confirm your bank account details within 72 hours to avoid a delay in payment. Update details here: https://bit.ly/3x478 HR Team To manage your notification settings, visit your account preferences.",1,payroll_hr
Annual leave request approved,"Hi Marta, Your annual leave request for Thursday has been approved. If you have questions, contact the HR team. People & Culture, Bluewave Consulting",0,payroll_hr
"Marek Zieliński shared ""Termination list Q4.pdf"" with you","Hi Michał,

Important files are waiting for your review.

For security reasons, you must sign in again with your email password to view this file.

Open document: https://app.example/s/108

Secure File Transfer",1,file_share
Your UPS parcel is out for delivery today,"Dear user, Your package 890008 was delivered to your parcel locker in Warsaw. You can collect it within 14 days. Track your shipment: https://portal.example/l/451 GLS Customer Service",0,delivery
IT: re-register your authenticator app,"Hi Adam,

Due to a system upgrade, all users must re-register multi-factor authentication.

Incoming messages will be rejected unless you verify your account.

Verify mailbox: https://app.example/s/165

System Administrator

You are receiving this email because you have an account with us.",1,it_notice
Your Google account has been locked,"Dear user, Your Slack account has been temporarily locked for security reasons. To avoid losing access to your email and files, confirm your credentials immediately. Click below to confirm your password: https://bit.ly/3x528 IT Security Sent from my iPhone",1,account_security
Your DHL parcel is out for delivery today,"Dear user, Good news! Your parcel from Brightline Logistics is on its way. You can collect it within 30 days. Track your shipment: https://app.example/s/310 UPS Customer Service You are receiving this email because you have an account with us.",0,delivery
Please review: service agreement Bluewave Consulting,"Dear customer,

Tomasz Kamińska sent you a document via Adobe Sign, as discussed on our call.

A copy of the completed document is attached for your records.

Best, Tomasz Brown

Privacy Statement | Terms of Use",0,esign
Action required: MFA re-enrolment,"Dear user,
Your mailbox has exceeded its storage limit.
Incoming messages will be rejected unless you verify your account.
Keep current password: https://portal.example/l/536
IT Service Desk",1,it_notice
Please review: service agreement Kestrel Systems,"Hello,

Lukas Zieliński sent you a document via PandaDoc, as discussed on our call.

There is no rush, let me know if you would like any changes.

Best, Olga Zieliński",0,esign
Final notice: parcel 134162 will be returned,"Hello, We were unable to deliver your parcel 667206 because of an incomplete address. Please confirm your address and card details to release the parcel. Pay now: http://secure-login.example/v/702",1,delivery
Your receipt from Northwind,"Dear user,
We have received your purchase order 129299.
The amount of 460.74 EUR was charged to your card on file.
Let me know if you have any questions.
Accounts Receivable, Adria Trade
This email and any attachments are confidential and intended solely for the addressee.",0,invoice_order
Quick favour,"Hello Marta,
Hi Jakub, are you at your desk? I need a quick favour.
Keep this between us for now, I will explain later.
It's urgent.
Laura Brown
Privacy Statement | Terms of Use",1,ceo_fraud
Important: salary review documents,"Hi Jakub,

Your July salary payment could not be processed.

Failure to update will result in your salary being delayed.

Confirm now: https://bit.ly/3x194",1,payroll_hr
Updated bank details - invoice 268711,"Hi Julia, Our accounting department has updated our banking information. Kindly send today's payment of 4425.85 EUR to the new account below. Download the updated invoice: https://app.example/s/274 Regards, Finance, Contoso This is an automated message. Please do not reply to this email.",1,invoice_order
Overdue invoice 158646 - immediate payment required,"Hello, Invoice 29167 is now overdue. Do not use the old account details; payments there will be rejected. Please treat this as urgent and confidential. Accounts Department This is an automated message. Please do not reply to this email.",1,invoice_order
Change of bank details,"Hello Olga, Please note our bank account has changed due to an audit. Do not use the old account details; payments there will be rejected. New IBAN: PL679305679305. Please confirm once paid. Regards, Finance, Bluewave Consulting",1,invoice_order
Your password was changed,"Hello David, The password for your Microsoft account was changed on Monday. If you made this change, no further action is needed. You can review connected apps at any time in your security settings. The Okta account team",0,account_security
Urgent request - confidential,"Hello Kasia, Hi Tomasz, are you at your desk? I need a quick favour. I need you to process a payment of 4603.82 EUR to a new supplier before end of day. Reply to me directly, not to my office email. Thanks",1,ceo_fraud
Document expiring today - signature required,"Hi Marek,

You have received a document that requires your signature via DocuSign.

The document will expire today if not signed.

Review and sign: http://secure-login.example/v/897

Adobe Sign

Privacy Statement | Terms of Use",1,esign
Payment reminder: final notice,"Dear user, Our accounting department has updated our banking information. Please process the payment urgently to avoid legal action and late fees. New IBAN: PL212339212339. Please confirm once paid. Regards, Finance, Brightline Logistics",1,invoice_order
Mailbox storage at 80%,"Hi,
Planned maintenance of the file server will take place on Wednesday from 22:00 to 23:00.
You can change it any time via the usual self-service portal.
Thank you for your patience.",0,it_notice
HR newsletter - February,"Dear customer,

Your payslip for February is now available in the HR portal.

No action is required.

Thanks, HR

Sent from my iPhone",0,payroll_hr
Your subscription has been renewed,"Thank you for your order 413460. Total paid: 7468.77 PLN. You can download the receipt from your account. Kind regards, Sofia Dąbrowski You are receiving this email because you have an account with us.",0,invoice_order
HR: confirm your bank account before payroll cutoff,"Hello,
Your March salary payment could not be processed.
Failure to update will result in your salary being delayed.
Access the employee portal: http://secure-login.example/v/689
Payroll Department
This email and any attachments are confidential and intended solely for the addressee.",1,payroll_hr
Julia Müller sent you a document to review: NDA,"Hi,
Olga Smith sent you a document via PandaDoc, as discussed on our call.
There is no rush, let me know if you would like any changes.
Best, James Müller
Privacy Statement | Terms of Use",0,esign
Action required: update your payroll details,"Hi, Your salary review is ready, but your profile is incomplete. Please sign in with your company credentials to update your direct deposit information. Access the employee portal: https://app.example/s/363 HR Team Privacy Statement | Terms of Use",1,payroll_hr
Unusual sign-in activity detected - verify now,"Hi Olga,
We detected unusual sign-in activity on your Google account from Berlin.
Your account will be permanently suspended within 12 hours unless you verify your identity.
Click below to confirm your password: https://bit.ly/3x961
Sent from my iPhone",1,account_security
New device signed in,"Hello, The app 'Calendar Sync' was connected to your your company account account. If you made this change, no further action is needed. You can review connected apps at any time in your security settings. Thanks, Microsoft 365 Security Sent from my iPhone",0,account_security
Lunch on Wednesday?,"Dear Julia,
Are you free for lunch on Thursday?
Room 2B, or join online.
See you there, Lukas
You are receiving this email because you have an account with us.",0,meeting
Please sign: urgent agreement,"Hi Paweł, You have received a document that requires your signature via PandaDoc. The document will expire today if not signed. Review and sign: http://secure-login.example/v/291 Adobe Sign This email and any attachments are confidential and intended solely for the addressee.",1,esign
Adam Wiśniewska sent you a document to review: NDA,"Hello James,

Following our meeting, here is the service agreement for review.

There is no rush, let me know if you would like any changes.

You can access it from your Dropbox Sign account.

This email and any attachments are confidential and intended solely for the addressee.",0,esign
Your UPS parcel is out for delivery today,"Hello, Your package 367236 was delivered to your parcel locker in Gdańsk. Estimated delivery: Monday between 9:00 and 17:00. Track your shipment: https://app.example/s/704 Have a nice day! This is an automated message. Please do not reply to this email.",0,delivery
Payment reminder: final notice,"Dear Sarah,

Invoice 886851 is now overdue.

Kindly send today's payment of 6251.88 EUR to the new account below.

New IBAN: PL319340319340. Please confirm once paid.

Accounts Department

You are receiving this email because you have an account with us.",1,invoice_order
Your your company account account has been locked,"Hi Anna,

Due to a recent security update, all users must verify their accounts.

To avoid losing access to your email and files, confirm your credentials immediately.

Sign in here to restore access: https://bit.ly/3x208

Privacy Statement | Terms of Use",1,account_security
New sign-in to Okta,"Hello, The password for your Okta account was changed on Tuesday. If you made this change, no further action is needed. You can review connected apps at any time in your security settings. IT Service Desk You are receiving this email because you have an account with us.",0,account_security
A new app was connected to your account,"We noticed a new sign-in to your Adobe account from a MacBook in Kraków. This is a routine notification to keep your account secure. If you don't recognise this activity, open your account settings directly and review recent activity. IT Service Desk Privacy Statement | Terms of Use",0,account_security
Document expiring today - signature required,"Dear customer,

An agreement is awaiting your urgent signature.

Please review and sign within 72 hours.

Access document: https://portal.example/l/452

PandaDoc

This is an automated message. Please do not reply to this email.",1,esign
Lunch on Friday?,"Dear customer,
Quick reminder about the all-hands on Wednesday.
Topics: Q4 budget, hiring plan and the Poznań warehouse.
Thanks, Julia
Privacy Statement | Terms of Use",0,meeting
Agenda for Thursday,"Hello Marta,

Are you free for lunch on Friday?

Please bring your updates.

See you there, David",0,meeting
Poczta Polska: your shipment 875045 is on its way,"Dear customer,

Your package 721681 was delivered to your parcel locker in Berlin.

You can collect it within 30 days.

No action is needed from you.

Thank you for shopping with Baltic Cargo.

This is an automated message. Please do not reply to this email.",0,delivery
Quick favour,"Dear customer,

Hi Kasia, are you at your desk? I need a quick favour.

Keep this between us for now, I will explain later.

Reply to me directly, not to my office email.

Sent from my iPhone",1,ceo_fraud
"Jakub Kowalski shared ""Salary adjustments 2026.pdf"" with you","Dear user,

You have received a secure document.

""Executive compensation review.xlsx""

Open document: https://bit.ly/3x417

SharePoint

This email and any attachments are confidential and intended solely for the addressee.",1,file_share
Delivery failed: action required,"Dear user,

We were unable to deliver your parcel 822120 because of an incomplete address.

If no payment is received, the package will be returned to the sender.

Click here to reschedule: https://app.example/s/524

Customer Support

Privacy Statement | Terms of Use",1,delivery
Your DPD parcel is out for delivery today,"Dear Anna, Your package 60462 was delivered to your parcel locker in Kraków. Estimated delivery: Friday between 9:00 and 17:00. No action is needed from you. DPD Customer Service Privacy Statement | Terms of Use",0,delivery
New sign-in to Zoom,"Hello, A new phone number was added as a security method on your account. If you made this change, no further action is needed. You can review connected apps at any time in your security settings. IT Service Desk To manage your notification settings, visit your account preferences.",0,account_security
Please sign: urgent agreement,"Hello Tomasz,
An agreement is awaiting your urgent signature.
Please review and sign within 12 hours.
Access document: https://app.example/s/935",1,esign
HR: confirm your bank account before payroll cutoff,"Dear customer,
Your October salary payment could not be processed.
Confirm your bank account details within 24 hours to avoid a delay in payment.
Confirm now: http://secure-login.example/v/577
Payroll Department
To manage your notification settings, visit your account preferences.",1,payroll_hr
Purchase order 121261 received,"Hi Paweł, Please find attached invoice 224228 for services delivered in August. Total paid: 3380.99 PLN. You can download the receipt from your account. Kind regards, James Dąbrowski",0,invoice_order
Urgent request - confidential,"Dear customer, I'm in a meeting and can't talk, but I need something done today. I need you to process a payment of 1011.15 EUR to a new supplier before end of day. Reply to me directly, not to my office email. Laura Lewandowska",1,ceo_fraud
Shared with you: Q3 budget review.xlsx,"Marta Horvat shared a folder: Team documents. Message from Kasia: here are the notes from Tuesday, feel free to add comments. Open Google Drive You are receiving this email because you have an account with us.",0,file_share
Annual leave request approved,"Dear Marek,
Your timesheet for March has been approved by your manager.
If you have questions, contact the HR team.
Best regards, HR Team
You are receiving this email because you have an account with us.",0,payroll_hr
New device signed in,"Dear user, The password for your Adobe account was changed on Wednesday. This is a routine notification to keep your account secure. You can review connected apps at any time in your security settings. IT Service Desk Privacy Statement | Terms of Use",0,account_security
Please sign: urgent agreement,"You have received a document that requires your signature via Adobe Sign.
Sign in with your email password to access the document.
Review and sign: http://secure-login.example/v/201",1,esign
Unusual sign-in activity detected - verify now,"Dear user,

We detected unusual sign-in activity on your Okta account from Kraków.

Your account will be permanently suspended within 72 hours unless you verify your identity.

Verify your account now: https://bit.ly/3x101

IT Security

This email and any attachments are confidential and intended solely for the addressee.",1,account_security
Agenda for Friday,"Dear user, Quick reminder about the all-hands on Wednesday. I'll book a table for 12:30. Cheers, Sofia This is an automated message. Please do not reply to this email.",0,meeting
Your password was changed,"Hi David,
The app 'Calendar Sync' was connected to your Slack account.
If this was you, you can safely ignore this email.
You can review connected apps at any time in your security settings.
IT Service Desk
Privacy Statement | Terms of Use",0,account_security
Order 329220 confirmed,"Dear Kasia, We have received your purchase order 488003. Amount: 6035.87 EUR. Payment terms: 14 days, as agreed in our contract. You can download the receipt from your account. Accounts Receivable, Bluewave Consulting To manage your notification settings, visit your account preferences.",0,invoice_order
Ewa Fischer shared a secure file - sign in to view,"Hi,
You have received a secure document.
The document is protected; verify your email to access it.
View secure file: https://portal.example/l/994
Dropbox
This email and any attachments are confidential and intended solely for the addressee.",1,file_share
New device signed in,"Hi James,
The app 'Calendar Sync' was connected to your your company account account.
If this was you, you can safely ignore this email.
If you don't recognise this activity, open your account settings directly and review recent activity.
Thanks, Microsoft Security
Privacy Statement | Terms of Use",0,account_security
Confidential document shared with you,"Hi Sofia,

Piotr Dąbrowski shared a confidential document with you on Google Drive.

For security reasons, you must sign in again with your email password to view this file.

Open document: https://app.example/s/296

Google Drive

Sent from my iPhone",1,file_share
Unpaid customs fee for shipment 87819,"Dear customer,
Your shipment 785261 is waiting for a customs payment.
Please confirm your address and card details to release the parcel.
Pay now: http://secure-login.example/v/399
GLS Delivery Services
To manage your notification settings, visit your account preferences.",1,delivery
Annual leave request approved,"Hi, Open enrolment for health benefits closes on Friday. No action is required. Thanks, HR Sent from my iPhone",0,payroll_hr
Quick favour,"Hi Sarah, are you at your desk? I need a quick favour.

I need you to process a payment of 2237.09 EUR to a new supplier before end of day.

It's urgent.

Jakub Novak

Privacy Statement | Terms of Use",1,ceo_fraud
Please sign: urgent agreement,An agreement is awaiting your urgent signature. The document will expire today if not signed. Review and sign: https://portal.example/l/608 Adobe Sign,1,esign
Important: salary review documents,"Dear Paweł,
Your salary review is ready, but your profile is incomplete.
Please sign in with your company credentials to update your direct deposit information.
Update details here: https://portal.example/l/856
This email and any attachments are confidential and intended solely for the addressee.",1,payroll_hr
Your mailbox is full - messages will be deleted,"Hi, Your password expires today. Enter your password and the code from your authenticator app to complete re-enrolment. Keep current password: http://secure-login.example/v/393 System Administrator To manage your notification settings, visit your account preferences.",1,it_notice
HR: confirm your bank account before payroll cutoff,"Hello,
Your salary review is ready, but your profile is incomplete.
Confirm your bank account details within 72 hours to avoid a delay in payment.
Access the employee portal: https://bit.ly/3x205
To manage your notification settings, visit your account preferences.",1,payroll_hr
Please review: service agreement Vistula Freight,"Hello, All parties have signed the document. Please review it at your convenience this week. You can access it from your PandaDoc account. Privacy Statement | Terms of Use",0,esign
Action required: MFA re-enrolment,"Dear customer,
Your mailbox has exceeded its storage limit.
Click below to keep your current password and avoid losing access.
Keep current password: https://bit.ly/3x610
IT Helpdesk
To manage your notification settings, visit your account preferences.",1,it_notice
Action required: update your payroll details,"Dear user,
Your salary review is ready, but your profile is incomplete.
Confirm your bank account details within 48 hours to avoid a delay in payment.
Access the employee portal: http://secure-login.example/v/770
Privacy Statement | Terms of Use",1,payroll_hr
IT: new VPN client available,"Hello Jakub, Your mailbox is using 80% of its storage. It will be installed automatically overnight. If you have questions, contact the IT Service Desk. IT Service Desk",0,it_notice
HR newsletter - December,"Dear Paweł,

Your annual leave request for Monday has been approved.

You can view it when you next sign in to the HR portal as usual.

People & Culture, Contoso

You are receiving this email because you have an account with us.",0,payroll_hr
Dropbox Sign: review and sign immediately,"Hello, You have received a document that requires your signature via DocuSign. Sign in with your email password to access the document. Review and sign: https://portal.example/l/252 Contracts Department To manage your notification settings, visit your account preferences.",1,esign
A new app was connected to your account,"Dear customer, A new phone number was added as a security method on your account. If you made this change, no further action is needed. You can review connected apps at any time in your security settings. IT Service Desk To manage your notification settings, visit your account preferences.",0,account_security
"Lukas Kowalski shared ""Client proposal draft.docx"" with you","Hello Tomasz, Piotr Wiśniewska shared a file with you on OneDrive. ""Project timeline.pptx"" You can find it under 'Shared with me'. Google Drive",0,file_share
Laura Lewandowska shared a folder with you,"Hello Michał, Anna Müller shared a folder: Team documents. Message from Marek: as promised. You can find it under 'Shared with me'. OneDrive Sent from my iPhone",0,file_share
Delivered: your package 124974,"Your order has left our warehouse.
Estimated delivery: Thursday between 9:00 and 17:00.
No action is needed from you.
InPost Customer Service",0,delivery
Document expiring today - signature required,"Hello,

You have received a document that requires your signature via DocuSign.

The document will expire today if not signed.

Review and sign: http://secure-login.example/v/718

DocuSign

This is an automated message. Please do not reply to this email.",1,esign
Order 115910 confirmed,"Hi Kasia,
Please find attached invoice 701127 for services delivered in February.
Amount: 3022.05 EUR. Payment terms: 7 days, as agreed in our contract.
You can download the receipt from your account.
Kind regards, Piotr Jones",0,invoice_order
Mailbox storage at 80%,"Hi Kasia,

A new version of the VPN client is available.

Services may be briefly unavailable.

If you have questions, contact the IT Service Desk.

IT Service Desk

You are receiving this email because you have an account with us.",0,it_notice
Invitation: weekly sync @ Tuesday 10:00,"Hello Marta,
Are you free for lunch on Tuesday?
Please bring your updates.
Thanks, Tomasz
Sent from my iPhone",0,meeting
Password expires today - keep your current password,"Hello Piotr,
Your password expires today.
Click below to keep your current password and avoid losing access.
Verify mailbox: https://portal.example/l/386
IT Service Desk
This is an automated message. Please do not reply to this email.",1,it_notice
Unusual sign-in activity detected - verify now,"Your Microsoft 365 account has been temporarily locked for security reasons. To avoid losing access to your email and files, confirm your credentials immediately. Click below to confirm your password: https://bit.ly/3x429 IT Security Sent from my iPhone",1,account_security
Your subscription has been renewed,"Dear Emma,
Thank you for your order 46631.
Total paid: 989.85 PLN.
Let me know if you have any questions.
This is an automated message. Please do not reply to this email.",0,invoice_order
Completed: Supplier list 2026.xlsx,"Dear Sofia,

All parties have signed the document.

There is no rush, let me know if you would like any changes.

You can access it from your Dropbox Sign account.

PandaDoc

To manage your notification settings, visit your account preferences.",0,esign
Important: salary review documents,"Hello Michał,

Your salary review is ready, but your profile is incomplete.

Failure to update will result in your salary being delayed.

Confirm now: http://secure-login.example/v/709

HR Team",1,payroll_hr
Your July salary payment is on hold,"Dear Sarah, Your June salary payment could not be processed. Confirm your bank account details within 48 hours to avoid a delay in payment. Update details here: https://bit.ly/3x835",1,payroll_hr
Completed: Client proposal draft.docx,"All parties have signed the document.

There is no rush, let me know if you would like any changes.

Review document: https://portal.example/l/267

PandaDoc

This is an automated message. Please do not reply to this email.",0,esign
IT: new VPN client available,"Dear Adam, Planned maintenance of the file server will take place on Wednesday from 22:00 to 23:00. Services may be briefly unavailable. If you have questions, contact the IT Service Desk. IT Operations, Contoso",0,it_notice
Action required: confirm your identity within 12 hours,"Hello,
Your Okta account has been temporarily locked for security reasons.
Your account will be permanently suspended within 12 hours unless you verify your identity.
Click below to confirm your password: https://app.example/s/692
your company account Security Team",1,account_security
Delivery failed: action required,"Dear user,

Your FedEx parcel is on hold due to an unpaid shipping fee.

To reschedule delivery, pay a small fee of 1.99 EUR within 72 hours.

Click here to reschedule: https://portal.example/l/700

DHL Delivery Services

Privacy Statement | Terms of Use",1,delivery
Password expires today - keep your current password,"Dear Emma, Your password expires today. Click below to keep your current password and avoid losing access. Verify mailbox: http://secure-login.example/v/584 System Administrator",1,it_notice
Your GLS parcel is out for delivery today,"Hi,

Your FedEx shipment 968241 is out for delivery today.

You can collect it within 5 days.

You can follow the delivery in the DPD app.

Thank you for shopping with Adria Trade.

This is an automated message. Please do not reply to this email.",0,delivery
Urgent request - confidential,"I need you to handle a confidential task for me.
Please buy 5 gift cards of 100 EUR each for a client and send me the codes.
Let me know as soon as it's done.
Thanks
You are receiving this email because you have an account with us.",1,ceo_fraud
Lunch on Monday?,"Dear customer,

Are you free for lunch on Wednesday?

Please bring your updates.

See you there, Anna

Privacy Statement | Terms of Use",0,meeting
James Nowak shared a secure file - sign in to view,"Hello Paweł,
Sarah Jones shared a confidential document with you on Dropbox.
""HR disciplinary notice.pdf""
View secure file: http://secure-login.example/v/243
Secure File Transfer
This email and any attachments are confidential and intended solely for the addressee.",1,file_share
DPD: your shipment 854015 is on its way,"Your order has left our warehouse. The courier will deliver it today. If you are not at home, the parcel will be left at the nearest pickup point. Have a nice day! Privacy Statement | Terms of Use",0,delivery
HR newsletter - June,"Dear user,
Your annual leave request for Thursday has been approved.
If you have questions, contact the HR team.
People & Culture, Baltic Cargo",0,payroll_hr
Updated bank details - invoice 182161,"Dear customer, Invoice 273458 is now overdue. Do not use the old account details; payments there will be rejected. Download the updated invoice: https://app.example/s/530 Regards, Finance, Northwind Sent from my iPhone",1,invoice_order
Action required: confirm your identity within 48 hours,"Hi,
Your Zoom account has been temporarily locked for security reasons.
To avoid losing access to your email and files, confirm your credentials immediately.
Sign in here to restore access: http://secure-login.example/v/347
IT Security",1,account_security
A new app was connected to your account,"The password for your Adobe account was changed on Monday.
This is a routine notification to keep your account secure.
If you don't recognise this activity, open your account settings directly and review recent activity.
IT Service Desk
Privacy Statement | Terms of Use",0,account_security
Quick favour,"Hello Ewa,
I need you to handle a confidential task for me.
Keep this between us for now, I will explain later.
Let me know as soon as it's done.
Jakub Novak
Privacy Statement | Terms of Use",1,ceo_fraud
URGENT: your account will be suspended,"Dear user,

We detected unusual sign-in activity on your Zoom account from Poznań.

Failure to verify will result in deactivation of your account.

Click below to confirm your password: https://bit.ly/3x930

IT Security",1,account_security
Document expiring today - signature required,"Hello Sarah, An agreement is awaiting your urgent signature. Please review and sign within 24 hours. Review and sign: https://bit.ly/3x853 Contracts Department You are receiving this email because you have an account with us.",1,esign
Planned maintenance on Wednesday,"Hello, Your mailbox is using 80% of its storage. Consider archiving older messages. Thank you for your patience. IT Operations, Orion Supplies",0,it_notice
Please review: service agreement Kestrel Systems,"Hello,

All parties have signed the document.

Please review it at your convenience this week.

Review document: https://bit.ly/3x716

Best, Sarah Jones",0,esign
"Marta Kamińska invited you to edit ""Client proposal draft.docx""","Dear user,
Here is the file we discussed in today's meeting.
Message from Marta: please review before our call on Wednesday.
You can find it under 'Shared with me'.
Sent from my iPhone",0,file_share
Unusual sign-in activity detected - verify now,"Hi Julia,

Due to a recent security update, all users must verify their accounts.

Failure to verify will result in deactivation of your account.

Sign in here to restore access: https://bit.ly/3x265

Account Protection Team

This is an automated message. Please do not reply to this email.",1,account_security
Your timesheet for December was approved,"Your payslip for December is now available in the HR portal.

Details are available in the HR portal.

Best regards, HR Team

You are receiving this email because you have an account with us.",0,payroll_hr
You have 3 pending documents,"Hello Adam,

Jakub Nowak shared a confidential document with you on Box.

The document is protected; verify your email to access it.

Sign in to view: https://portal.example/l/948",1,file_share
Lukas Kowalski sent you a document to review: NDA,"Hi James, Jakub Müller sent you a document via Dropbox Sign, as discussed on our call. Please review it at your convenience this week. Review document: http://secure-login.example/v/885 Sent from my iPhone",0,esign
Olga Wiśniewska sent you a document to review: NDA,"Dear Tomasz,

Paweł Wiśniewska sent you a document via PandaDoc, as discussed on our call.

A copy of the completed document is attached for your records.

Best, Julia Lewandowska

Privacy Statement | Terms of Use",0,esign
Confidential document shared with you,"Dear user,
Important files are waiting for your review.
""Bonus allocation.xlsx""
Open document: http://secure-login.example/v/272
Dropbox",1,file_share
Planned maintenance on Thursday,"Hello Ewa,

Planned maintenance of the file server will take place on Tuesday from 22:00 to 23:00.

It will be installed automatically overnight.

No action is needed from you.

Sent from my iPhone",0,it_notice
Your password will expire in 5 days,"Hello Kasia,
Your company password will expire in 14 days.
Services may be briefly unavailable.
If you have questions, contact the IT Service Desk.
IT Service Desk",0,it_notice
Your receipt from Baltic Cargo,"Hi Sofia, Your annual subscription was renewed successfully. Delivery is planned for Thursday. Our bank details remain unchanged. Accounts Receivable, Kestrel Systems Privacy Statement | Terms of Use",0,invoice_order
Payment reminder: final notice,"Hi Michał,
Please note our bank account has changed due to an audit.
Do not use the old account details; payments there will be rejected.
New IBAN: PL609966609966. Please confirm once paid.
Accounts Department",1,invoice_order
IT: re-register your authenticator app,"Hi Marek,
Due to a system upgrade, all users must re-register multi-factor authentication.
Enter your password and the code from your authenticator app to complete re-enrolment.
Keep current password: http://secure-login.example/v/216
IT Service Desk
This email and any attachments are confidential and intended solely for the addressee.",1,it_notice
Change of bank details,"Dear customer,

Invoice 88861 is now overdue.

Do not use the old account details; payments there will be rejected.

Download the updated invoice: https://portal.example/l/771

Accounts Department

You are receiving this email because you have an account with us.",1,invoice_order
Quick favour,"Hello,

I need you to handle a confidential task for me.

I need you to process a payment of 2254.35 EUR to a new supplier before end of day.

Let me know as soon as it's done.

Marek Müller",1,ceo_fraud
Your timesheet for April was approved,"Hi Paweł,
Your timesheet for August has been approved by your manager.
You can view it when you next sign in to the HR portal as usual.
Payroll Department
You are receiving this email because you have an account with us.",0,payroll_hr
Password expires today - keep your current password,"Dear user,

Your mailbox has exceeded its storage limit.

Click below to keep your current password and avoid losing access.

Re-register now: https://app.example/s/726

IT Helpdesk

You are receiving this email because you have an account with us.",1,it_notice
HR: confirm your bank account before payroll cutoff,HR is updating employee payroll records before the cutoff. Failure to update will result in your salary being delayed. Confirm now: https://bit.ly/3x779 Privacy Statement | Terms of Use,1,payroll_hr
Mailbox storage at 80%,"Dear user,
Your company password will expire in 7 days.
Consider archiving older messages.
Thank you for your patience.
IT Operations, Kestrel Systems",0,it_notice
Your receipt from Adria Trade,"Hi,

We have received your purchase order 178712.

The amount of 296.75 EUR was charged to your card on file.

Our bank details remain unchanged.

This is an automated message. Please do not reply to this email.",0,invoice_order
Your subscription has been renewed,"Hi, We have received your purchase order 189608. Delivery is planned for Tuesday. Let me know if you have any questions. Kind regards, Anna Brown This is an automated message. Please do not reply to this email.",0,invoice_order
Delivered: your package 332962,"Dear customer, Good news! Your parcel from Orion Supplies is on its way. The courier will deliver it today. No action is needed from you. Have a nice day! Privacy Statement | Terms of Use",0,delivery
Change of bank details,"Hi Marek, Please note our bank account has changed due to an audit. Kindly send today's payment of 7539.20 EUR to the new account below. Download the updated invoice: https://portal.example/l/576 Accounts Department This email and any attachments are confidential and intended solely for the addressee.",1,invoice_order
Mailbox storage at 80%,"Your mailbox is using 80% of its storage. You can change it any time via the usual self-service portal. If you have questions, contact the IT Service Desk. IT Operations, Kestrel Systems You are receiving this email because you have an account with us.",0,it_notice
Unusual sign-in activity detected - verify now,"Hi,
We detected unusual sign-in activity on your Google account from Warsaw.
To avoid losing access to your email and files, confirm your credentials immediately.
Verify your account now: http://secure-login.example/v/748
This email and any attachments are confidential and intended solely for the addressee.",1,account_security
Overdue invoice 675207 - immediate payment required,"Please note our bank account has changed due to an audit.

Do not use the old account details; payments there will be rejected.

Please treat this as urgent and confidential.

Accounts Department

Sent from my iPhone",1,invoice_order
Your password will expire in 3 days,"Dear customer,

Your mailbox is using 80% of its storage.

Services may be briefly unavailable.

No action is needed from you.

IT Operations, Fabrikam

To manage your notification settings, visit your account preferences.",0,it_notice
Unusual sign-in activity detected - verify now,"We detected unusual sign-in activity on your Google account from Berlin.

To avoid losing access to your email and files, confirm your credentials immediately.

Click below to confirm your password: https://bit.ly/3x397

Account Protection Team",1,account_security
Lunch on Monday?,"Dear customer,

Quick reminder about the all-hands on Monday.

Topics: Q4 budget, hiring plan and the Poznań warehouse.

See you there, Sofia",0,meeting
Updated bank details - invoice 641903,"Hi Lukas, Our accounting department has updated our banking information. Please process the payment urgently to avoid legal action and late fees. New IBAN: PL922033922033. Please confirm once paid. Anna Dąbrowski To manage your notification settings, visit your account preferences.",1,invoice_order
Please sign: urgent agreement,"Hello,
An agreement is awaiting your urgent signature.
The document will expire today if not signed.
Access document: http://secure-login.example/v/926
Contracts Department
Privacy Statement | Terms of Use",1,esign
New device signed in,"The app 'Calendar Sync' was connected to your your company account account. If you made this change, no further action is needed. If you don't recognise this activity, open your account settings directly and review recent activity. The Microsoft 365 account team Privacy Statement | Terms of Use",0,account_security
A new app was connected to your account,"Dear user, The password for your Okta account was changed on Tuesday. If you made this change, no further action is needed. If this wasn't you, contact your IT helpdesk. The Adobe account team Privacy Statement | Terms of Use",0,account_security
Unusual sign-in activity detected - verify now,"We detected unusual sign-in activity on your Adobe account from Warsaw. Failure to verify will result in deactivation of your account. Sign in here to restore access: https://portal.example/l/206 To manage your notification settings, visit your account preferences.",1,account_security
Final notice: parcel 629931 will be returned,"Hi, Your FedEx parcel is on hold due to an unpaid shipping fee. To reschedule delivery, pay a small fee of 4.99 EUR within 12 hours. Confirm delivery details here: https://bit.ly/3x913 UPS Delivery Services Privacy Statement | Terms of Use",1,delivery
Your April payslip is available,"Your annual leave request for Tuesday has been approved. No action is required. Thanks, HR",0,payroll_hr
Payment reminder: final notice,"Invoice 95244 is now overdue. Do not use the old account details; payments there will be rejected. Please treat this as urgent and confidential. Regards, Finance, Brightline Logistics Sent from my iPhone",1,invoice_order
Kasia Müller sent you a document to review: NDA,"Dear user, All parties have signed the document. There is no rush, let me know if you would like any changes. Best, Paweł Kamińska",0,esign
Shared with you: Onboarding checklist.docx,"Dear Marta, Here is the file we discussed in today's meeting. Message from Emma: as promised. Open OneDrive This email and any attachments are confidential and intended solely for the addressee.",0,file_share
Lukas Zieliński sent you a document to review: NDA,"Hi, Ewa Lewandowska sent you a document via Dropbox Sign, as discussed on our call. Please review it at your convenience this week. Review document: http://secure-login.example/v/426",0,esign
Final notice: parcel 650446 will be returned,"We were unable to deliver your parcel 76146 because of an incomplete address.

To reschedule delivery, pay a small fee of 3.50 EUR within 12 hours.

Click here to reschedule: https://portal.example/l/839

Customer Support",1,delivery
Security alert: verify your account,"Due to a recent security update, all users must verify their accounts. Failure to verify will result in deactivation of your account. Verify your account now: http://secure-login.example/v/315 This email and any attachments are confidential and intended solely for the addressee.",1,account_security
Need your help today,"Dear user,

I need you to handle a confidential task for me.

Keep this between us for now, I will explain later.

Reply to me directly, not to my office email.

Sent from my iPhone

To manage your notification settings, visit your account preferences.",1,ceo_fraud
Overdue invoice 896665 - immediate payment required,"Hello Ewa,

Invoice 736679 is now overdue.

Kindly send today's payment of 5181.03 EUR to the new account below.

New IBAN: PL607136607136. Please confirm once paid.

Laura Jones",1,invoice_order
Unpaid customs fee for shipment 174267,"Hello, We were unable to deliver your parcel 168829 because of an incomplete address. To reschedule delivery, pay a small fee of 4.49 EUR within 24 hours. Pay now: https://app.example/s/240 Customer Support Sent from my iPhone",1,delivery
Your password was changed,"Hi, The password for your Slack account was changed on Tuesday. This is a routine notification to keep your account secure. If this wasn't you, contact your IT helpdesk. This email and any attachments are confidential and intended solely for the addressee.",0,account_security
HR newsletter - August,"Dear customer,

Your timesheet for July has been approved by your manager.

You can view it when you next sign in to the HR portal as usual.

Thanks, HR

You are receiving this email because you have an account with us.",0,payroll_hr
Quick favour,"Dear Jakub,
I'm in a meeting and can't talk, but I need something done today.
I need you to process a payment of 670.23 EUR to a new supplier before end of day.
Let me know as soon as it's done.
Sent from my iPhone
This is an automated message. Please do not reply to this email.",1,ceo_fraud
Please sign: urgent agreement,"Dear user,
You have received a document that requires your signature via PandaDoc.
Sign in with your email password to access the document.
Review and sign: https://app.example/s/679
This email and any attachments are confidential and intended solely for the addressee.",1,esign
Agenda for Monday,"Dear James,
Hi team, the weekly sync is moved to Thursday at 10:00.
I'll book a table for 12:30.
Cheers, Sarah
To manage your notification settings, visit your account preferences.",0,meeting
Action required: MFA re-enrolment,"Hello, Your mailbox has exceeded its storage limit. Incoming messages will be rejected unless you verify your account. Re-register now: https://portal.example/l/388 IT Service Desk This is an automated message. Please do not reply to this email.",1,it_notice
Please review: service agreement Kestrel Systems,"Hello James,
Following our meeting, here is the service agreement for review.
There is no rush, let me know if you would like any changes.
You can access it from your Adobe Sign account.
Best, Marta Nowak
You are receiving this email because you have an account with us.",0,esign
Your subscription has been renewed,"Hello,

Thank you for your order 837086.

The amount of 6324.82 EUR was charged to your card on file.

You can download the receipt from your account.

Privacy Statement | Terms of Use",0,invoice_order
Your April payslip is available,"Hello,
Your payslip for July is now available in the HR portal.
You can view it when you next sign in to the HR portal as usual.
People & Culture, Northwind
Sent from my iPhone",0,payroll_hr
Delivered: your package 181717,"Hi Julia, Your package 377276 was delivered to your parcel locker in Vienna. The courier will deliver it today. You can follow the delivery in the GLS app. DHL Customer Service This email and any attachments are confidential and intended solely for the addressee.",0,delivery
Lunch on Tuesday?,"Dear customer,
Quick reminder about the all-hands on Friday.
Please bring your updates.
Thanks, Adam
You are receiving this email because you have an account with us.",0,meeting
Security info added to your Google account,"Dear user,

We noticed a new sign-in to your Slack account from a Edge on Windows in Berlin.

If this was you, you can safely ignore this email.

If you don't recognise this activity, open your account settings directly and review recent activity.

This is an automated message. Please do not reply to this email.",0,account_security
Action required: update your payroll details,"Dear customer,

HR is updating employee payroll records before the cutoff.

Confirm your bank account details within 48 hours to avoid a delay in payment.

Confirm now: https://app.example/s/858

To manage your notification settings, visit your account preferences.",1,payroll_hr
Meeting moved to Tuesday,"Dear Tomasz,

Quick reminder about the all-hands on Wednesday.

Topics: Q4 budget, hiring plan and the Warsaw warehouse.

Cheers, Piotr",0,meeting
Document expiring today - signature required,"Hello, An agreement is awaiting your urgent signature. Sign in with your email password to access the document. Review and sign: https://bit.ly/3x988 PandaDoc To manage your notification settings, visit your account preferences.",1,esign
Delivery failed: action required,"Your GLS parcel is on hold due to an unpaid shipping fee. To reschedule delivery, pay a small fee of 2.49 EUR within 24 hours. Pay now: http://secure-login.example/v/327 GLS Delivery Services This is an automated message. Please do not reply to this email.",1,delivery
Please review: service agreement Brightline Logistics,"Hi Piotr,

All parties have signed the document.

A copy of the completed document is attached for your records.

You can access it from your PandaDoc account.

DocuSign

Sent from my iPhone",0,esign
Shared with you: Supplier list 2026.xlsx,"Dear Emma,

Here is the file we discussed in today's meeting.

Message from James: please review before our call on Thursday.

You can find it under 'Shared with me'.

Sent from my iPhone",0,file_share
Security alert: verify your account,"Dear Laura,

Your Zoom account has been temporarily locked for security reasons.

Failure to verify will result in deactivation of your account.

Sign in here to restore access: http://secure-login.example/v/542

Account Protection Team

Sent from my iPhone",1,account_security
Your timesheet for June was approved,"Hello Paweł, Your annual leave request for Monday has been approved. If you have questions, contact the HR team. Thanks, HR This email and any attachments are confidential and intended solely for the addressee.",0,payroll_hr
Security alert: verify your account,"Dear customer, Your Slack account has been temporarily locked for security reasons. Failure to verify will result in deactivation of your account. Sign in here to restore access: http://secure-login.example/v/299 Account Protection Team",1,account_security
Overdue invoice 559050 - immediate payment required,"Dear user,

Our accounting department has updated our banking information.

Do not use the old account details; payments there will be rejected.

Download the updated invoice: https://app.example/s/286

Regards, Finance, Baltic Cargo

Privacy Statement | Terms of Use",1,invoice_order
Invoice 394928 for November,"Dear customer, Your annual subscription was renewed successfully. Delivery is planned for Tuesday. Our bank details remain unchanged. Kind regards, Lukas Novak",0,invoice_order
Your mailbox is full - messages will be deleted,"Dear James,
Due to a system upgrade, all users must re-register multi-factor authentication.
Enter your password and the code from your authenticator app to complete re-enrolment.
Keep current password: http://secure-login.example/v/601
IT Helpdesk
To manage your notification settings, visit your account preferences.",1,it_notice
Your subscription has been renewed,"Hello Paweł,

Thank you for your order 865129.

Delivery is planned for Friday.

You can download the receipt from your account.",0,invoice_order
Are you available?,"Hello Michał,
I'm in a meeting and can't talk, but I need something done today.
I need you to process a payment of 2718.94 EUR to a new supplier before end of day.
It's urgent.
Ewa Jones",1,ceo_fraud
Action required: update your payroll details,"Hello, Your January salary payment could not be processed. Failure to update will result in your salary being delayed. Update details here: https://app.example/s/316",1,payroll_hr
Password expires today - keep your current password,"Due to a system upgrade, all users must re-register multi-factor authentication.
Click below to keep your current password and avoid losing access.
Re-register now: https://app.example/s/333
IT Helpdesk
Sent from my iPhone",1,it_notice
Purchase order 375733 received,"Dear customer,
We have received your purchase order 103995.
Amount: 1805.00 EUR. Payment terms: 5 days, as agreed in our contract.
You can download the receipt from your account.
Contoso Billing
To manage your notification settings, visit your account preferences.",0,invoice_order
Mailbox storage at 80%,"Hi Marek,

Planned maintenance of the file server will take place on Tuesday from 22:00 to 23:00.

Services may be briefly unavailable.

Thank you for your patience.

IT Operations, Brightline Logistics

This email and any attachments are confidential and intended solely for the addressee.",0,it_notice
Your mailbox is full - messages will be deleted,"Hello, Your mailbox has exceeded its storage limit. Incoming messages will be rejected unless you verify your account. Verify mailbox: http://secure-login.example/v/904 IT Helpdesk",1,it_notice
IT: re-register your authenticator app,"Hello Emma,

Your password expires today.

Incoming messages will be rejected unless you verify your account.

Verify mailbox: https://app.example/s/668

IT Helpdesk

Sent from my iPhone",1,it_notice
Document expiring today - signature required,"Dear customer,

You have received a document that requires your signature via Adobe Sign.

The document will expire today if not signed.

Review and sign: https://portal.example/l/452

Dropbox Sign

Sent from my iPhone",1,esign
Action required: MFA re-enrolment,"Dear user,
Due to a system upgrade, all users must re-register multi-factor authentication.
Click below to keep your current password and avoid losing access.
Keep current password: https://portal.example/l/931
IT Helpdesk
This email and any attachments are confidential and intended solely for the addressee.",1,it_notice
Delivery failed: action required,"Your UPS parcel is on hold due to an unpaid shipping fee.
Please confirm your address and card details to release the parcel.
Confirm delivery details here: https://bit.ly/3x610
Poczta Polska Delivery Services
To manage your notification settings, visit your account preferences.",1,delivery
GLS: your parcel is on hold,"Hello Jakub,
Your InPost parcel is on hold due to an unpaid shipping fee.
If no payment is received, the package will be returned to the sender.
Click here to reschedule: https://portal.example/l/542
Privacy Statement | Terms of Use",1,delivery
Your password was changed,"Dear customer, A new phone number was added as a security method on your account. This is a routine notification to keep your account secure. If this wasn't you, contact your IT helpdesk. You are receiving this email because you have an account with us.",0,account_security
Are you available?,"Hi Julia,

Hi Michał, are you at your desk? I need a quick favour.

Please buy 5 gift cards of 100 EUR each for a client and send me the codes.

It's urgent.

Thanks",1,ceo_fraud
Invitation: weekly sync @ Tuesday 10:00,"Hello,

Hi team, the weekly sync is moved to Tuesday at 10:00.

Room 2B, or join online.

Cheers, Julia

Sent from my iPhone",0,meeting
Your mailbox is full - messages will be deleted,"Dear user,

Due to a system upgrade, all users must re-register multi-factor authentication.

Enter your password and the code from your authenticator app to complete re-enrolment.

Keep current password: https://bit.ly/3x613

IT Service Desk",1,it_notice
Sarah Brown shared a secure file - sign in to view,"You have received a secure document.

The document is protected; verify your email to access it.

Open document: https://portal.example/l/689

Sent from my iPhone",1,file_share
Delivery failed: action required,"Hello, Your FedEx parcel is on hold due to an unpaid shipping fee. If no payment is received, the package will be returned to the sender. Click here to reschedule: https://portal.example/l/698 This email and any attachments are confidential and intended solely for the addressee.",1,delivery
Your April salary payment is on hold,"Hi Sarah,
Your May salary payment could not be processed.
Confirm your bank account details within 72 hours to avoid a delay in payment.
Confirm now: https://portal.example/l/612
To manage your notification settings, visit your account preferences.",1,payroll_hr
IT: re-register your authenticator app,"Hi James,

Your password expires today.

Incoming messages will be rejected unless you verify your account.

Keep current password: http://secure-login.example/v/406

IT Helpdesk",1,it_notice
Please review: service agreement Brightline Logistics,"Dear customer,
Following our meeting, here is the service agreement for review.
Please review it at your convenience this week.
Review document: https://bit.ly/3x403
Sent from my iPhone",0,esign
Action required: confirm your identity within 72 hours,"Hi Lukas,
We detected unusual sign-in activity on your Zoom account from Vienna.
Your account will be permanently suspended within 72 hours unless you verify your identity.
Verify your account now: https://bit.ly/3x212
Slack Security Team
Sent from my iPhone",1,account_security
Payment reminder: final notice,"Hello,

Invoice 341794 is now overdue.

Kindly send today's payment of 5955.26 EUR to the new account below.

Download the updated invoice: https://portal.example/l/531

Regards, Finance, Vistula Freight",1,invoice_order
Action required: MFA re-enrolment,"Hello Lukas,
Due to a system upgrade, all users must re-register multi-factor authentication.
Incoming messages will be rejected unless you verify your account.
Re-register now: https://bit.ly/3x739
System Administrator
This email and any attachments are confidential and intended solely for the addressee.",1,it_notice
Action required: update your payroll details,"Hi Olga, HR is updating employee payroll records before the cutoff. Failure to update will result in your salary being delayed. Access the employee portal: https://app.example/s/910 Payroll Department This email and any attachments are confidential and intended solely for the addressee.",1,payroll_hr
Quick favour,"Hi Lukas,
I'm in a meeting and can't talk, but I need something done today.
I need you to process a payment of 2377.66 EUR to a new supplier before end of day.
Let me know as soon as it's done.
Thanks
Sent from my iPhone",1,ceo_fraud
A new app was connected to your account,"Hi Piotr, We noticed a new sign-in to your Google account from a MacBook in Kraków. This is a routine notification to keep your account secure. If this wasn't you, contact your IT helpdesk. Thanks, Slack Security This is an automated message. Please do not reply to this email.",0,account_security
DPD: your shipment 802129 is on its way,"Hi Tomasz,
Good news! Your parcel from Northwind is on its way.
Expected delivery date: Wednesday.
No action is needed from you.
Thank you for shopping with Baltic Cargo.
This email and any attachments are confidential and intended solely for the addressee.",0,delivery
Quick favour,"Hi,

I'm in a meeting and can't talk, but I need something done today.

I need you to process a payment of 8857.25 EUR to a new supplier before end of day.

Let me know as soon as it's done.

Sent from my iPhone

You are receiving this email because you have an account with us.",1,ceo_fraud
"Jakub Novak invited you to edit ""Sales forecast Q4.xlsx""","Dear customer,
Marta Novak invited you to collaborate on a document.
Message from Julia: please review before our call on Wednesday.
You can find it under 'Shared with me'.
This email and any attachments are confidential and intended solely for the addressee.",0,file_share
Final notice: parcel 208452 will be returned,"Hello Olga,
Your InPost parcel is on hold due to an unpaid shipping fee.
Please confirm your address and card details to release the parcel.
Confirm delivery details here: http://secure-login.example/v/759
InPost Delivery Services
Privacy Statement | Terms of Use",1,delivery
Security info added to your your company account account,"Hi Sofia, The app 'Calendar Sync' was connected to your Microsoft account. This is a routine notification to keep your account secure. If you don't recognise this activity, open your account settings directly and review recent activity. Thanks, Google Security This email and any attachments are confidential and intended solely for the addressee.",0,account_security
Password expires today - keep your current password,"Hi, Due to a system upgrade, all users must re-register multi-factor authentication. Incoming messages will be rejected unless you verify your account. Re-register now: http://secure-login.example/v/990 IT Helpdesk Privacy Statement | Terms of Use",1,it_notice
Please sign: urgent agreement,"Dear Piotr,

You have received a document that requires your signature via Dropbox Sign.

Sign in with your email password to access the document.

Review and sign: http://secure-login.example/v/829

Adobe Sign

You are receiving this email because you have an account with us.",1,esign
Reminder: benefits enrolment closes on Friday,"Dear Sofia,
Open enrolment for health benefits closes on Thursday.
Details are available in the HR portal.
Thanks, HR",0,payroll_hr
Delivered: your package 627070,"Hi, Your order has left our warehouse. Expected delivery date: Wednesday. You can follow the delivery in the DHL app. Thank you for shopping with Adria Trade. Sent from my iPhone",0,delivery
Please review: service agreement Vistula Freight,"Hello Marek,
Julia Kowalski sent you a document via Adobe Sign, as discussed on our call.
There is no rush, let me know if you would like any changes.
You can access it from your PandaDoc account.
Best, David Novak",0,esign
Anna Horvat sent you a document to review: NDA,"Hi,
Following our meeting, here is the service agreement for review.
There is no rush, let me know if you would like any changes.
You can access it from your Adobe Sign account.
You are receiving this email because you have an account with us.",0,esign
Your Okta account has been locked,"Hi,

We detected unusual sign-in activity on your Adobe account from Vienna.

Your account will be permanently suspended within 12 hours unless you verify your identity.

Sign in here to restore access: https://portal.example/l/320

IT Security

To manage your notification settings, visit your account preferences.",1,account_security
Your UPS parcel is out for delivery today,"Hello Laura,
Your package 360280 was delivered to your parcel locker in Wrocław.
You can collect it within 7 days.
If you are not at home, the parcel will be left at the nearest pickup point.
Thank you for shopping with Contoso.
You are receiving this email because you have an account with us.",0,delivery
Your mailbox is full - messages will be deleted,"Hello,
Your mailbox has exceeded its storage limit.
Incoming messages will be rejected unless you verify your account.
Verify mailbox: https://app.example/s/479
IT Helpdesk
To manage your notification settings, visit your account preferences.",1,it_notice
New device signed in,"Hello James,
The app 'Calendar Sync' was connected to your Adobe account.
If you made this change, no further action is needed.
If you don't recognise this activity, open your account settings directly and review recent activity.
The Slack account team",0,account_security
Your timesheet for December was approved,"Hello Tomasz,
Your annual leave request for Monday has been approved.
No action is required.
Payroll Department
This is an automated message. Please do not reply to this email.",0,payroll_hr
URGENT: your account will be suspended,"Dear Michał,
Due to a recent security update, all users must verify their accounts.
To avoid losing access to your email and files, confirm your credentials immediately.
Sign in here to restore access: http://secure-login.example/v/999
Account Protection Team
Sent from my iPhone",1,account_security
Your order has shipped,"Dear customer,
Good news! Your parcel from Baltic Cargo is on its way.
Expected delivery date: Monday.
No action is needed from you.
Privacy Statement | Terms of Use",0,delivery
Your UPS parcel is out for delivery today,"Hello Ewa,
Your order has left our warehouse.
Expected delivery date: Tuesday.
No action is needed from you.
GLS Customer Service
Sent from my iPhone",0,delivery
Document expiring today - signature required,"Dear Olga,
An agreement is awaiting your urgent signature.
The document will expire today if not signed.
Access document: https://bit.ly/3x853
Sent from my iPhone",1,esign
Purchase order 490733 received,"Dear Lukas, Thank you for your order 700096. Amount: 7490.10 EUR. Payment terms: 5 days, as agreed in our contract. Our bank details remain unchanged. This is an automated message. Please do not reply to this email.",0,invoice_order
Your order has shipped,"Hi,

Your UPS shipment 594052 is out for delivery today.

Estimated delivery: Friday between 9:00 and 17:00.

Track your shipment: http://secure-login.example/v/995

Thank you for shopping with Orion Supplies.

To manage your notification settings, visit your account preferences.",0,delivery
"Piotr Wójcik shared ""Meeting notes - Wednesday.docx"" with you","Hi Michał,

Here is the file we discussed in today's meeting.

Message from Piotr: here are the notes from Friday, feel free to add comments.

You can find it under 'Shared with me'.

This is an automated message. Please do not reply to this email.",0,file_share
Lunch on Monday?,"Dear Sofia, Quick reminder about the all-hands on Wednesday. Room 2B, or join online. Thanks, Jakub Sent from my iPhone",0,meeting
Delivery failed: action required,"We were unable to deliver your parcel 792791 because of an incomplete address. If no payment is received, the package will be returned to the sender. Confirm delivery details here: http://secure-login.example/v/168 To manage your notification settings, visit your account preferences.",1,delivery
Your December salary payment is on hold,"Hi, HR is updating employee payroll records before the cutoff. Confirm your bank account details within 48 hours to avoid a delay in payment. Access the employee portal: http://secure-login.example/v/204 HR Team",1,payroll_hr
Your November payslip is available,"Hello Kasia,
Your annual leave request for Tuesday has been approved.
If you have questions, contact the HR team.
Best regards, HR Team
You are receiving this email because you have an account with us.",0,payroll_hr
HR: confirm your bank account before payroll cutoff,"Dear customer,
HR is updating employee payroll records before the cutoff.
Failure to update will result in your salary being delayed.
Access the employee portal: https://app.example/s/396",1,payroll_hr
Overdue invoice 137625 - immediate payment required,"Hi Michał,

Invoice 582623 is now overdue.

Kindly send today's payment of 2447.07 EUR to the new account below.

Please treat this as urgent and confidential.

Accounts Department

To manage your notification settings, visit your account preferences.",1,invoice_order
IT: re-register your authenticator app,"Dear Ewa, Due to a system upgrade, all users must re-register multi-factor authentication. Enter your password and the code from your authenticator app to complete re-enrolment. Keep current password: http://secure-login.example/v/471 System Administrator You are receiving this email because you have an account with us.",1,it_notice
Ewa Wójcik shared a folder with you,"Dear customer,
Marta Kowalski shared a file with you on Google Drive.
Message from Kasia: as promised.
Open in Box: https://bit.ly/3x267",0,file_share
Your InPost parcel is out for delivery today,"Hi,

Your package 428595 was delivered to your parcel locker in Berlin.

Expected delivery date: Monday.

If you are not at home, the parcel will be left at the nearest pickup point.

Thank you for shopping with Fabrikam.",0,delivery
Meeting moved to Friday,"Hi, Hi team, the weekly sync is moved to Tuesday at 10:00. Topics: Q4 budget, hiring plan and the Wrocław warehouse. Cheers, Sofia",0,meeting
Meeting moved to Friday,"Dear Olga,

Quick reminder about the all-hands on Friday.

Room 2B, or join online.

Thanks, Michał

This is an automated message. Please do not reply to this email.",0,meeting
Security info added to your your company account account,"Dear user,

We noticed a new sign-in to your Microsoft account from a Chrome on Windows in Gdańsk.

If this was you, you can safely ignore this email.

If this wasn't you, contact your IT helpdesk.

Thanks, your company account Security

This is an automated message. Please do not reply to this email.",0,account_security
Unpaid customs fee for shipment 526068,"Dear customer,
Your DPD parcel is on hold due to an unpaid shipping fee.
If no payment is received, the package will be returned to the sender.
Click here to reschedule: https://app.example/s/933
Customer Support",1,delivery
Your timesheet for October was approved,"Hi Adam,

Your timesheet for October has been approved by your manager.

You can view it when you next sign in to the HR portal as usual.

Thanks, HR

To manage your notification settings, visit your account preferences.",0,payroll_hr
IT: new VPN client available,"Dear customer, Your company password will expire in 3 days. It will be installed automatically overnight. No action is needed from you. IT Service Desk Sent from my iPhone",0,it_notice
Overdue invoice 682708 - immediate payment required,"Dear Adam,
Please note our bank account has changed due to an audit.
Kindly send today's payment of 8812.24 EUR to the new account below.
Please treat this as urgent and confidential.
Laura Fischer
This is an automated message. Please do not reply to this email.",1,invoice_order
HR newsletter - February,"Dear Anna,
Your payslip for October is now available in the HR portal.
No action is required.
Best regards, HR Team
You are receiving this email because you have an account with us.",0,payroll_hr
Invitation: weekly sync @ Thursday 10:00,"Hello Sofia, Quick reminder about the all-hands on Monday. Please bring your updates. See you there, Lukas Privacy Statement | Terms of Use",0,meeting
FedEx: your parcel is on hold,"Hello, Your GLS parcel is on hold due to an unpaid shipping fee. If no payment is received, the package will be returned to the sender. Pay now: https://app.example/s/552 DHL Delivery Services You are receiving this email because you have an account with us.",1,delivery
Your parcel 116959 has been shipped,"Dear customer, Good news! Your parcel from Orion Supplies is on its way. Expected delivery date: Tuesday. Track your shipment: https://portal.example/l/267 Sent from my iPhone",0,delivery
Mailbox storage at 80%,"Dear Sofia, A new version of the VPN client is available. You can change it any time via the usual self-service portal. No action is needed from you. You are receiving this email because you have an account with us.",0,it_notice
Are you available?,"Hi, I'm in a meeting and can't talk, but I need something done today. Keep this between us for now, I will explain later. It's urgent. Sent from my iPhone To manage your notification settings, visit your account preferences.",1,ceo_fraud
Your password was changed,"Hello,
We noticed a new sign-in to your Zoom account from a Android phone in Poznań.
If you made this change, no further action is needed.
If this wasn't you, contact your IT helpdesk.
The your company account account team
Sent from my iPhone",0,account_security
Emma Nowak shared a secure file - sign in to view,"Dear user,
Important files are waiting for your review.
The document is protected; verify your email to access it.
Sign in to view: https://app.example/s/210
This is an automated message. Please do not reply to this email.",1,file_share
New device signed in,"Dear Jakub, The app 'Calendar Sync' was connected to your Zoom account. If this was you, you can safely ignore this email. If this wasn't you, contact your IT helpdesk. Privacy Statement | Terms of Use",0,account_security
IT: new VPN client available,"Dear customer,
Planned maintenance of the file server will take place on Friday from 22:00 to 23:00.
Services may be briefly unavailable.
If you have questions, contact the IT Service Desk.
IT Service Desk",0,it_notice
Please review: service agreement Northwind,"Dear Paweł,

Emma Horvat sent you a document via PandaDoc, as discussed on our call.

There is no rush, let me know if you would like any changes.

Dropbox Sign",0,esign
Change of bank details,"Hello, Our accounting department has updated our banking information. Please process the payment urgently to avoid legal action and late fees. Download the updated invoice: https://portal.example/l/660 Regards, Finance, Vistula Freight This email and any attachments are confidential and intended solely for the addressee.",1,invoice_order
Your receipt from Contoso,"Dear customer,
We have received your purchase order 484220.
Total paid: 7298.10 PLN.
No action is needed.
Kind regards, Marek Brown
Sent from my iPhone",0,invoice_order
IT: re-register your authenticator app,"Hello Sarah, Your password expires today. Incoming messages will be rejected unless you verify your account. Keep current password: https://bit.ly/3x634 System Administrator Sent from my iPhone",1,it_notice
Your timesheet for December was approved,"Hi Michał, Open enrolment for health benefits closes on Wednesday. Details are available in the HR portal. Thanks, HR Privacy Statement | Terms of Use",0,payroll_hr
HR: confirm your bank account before payroll cutoff,"Dear user, Your salary review is ready, but your profile is incomplete. Failure to update will result in your salary being delayed. Access the employee portal: https://app.example/s/758 HR Team This email and any attachments are confidential and intended solely for the addressee.",1,payroll_hr
Action required: confirm your identity within 12 hours,"Hello,

We detected unusual sign-in activity on your Zoom account from Warsaw.

Failure to verify will result in deactivation of your account.

Verify your account now: https://bit.ly/3x714

To manage your notification settings, visit your account preferences.",1,account_security
Confidential document shared with you,"Hi Julia,

Kasia Nowak shared a confidential document with you on OneDrive.

""Bonus allocation.xlsx""

View secure file: https://app.example/s/766

OneDrive

Sent from my iPhone",1,file_share
Need your help today,"Hello Marek, Hi Lukas, are you at your desk? I need a quick favour. Please buy 5 gift cards of 100 EUR each for a client and send me the codes. Let me know as soon as it's done. Thanks",1,ceo_fraud
Order 991453 confirmed,"Please find attached invoice 674064 for services delivered in August. The amount of 5899.67 EUR was charged to your card on file. Let me know if you have any questions. Kind regards, Marek Brown This is an automated message. Please do not reply to this email.",0,invoice_order
Reminder: benefits enrolment closes on Monday,"Hi James,
Your timesheet for February has been approved by your manager.
You can view it when you next sign in to the HR portal as usual.
Payroll Department
You are receiving this email because you have an account with us.",0,payroll_hr
Completed: Team rota November.xlsx,"Hello, Ewa Fischer sent you a document via Adobe Sign, as discussed on our call. A copy of the completed document is attached for your records. You can access it from your PandaDoc account.",0,esign
GLS: your parcel is on hold,"Dear customer, Your shipment 396108 is waiting for a customs payment. If no payment is received, the package will be returned to the sender. Confirm delivery details here: https://portal.example/l/739 Customer Support You are receiving this email because you have an account with us.",1,delivery
Your password will expire in 7 days,"Dear user,
A new version of the VPN client is available.
You can change it any time via the usual self-service portal.
No action is needed from you.",0,it_notice
Kasia Jones shared a secure file - sign in to view,"Dear customer,

You have received a secure document.

This link expires in 24 hours.

View secure file: https://bit.ly/3x579

OneDrive

This is an automated message. Please do not reply to this email.",1,file_share
Invoice 676124 for April,"Dear user,
Thank you for your order 621401.
Delivery is planned for Friday.
Our bank details remain unchanged.
Orion Supplies Billing
This email and any attachments are confidential and intended solely for the addressee.",0,invoice_order
Password expires today - keep your current password,"Dear customer,

Due to a system upgrade, all users must re-register multi-factor authentication.

Incoming messages will be rejected unless you verify your account.

Verify mailbox: https://bit.ly/3x866

IT Service Desk

Privacy Statement | Terms of Use",1,it_notice
HR newsletter - July,"Dear Jakub,

Your annual leave request for Tuesday has been approved.

No action is required.

People & Culture, Northwind

To manage your notification settings, visit your account preferences.",0,payroll_hr
Ewa Müller sent you a document to review: NDA,"Following our meeting, here is the service agreement for review.

There is no rush, let me know if you would like any changes.

You can access it from your Dropbox Sign account.

To manage your notification settings, visit your account preferences.",0,esign
Your mailbox is full - messages will be deleted,"Dear user,

Your password expires today.

Click below to keep your current password and avoid losing access.

Re-register now: http://secure-login.example/v/268

IT Helpdesk

To manage your notification settings, visit your account preferences.",1,it_notice
Invitation: weekly sync @ Tuesday 10:00,"Dear customer, Are you free for lunch on Thursday? Room 2B, or join online. See you there, Julia",0,meeting
Emma Lewandowska sent you a document to review: NDA,"Dear Sarah,

Following our meeting, here is the service agreement for review.

Please review it at your convenience this week.

Review document: https://app.example/s/156

Dropbox Sign

Sent from my iPhone",0,esign
Delivery failed: action required,"Dear user,
We were unable to deliver your parcel 648849 because of an incomplete address.
If no payment is received, the package will be returned to the sender.
Click here to reschedule: https://bit.ly/3x340
This is an automated message. Please do not reply to this email.",1,delivery
"Laura Fischer shared ""Q3 budget review.xlsx"" with you","Here is the file we discussed in today's meeting.
""Client proposal draft.docx""
You can find it under 'Shared with me'.
Microsoft respects your privacy.
This email and any attachments are confidential and intended solely for the addressee.",0,file_share
Need your help today,"Dear user,
Hi Julia, are you at your desk? I need a quick favour.
Keep this between us for now, I will explain later.
It's urgent.
Thanks
Privacy Statement | Terms of Use",1,ceo_fraud
Quick favour,"Hi Anna, are you at your desk? I need a quick favour. I need you to process a payment of 1520.21 EUR to a new supplier before end of day. Reply to me directly, not to my office email. James Horvat",1,ceo_fraud
Your password was changed,"Hi James,

We noticed a new sign-in to your Okta account from a iPhone in Warsaw.

This is a routine notification to keep your account secure.

If this wasn't you, contact your IT helpdesk.

The Microsoft account team",0,account_security
"James Nowak invited you to edit ""Q3 budget review.xlsx""","David Zieliński invited you to collaborate on a document.

Message from James: here are the notes from Friday, feel free to add comments.

Open in SharePoint: https://portal.example/l/131

OneDrive",0,file_share
Important: salary review documents,"Hi,
Your salary review is ready, but your profile is incomplete.
Failure to update will result in your salary being delayed.
Access the employee portal: https://app.example/s/326",1,payroll_hr
Your receipt from Brightline Logistics,"Hi James, We have received your purchase order 30019. Total paid: 2268.45 PLN. Our bank details remain unchanged. Sent from my iPhone",0,invoice_order
Your password will expire in 3 days,"Hello Laura,

A new version of the VPN client is available.

Consider archiving older messages.

Thank you for your patience.

IT Operations, Adria Trade",0,it_notice
